counter,red_count,blue_count,total_count,average_radiation_level,total_radiation_level
0,0,0,0,0,0
1,0,0,0,0,0
2,0,0,0,0,0
3,0,0,0,0,0
4,0,0,0,0,0
5,0,0,0,0,0
6,0,0,0,0,0
7,0,0,0,0,0
8,0,0,0,0,0
9,0,0,0,0,0
10,0,0,0,0,0
11,0,0,0,0,0
12,0,0,0,0,0
13,0,0,0,0,0
14,0,0,0,0,0
15,0,0,0,0,0
16,0,0,0,0,0
17,0,0,0,0,0
18,0,0,0,0,0
19,0,0,0,0,0
20,0,0,0,0,0
21,0,0,0,0,0
22,0,0,0,0,0
23,0,0,0,0,0
24,0,0,0,0,0
25,0,0,0,0,0
26,0,0,0,0,0
27,0,0,0,0,0
28,0,0,0,0,0
29,0,0,0,0,0
30,0,0,0,0,0
31,0,0,0,0,0
32,0,0,0,0,0
33,0,0,0,0,0
34,0,0,0,0,0
35,0,0,0,0,0
36,0,0,0,0,0
37,0,0,0,0,0
38,0,0,0,0,0
39,0,0,0,0,0
40,0,0,0,0,0
41,0,0,0,0,0
42,0,0,0,0,0
43,0,0,0,0,0
44,0,0,0,0,0
45,0,0,0,0,0
46,0,0,0,0,0
47,0,0,0,0,0
48,0,0,0,0,0
49,0,0,0,0,0
50,0,0,0,0,0
51,0,0,0,0,0
52,0,0,0,0,0
53,0,0,0,0,0
54,0,0,0,0,0
55,0,0,0,0,0
56,0,0,0,0,0
57,0,0,0,0,0
58,0,0,0,0,0
59,0,0,0,0,0
60,0,0,0,0,0
61,0,0,0,0,0
62,0,0,0,0,0
63,0,0,0,0,0
64,0,0,0,0,0
65,0,0,0,0,0
66,0,0,0,0,0
67,0,0,0,0,0
68,0,0,0,0,0
69,0,0,0,0,0
70,0,0,0,0,0
71,0,0,0,0,0
72,0,0,0,0,0
73,0,0,0,0,0
74,0,0,0,0,0
75,0,0,0,0,0
76,0,0,0,0,0
77,0,0,0,0,0
78,0,0,0,0,0
79,0,0,0,0,0
80,0,0,0,0,0
81,0,0,0,0,0
82,0,0,0,0,0
83,0,0,0,0,0
84,0,0,0,0,0
85,0,0,0,0,0
86,0,0,0,0,0
87,0,0,0,0,0
88,0,0,0,0,0
89,0,0,0,0,0
90,0,0,0,0,0
91,0,0,0,0,0
92,0,0,0,0,0
93,0,0,0,0,0
94,0,0,0,0,0
95,0,0,0,0,0
96,0,0,0,0,0
97,0,0,0,0,0
98,0,0,0,0,0
99,0,0,0,0,0
100,0,0,0,0,0
101,0,0,0,0,0
102,0,0,0,0,0
103,0,0,0,0,0
104,0,0,0,0,0
105,0,0,0,0,0
106,0,0,0,0,0
107,0,0,0,0,0
108,0,0,0,0,0
109,0,0,0,0,0
110,0,0,0,0,0
111,0,0,0,0,0
112,0,0,0,0,0
113,0,0,0,0,0
114,0,0,0,0,0
115,0,0,0,0,0
116,0,0,0,0,0
117,0,0,0,0,0
118,0,0,0,0,0
119,0,0,0,0,0
120,0,0,0,0,0
121,0,0,0,0,0
122,0,0,0,0,0
123,0,0,0,0,0
124,0,0,0,0,0
125,0,0,0,0,0
126,0,0,0,0,0
127,0,0,0,0,0
128,0,0,0,0,0
129,0,0,0,1.0,1
130,0,0,0,2.0,2
131,0,0,0,3.0,3
132,0,0,0,4.0,4
133,0,0,0,5.0,5
134,0,0,0,6.0,6
135,0,0,0,7.0,7
136,0,0,0,8.0,8
137,0,0,0,9.0,9
138,0,0,0,10.0,10
139,0,0,0,11.0,11
140,0,0,0,12.0,12
141,0,0,0,13.0,13
142,0,0,0,14.0,14
143,0,0,0,15.0,15
144,0,0,0,16.0,16
145,0,0,0,17.0,17
146,0,0,0,18.0,18
147,0,0,0,19.0,19
148,0,0,0,20.0,20
149,0,0,0,21.0,21
150,0,0,0,22.0,22
151,0,0,0,23.0,23
152,0,0,0,24.0,24
153,0,0,0,25.0,25
154,0,0,0,26.0,26
155,0,0,0,27.0,27
156,0,0,0,28.0,28
157,0,0,0,29.0,29
158,0,0,0,30.0,30
159,0,0,0,31.0,31
160,0,0,0,32.0,32
161,0,0,0,33.0,33
162,0,0,0,34.0,34
163,0,0,0,35.0,35
164,0,0,0,36.0,36
165,0,0,0,37.0,37
166,0,0,0,38.0,38
167,0,0,0,39.0,39
168,0,0,0,40.0,40
169,0,0,0,41.0,41
170,0,0,0,42.0,42
171,0,0,0,43.0,43
172,0,0,0,44.0,44
173,0,0,0,45.0,45
174,0,0,0,46.0,46
175,0,0,0,47.0,47
176,0,0,0,48.0,48
177,0,0,0,49.0,49
178,0,0,0,50.0,50
179,0,0,0,51.0,51
180,0,0,0,52.0,52
181,0,0,0,53.0,53
182,0,0,0,54.0,54
183,0,0,0,55.0,55
184,0,0,0,56.0,56
185,0,0,0,57.0,57
186,0,0,0,58.0,58
187,0,0,0,59.0,59
188,0,0,0,60.0,60
189,0,0,0,61.0,61
190,0,0,0,62.0,62
191,0,0,0,63.0,63
192,0,0,0,64.0,64
193,0,0,0,65.0,65
194,0,0,0,66.0,66
195,0,0,0,67.0,67
196,0,0,0,68.0,68
197,0,0,0,69.0,69
198,0,0,0,70.0,70
199,0,0,0,71.0,71
200,0,0,0,72.0,72
201,0,0,0,73.0,73
202,0,0,0,74.0,74
203,0,0,0,75.0,75
204,0,0,0,76.0,76
205,0,0,0,77.0,77
206,0,0,0,78.0,78
207,0,0,0,79.0,79
208,0,0,0,80.0,80
209,0,0,0,81.0,81
210,0,0,0,82.0,82
211,0,0,0,83.0,83
212,0,0,0,84.0,84
213,0,0,0,85.0,85
214,0,0,0,86.0,86
215,0,0,0,87.0,87
216,0,0,0,88.0,88
217,0,0,0,89.0,89
218,0,0,0,90.0,90
219,0,0,0,91.0,91
220,0,0,0,92.0,92
221,0,0,0,93.0,93
222,0,0,0,94.0,94
223,1,0,1,95.0,95
224,1,0,1,95.0,95
225,1,0,1,95.0,95
226,1,0,1,95.0,95
227,1,0,1,95.0,95
228,1,0,1,95.0,95
229,1,0,1,95.0,95
230,1,0,1,95.0,95
231,1,0,1,95.0,95
232,1,0,1,95.0,95
233,1,0,1,95.0,95
234,1,0,1,95.0,95
235,1,0,1,95.0,95
236,1,0,1,95.0,95
237,1,0,1,95.0,95
238,1,0,1,95.0,95
239,1,0,1,95.0,95
240,1,0,1,95.0,95
241,1,0,1,95.0,95
242,1,0,1,95.0,95
243,1,0,1,95.0,95
244,1,0,1,95.0,95
245,1,0,1,95.0,95
246,1,0,1,95.0,95
247,1,0,1,95.0,95
248,1,0,1,95.0,95
249,1,0,1,95.0,95
250,1,0,1,95.0,95
251,1,0,1,95.0,95
252,1,0,1,95.0,95
253,1,0,1,95.0,95
254,1,0,1,95.0,95
255,1,0,1,95.0,95
256,1,0,1,95.0,95
257,1,0,1,95.0,95
258,1,0,1,95.0,95
259,1,0,1,95.0,95
260,1,0,1,95.0,95
261,1,0,1,95.0,95
262,1,0,1,95.0,95
263,1,0,1,95.0,95
264,1,0,1,95.0,95
265,1,0,1,95.0,95
266,1,0,1,95.0,95
267,1,0,1,95.0,95
268,1,0,1,0.0,0
269,1,0,1,0.0,0
270,1,0,1,0.0,0
271,1,0,1,0.0,0
272,1,0,1,0.0,0
273,1,0,1,0.0,0
274,1,0,1,0.0,0
275,1,0,1,0.0,0
276,1,0,1,0.0,0
277,1,0,1,0.0,0
278,1,0,1,0.0,0
279,1,0,1,0.0,0
280,1,0,1,0.0,0
281,1,0,1,0.0,0
282,1,0,1,0.0,0
283,1,0,1,0.0,0
284,1,0,1,0.0,0
285,1,0,1,0.0,0
286,1,0,1,0.0,0
287,1,0,1,0.0,0
288,1,0,1,0.0,0
289,1,0,1,0.0,0
290,1,0,1,0.0,0
291,1,0,1,0.0,0
292,1,0,1,0.0,0
293,1,0,1,0.0,0
294,1,0,1,0.0,0
295,1,0,1,0.0,0
296,1,0,1,0.0,0
297,1,0,1,0.0,0
298,1,0,1,0.0,0
299,1,0,1,0.0,0
300,1,0,1,0.0,0
301,1,0,1,0.0,0
302,1,0,1,0.0,0
303,1,0,1,0.0,0
304,1,0,1,0.0,0
305,1,0,1,0.0,0
306,1,0,1,0.0,0
307,1,0,1,0.0,0
308,1,0,1,0.0,0
309,1,0,1,0.0,0
310,1,0,1,0.0,0
311,1,0,1,0.0,0
312,1,0,1,0.0,0
313,1,0,1,0.0,0
314,1,0,1,0.0,0
315,1,0,1,0.0,0
316,1,0,1,0.0,0
317,1,0,1,0.0,0
318,1,0,1,0.0,0
319,1,0,1,0.0,0
320,1,0,1,0.0,0
321,1,0,1,0.0,0
322,1,0,1,0.0,0
323,1,0,1,0.0,0
324,1,0,1,0.0,0
325,1,0,1,0.0,0
326,1,0,1,0.0,0
327,1,0,1,0.0,0
328,1,0,1,0.0,0
329,1,0,1,0.0,0
330,1,0,1,0.0,0
331,1,0,1,0.0,0
332,1,0,1,0.0,0
333,1,0,1,0.0,0
334,1,0,1,0.0,0
335,1,0,1,0.0,0
336,1,0,1,0.0,0
337,1,0,1,0.0,0
338,1,0,1,0.0,0
339,1,0,1,0.0,0
340,1,0,1,0.0,0
341,1,0,1,0.0,0
342,1,0,1,0.0,0
343,1,0,1,0.0,0
344,1,0,1,0.0,0
345,1,0,1,0.0,0
346,1,0,1,0.0,0
347,1,0,1,0.0,0
348,1,0,1,0.0,0
349,1,0,1,0.0,0
350,1,0,1,0.0,0
351,1,0,1,0.0,0
352,1,0,1,0.0,0
353,1,0,1,0.0,0
354,1,0,1,0.0,0
355,1,0,1,0.0,0
356,1,0,1,0.0,0
357,1,0,1,0.0,0
358,1,0,1,0.0,0
359,1,0,1,0.0,0
360,1,0,1,0.0,0
361,1,0,1,0.0,0
362,1,0,1,0.0,0
363,1,0,1,0.0,0
364,1,0,1,0.0,0
365,1,0,1,0.0,0
366,1,0,1,0.0,0
367,1,0,1,0.0,0
368,1,0,1,0.0,0
369,1,0,1,0.0,0
370,1,0,1,0.0,0
371,1,0,1,0.0,0
372,1,0,1,0.0,0
373,1,0,1,0.0,0
374,1,0,1,0.0,0
375,1,0,1,0.0,0
376,1,0,1,0.0,0
377,1,0,1,0.0,0
378,1,0,1,0.0,0
379,1,0,1,0.0,0
380,1,0,1,0.0,0
381,1,0,1,0.0,0
382,1,0,1,0.0,0
383,1,0,1,0.0,0
384,1,0,1,0.0,0
385,1,0,1,0.0,0
386,1,0,1,0.0,0
387,1,0,1,0.0,0
388,1,0,1,0.0,0
389,1,0,1,0.0,0
390,1,0,1,0.0,0
391,1,0,1,0.0,0
392,1,0,1,0.0,0
393,1,0,1,0.0,0
394,1,0,1,0.0,0
395,1,0,1,0.0,0
396,1,0,1,0.0,0
397,1,0,1,0.0,0
398,1,0,1,0.0,0
399,1,0,1,0.0,0
400,1,0,1,0.0,0
401,1,0,1,0.0,0
402,1,0,1,0.0,0
403,1,0,1,0.0,0
404,1,0,1,0.0,0
405,1,0,1,0.0,0
406,1,0,1,0.0,0
407,1,0,1,0.0,0
408,1,0,1,0.0,0
409,1,0,1,0.0,0
410,1,0,1,0.0,0
411,1,0,1,0.0,0
412,1,0,1,0.0,0
413,1,0,1,0.0,0
414,1,0,1,0.0,0
415,1,0,1,0.0,0
416,1,0,1,0.0,0
417,1,0,1,0.0,0
418,1,0,1,0.0,0
419,1,0,1,0.0,0
420,1,0,1,0.0,0
421,1,0,1,0.0,0
422,1,0,1,0.0,0
423,1,0,1,0.0,0
424,1,0,1,0.0,0
425,1,0,1,0.0,0
426,1,0,1,0.0,0
427,1,0,1,0.0,0
428,1,0,1,0.0,0
429,1,0,1,0.0,0
430,1,0,1,0.0,0
431,1,0,1,0.0,0
432,1,1,2,0.0,0
433,1,1,2,0.0,0
434,1,1,2,0.0,0
435,1,1,2,0.0,0
436,1,1,2,0.0,0
437,1,1,2,0.0,0
438,1,1,2,0.0,0
439,1,1,2,0.0,0
440,1,1,2,0.0,0
441,1,1,2,0.0,0
442,1,1,2,0.0,0
443,1,1,2,0.0,0
444,1,1,2,0.0,0
445,1,1,2,0.0,0
446,1,1,2,0.0,0
447,1,1,2,0.0,0
448,1,1,2,0.0,0
449,1,1,2,0.0,0
450,1,1,2,0.0,0
451,1,1,2,0.0,0
452,1,1,2,0.0,0
453,1,1,2,0.0,0
454,1,1,2,0.0,0
455,1,1,2,0.0,0
456,1,1,2,0.0,0
457,1,1,2,0.0,0
458,1,1,2,0.0,0
459,1,1,2,0.0,0
460,1,1,2,0.0,0
461,1,1,2,0.0,0
462,1,1,2,0.0,0
463,1,1,2,0.0,0
464,1,1,2,0.0,0
465,1,1,2,0.0,0
466,1,1,2,0.0,0
467,1,1,2,0.0,0
468,1,1,2,0.0,0
469,1,1,2,0.0,0
470,1,1,2,0.0,0
471,1,1,2,0.0,0
472,1,1,2,0.0,0
473,1,1,2,0.0,0
474,1,1,2,0.0,0
475,1,1,2,0.0,0
476,1,1,2,0.0,0
477,1,1,2,0.0,0
478,1,1,2,0.0,0
479,1,1,2,0.0,0
480,1,1,2,0.0,0
481,1,1,2,0.0,0
482,1,1,2,0.0,0
483,1,1,2,0.0,0
484,1,1,2,0.0,0
485,1,1,2,0.0,0
486,1,1,2,0.0,0
487,1,1,2,0.0,0
488,1,1,2,0.0,0
489,1,1,2,0.0,0
490,1,1,2,0.0,0
491,1,1,2,0.0,0
492,1,1,2,0.0,0
493,1,1,2,0.0,0
494,1,1,2,0.0,0
495,1,1,2,0.0,0
496,1,1,2,0.0,0
497,1,1,2,0.0,0
498,1,1,2,0.0,0
499,1,1,2,0.0,0
500,1,1,2,0.0,0
501,1,1,2,0.0,0
502,1,1,2,0.0,0
503,1,1,2,0.0,0
504,1,1,2,0.0,0
505,1,1,2,0.0,0
506,1,1,2,0.0,0
507,1,1,2,0.0,0
508,1,1,2,0.0,0
509,1,1,2,0.0,0
510,1,1,2,0.0,0
511,1,1,2,0.0,0
512,1,1,2,0.0,0
513,1,1,2,0.0,0
514,1,1,2,0.0,0
515,1,1,2,0.0,0
516,1,1,2,0.0,0
517,1,1,2,0.0,0
518,1,1,2,0.0,0
519,1,1,2,0.0,0
520,1,1,2,0.0,0
521,1,1,2,0.0,0
522,1,1,2,0.0,0
523,1,1,2,0.0,0
524,1,1,2,0.0,0
525,1,1,2,0.0,0
526,1,1,2,0.0,0
527,1,1,2,0.0,0
528,1,1,2,0.0,0
529,1,1,2,0.0,0
530,1,1,2,0.0,0
531,1,1,2,0.0,0
532,1,1,2,0.0,0
533,1,1,2,0.0,0
534,1,1,2,0.0,0
535,1,1,2,0.0,0
536,1,1,2,0.0,0
537,1,1,2,0.0,0
538,1,1,2,0.0,0
539,1,1,2,0.0,0
540,1,1,2,0.0,0
541,1,1,2,0.0,0
542,1,1,2,0.0,0
543,1,1,2,0.0,0
544,1,1,2,0.0,0
545,1,1,2,0.0,0
546,1,1,2,0.0,0
547,1,1,2,0.0,0
548,1,1,2,0.0,0
549,1,1,2,0.0,0
550,1,1,2,0.0,0
551,1,1,2,0.0,0
552,1,1,2,0.0,0
553,1,1,2,0.0,0
554,1,1,2,0.0,0
555,1,1,2,0.0,0
556,1,1,2,0.0,0
557,1,1,2,0.0,0
558,1,1,2,0.0,0
559,1,1,2,0.0,0
560,1,1,2,0.0,0
561,1,1,2,0.0,0
562,1,1,2,0.0,0
563,1,1,2,0.0,0
564,1,1,2,0.0,0
565,1,1,2,0.0,0
566,1,1,2,0.0,0
567,1,1,2,0.0,0
568,1,1,2,0.0,0
569,1,1,2,0.0,0
570,1,1,2,0.0,0
571,1,1,2,0.0,0
572,1,1,2,0.0,0
573,1,1,2,0.0,0
574,1,1,2,0.0,0
575,1,1,2,0.0,0
576,1,1,2,0.0,0
577,1,1,2,0.0,0
578,1,1,2,0.0,0
579,1,1,2,0.0,0
580,1,1,2,0.0,0
581,1,1,2,0.0,0
582,1,1,2,0.0,0
583,1,1,2,0.0,0
584,1,1,2,0.0,0
585,1,1,2,0.0,0
586,1,1,2,0.0,0
587,1,1,2,0.0,0
588,1,1,2,0.0,0
589,1,1,2,0.0,0
590,1,1,2,0.0,0
591,1,1,2,0.0,0
592,1,1,2,0.0,0
593,1,1,2,0.0,0
594,1,1,2,0.0,0
595,1,1,2,0.0,0
596,1,1,2,0.0,0
597,1,1,2,0.0,0
598,1,1,2,0.0,0
599,1,1,2,0.0,0
600,1,1,2,0.0,0
601,1,1,2,0.0,0
602,1,1,2,0.0,0
603,1,1,2,0.0,0
604,1,1,2,0.0,0
605,1,1,2,0.0,0
606,1,1,2,0.0,0
607,1,1,2,0.0,0
608,1,1,2,0.0,0
609,1,1,2,0.0,0
610,1,1,2,0.0,0
611,1,1,2,0.0,0
612,1,1,2,0.0,0
613,1,1,2,0.0,0
614,1,1,2,0.0,0
615,1,1,2,0.0,0
616,1,1,2,0.0,0
617,1,1,2,0.0,0
618,1,1,2,0.0,0
619,1,1,2,0.0,0
620,1,1,2,0.0,0
621,1,1,2,0.0,0
622,1,1,2,0.0,0
623,1,1,2,0.0,0
624,1,1,2,0.0,0
625,1,1,2,0.0,0
626,1,1,2,0.0,0
627,1,1,2,0.0,0
628,1,1,2,0.0,0
629,1,1,2,0.0,0
630,1,1,2,0.0,0
631,1,1,2,0.0,0
632,1,1,2,0.0,0
633,1,1,2,0.0,0
634,1,1,2,0.0,0
635,1,1,2,0.0,0
636,1,1,2,0.0,0
637,1,1,2,0.0,0
638,1,1,2,0.0,0
639,1,1,2,0.0,0
640,1,1,2,0.0,0
641,1,1,2,0.0,0
642,1,1,2,0.0,0
643,1,1,2,0.0,0
644,1,1,2,0.0,0
645,1,1,2,0.0,0
646,1,1,2,0.0,0
647,1,1,2,0.0,0
648,1,1,2,0.0,0
649,1,1,2,0.0,0
650,1,1,2,0.0,0
651,1,2,3,0.0,0
652,1,2,3,0.0,0
653,1,2,3,0.0,0
654,1,2,3,0.0,0
655,1,2,3,0.0,0
656,1,2,3,0.0,0
657,1,2,3,0.0,0
658,1,2,3,0.0,0
659,1,2,3,0.0,0
660,1,2,3,0.0,0
661,1,2,3,0.0,0
662,1,2,3,0.0,0
663,1,2,3,0.0,0
664,1,2,3,0.0,0
665,1,2,3,0.0,0
666,1,2,3,0.0,0
667,1,2,3,0.0,0
668,1,2,3,0.0,0
669,1,2,3,0.0,0
670,1,2,3,0.0,0
671,1,2,3,0.0,0
672,1,2,3,0.0,0
673,1,2,3,0.0,0
674,1,2,3,0.0,0
675,1,2,3,0.0,0
676,1,2,3,0.0,0
677,1,2,3,0.0,0
678,1,2,3,0.0,0
679,1,2,3,0.0,0
680,1,2,3,0.0,0
681,1,2,3,0.0,0
682,1,2,3,0.0,0
683,1,2,3,0.0,0
684,1,2,3,0.0,0
685,1,2,3,0.0,0
686,1,2,3,0.0,0
687,1,2,3,0.0,0
688,1,2,3,0.0,0
689,1,2,3,0.0,0
690,1,2,3,0.0,0
691,1,2,3,0.0,0
692,1,2,3,0.0,0
693,1,2,3,0.0,0
694,1,2,3,0.0,0
695,1,2,3,0.0,0
696,1,2,3,0.0,0
697,1,2,3,0.0,0
698,1,2,3,0.0,0
699,1,2,3,0.0,0
700,1,2,3,0.0,0
701,1,2,3,0.0,0
702,1,2,3,0.0,0
703,1,2,3,0.0,0
704,1,2,3,0.0,0
705,1,2,3,0.0,0
706,1,2,3,0.0,0
707,1,2,3,0.0,0
708,1,2,3,0.0,0
709,1,2,3,0.0,0
710,1,2,3,0.0,0
711,1,2,3,0.0,0
712,1,2,3,0.0,0
713,1,2,3,0.0,0
714,1,2,3,0.0,0
715,1,2,3,0.0,0
716,1,2,3,0.0,0
717,1,2,3,0.0,0
718,1,2,3,0.0,0
719,1,2,3,0.0,0
720,1,2,3,0.0,0
721,1,2,3,0.0,0
722,1,2,3,0.0,0
723,1,2,3,0.0,0
724,1,2,3,0.0,0
725,1,2,3,0.0,0
726,1,2,3,0.0,0
727,1,2,3,0.0,0
728,1,2,3,0.0,0
729,1,2,3,0.0,0
730,1,2,3,0.0,0
731,1,2,3,0.0,0
732,1,2,3,0.0,0
733,1,2,3,0.0,0
734,1,2,3,0.0,0
735,1,2,3,0.0,0
736,1,2,3,0.0,0
737,1,2,3,0.0,0
738,1,2,3,0.0,0
739,1,2,3,0.0,0
740,1,2,3,0.0,0
741,1,2,3,0.0,0
742,1,2,3,0.0,0
743,1,2,3,0.0,0
744,1,2,3,0.0,0
745,1,2,3,0.0,0
746,1,2,3,0.0,0
747,1,2,3,0.0,0
748,1,2,3,0.0,0
749,1,2,3,0.0,0
750,1,2,3,0.0,0
751,1,2,3,0.0,0
752,1,2,3,1.0,1
753,1,2,3,2.0,2
754,1,2,3,3.0,3
755,1,2,3,4.0,4
756,1,2,3,5.0,5
757,1,2,3,6.0,6
758,1,2,3,7.0,7
759,1,2,3,8.0,8
760,1,2,3,9.0,9
761,1,2,3,10.0,10
762,1,2,3,11.0,11
763,1,2,3,12.0,12
764,1,2,3,13.0,13
765,1,2,3,14.0,14
766,1,2,3,15.0,15
767,1,2,3,16.0,16
768,1,2,3,17.0,17
769,1,2,3,18.0,18
770,1,2,3,19.0,19
771,1,2,3,20.0,20
772,1,2,3,21.0,21
773,1,2,3,22.0,22
774,1,2,3,23.0,23
775,1,2,3,24.0,24
776,1,2,3,25.0,25
777,1,2,3,26.0,26
778,1,2,3,27.0,27
779,1,2,3,28.0,28
780,1,2,3,29.0,29
781,1,2,3,30.0,30
782,1,2,3,31.0,31
783,1,2,3,32.0,32
784,1,2,3,33.0,33
785,1,2,3,34.0,34
786,1,2,3,35.0,35
787,1,2,3,36.0,36
788,1,2,3,37.0,37
789,1,2,3,38.0,38
790,1,2,3,39.0,39
791,1,2,3,40.0,40
792,1,2,3,41.0,41
793,1,2,3,42.0,42
794,1,2,3,43.0,43
795,1,2,3,44.0,44
796,1,2,3,45.0,45
797,1,2,3,46.0,46
798,1,2,3,47.0,47
799,1,2,3,48.0,48
800,1,2,3,49.0,49
801,1,2,3,50.0,50
802,1,2,3,51.0,51
803,1,2,3,52.0,52
804,1,2,3,53.0,53
805,1,2,3,54.0,54
806,1,2,3,55.0,55
807,1,2,3,56.0,56
808,1,2,3,57.0,57
809,1,2,3,58.0,58
810,1,2,3,59.0,59
811,1,2,3,60.0,60
812,1,2,3,61.0,61
813,1,2,3,62.0,62
814,1,2,3,63.0,63
815,1,2,3,64.0,64
816,1,2,3,65.0,65
817,1,2,3,66.0,66
818,1,2,3,67.0,67
819,1,2,3,68.0,68
820,1,2,3,69.0,69
821,1,2,3,70.0,70
822,1,2,3,71.0,71
823,1,2,3,72.0,72
824,1,2,3,73.0,73
825,1,2,3,74.0,74
826,1,2,3,75.0,75
827,1,2,3,76.0,76
828,1,2,3,77.0,77
829,1,2,3,78.0,78
830,1,2,3,79.0,79
831,1,2,3,80.0,80
832,1,2,3,81.0,81
833,1,2,3,82.0,82
834,1,2,3,83.0,83
835,1,2,3,84.0,84
836,1,2,3,85.0,85
837,2,2,4,86.0,86
838,2,2,4,86.0,86
839,2,2,4,86.0,86
840,2,2,4,86.0,86
841,2,2,4,86.0,86
842,2,2,4,86.0,86
843,2,2,4,86.0,86
844,2,2,4,86.0,86
845,2,2,4,86.0,86
846,2,2,4,86.0,86
847,2,2,4,86.0,86
848,2,2,4,86.0,86
849,2,2,4,86.0,86
850,2,2,4,86.0,86
851,2,2,4,86.0,86
852,2,2,4,86.0,86
853,2,2,4,86.0,86
854,2,2,4,86.0,86
855,2,2,4,86.0,86
856,2,2,4,86.0,86
857,2,2,4,86.0,86
858,2,2,4,86.0,86
859,2,2,4,86.0,86
860,2,2,4,86.0,86
861,2,2,4,86.0,86
862,2,2,4,86.0,86
863,2,2,4,86.0,86
864,2,2,4,86.0,86
865,2,2,4,86.0,86
866,2,2,4,86.0,86
867,2,2,4,86.0,86
868,2,2,4,86.0,86
869,2,2,4,86.0,86
870,2,2,4,86.0,86
871,2,2,4,86.0,86
872,2,2,4,86.0,86
873,2,2,4,86.0,86
874,2,2,4,86.0,86
875,2,2,4,86.0,86
876,2,2,4,86.0,86
877,2,2,4,0.0,0
878,2,2,4,0.0,0
879,2,2,4,0.0,0
880,2,2,4,0.0,0
881,2,2,4,0.0,0
882,2,2,4,0.0,0
883,2,2,4,0.0,0
884,2,2,4,0.0,0
885,2,2,4,0.0,0
886,2,2,4,0.0,0
887,2,2,4,0.0,0
888,2,2,4,0.0,0
889,2,2,4,0.0,0
890,2,2,4,0.0,0
891,2,2,4,0.0,0
892,2,2,4,0.0,0
893,2,2,4,0.0,0
894,2,2,4,0.0,0
895,2,2,4,0.0,0
896,2,2,4,0.0,0
897,2,2,4,0.0,0
898,2,2,4,0.0,0
899,2,2,4,0.0,0
900,2,2,4,0.0,0
901,2,2,4,0.0,0
902,2,2,4,0.0,0
903,2,2,4,0.0,0
904,2,2,4,0.0,0
905,2,2,4,0.0,0
906,2,2,4,0.0,0
907,2,2,4,0.0,0
908,2,2,4,0.0,0
909,2,2,4,0.0,0
910,2,2,4,0.0,0
911,2,2,4,0.0,0
912,2,2,4,0.0,0
913,2,2,4,0.0,0
914,2,2,4,0.0,0
915,2,2,4,0.0,0
916,2,2,4,0.0,0
917,2,2,4,0.0,0
918,2,2,4,0.0,0
919,2,2,4,0.0,0
920,2,2,4,0.0,0
921,2,2,4,0.0,0
922,2,2,4,0.0,0
923,2,2,4,0.0,0
924,2,2,4,0.0,0
925,2,2,4,0.0,0
926,2,2,4,0.0,0
927,2,2,4,0.0,0
928,2,2,4,0.0,0
929,2,2,4,0.0,0
930,2,2,4,0.0,0
931,2,2,4,0.0,0
932,2,2,4,0.0,0
933,2,2,4,0.0,0
934,2,2,4,0.0,0
935,2,2,4,0.0,0
936,2,2,4,0.0,0
937,2,2,4,0.0,0
938,2,2,4,0.0,0
939,2,2,4,0.0,0
940,2,2,4,0.0,0
941,2,2,4,0.0,0
942,2,2,4,0.0,0
943,2,2,4,0.0,0
944,2,2,4,0.0,0
945,2,2,4,0.0,0
946,2,2,4,1.0,1
947,2,2,4,2.0,2
948,2,2,4,3.0,3
949,2,2,4,4.0,4
950,2,2,4,5.0,5
951,2,2,4,6.0,6
952,2,2,4,7.0,7
953,2,2,4,8.0,8
954,2,2,4,9.0,9
955,2,2,4,10.0,10
956,2,2,4,11.0,11
957,2,2,4,12.0,12
958,2,2,4,13.0,13
959,2,2,4,14.0,14
960,2,2,4,15.0,15
961,2,2,4,16.0,16
962,2,2,4,17.0,17
963,2,2,4,18.0,18
964,2,2,4,19.0,19
965,2,2,4,20.0,20
966,2,2,4,21.0,21
967,2,2,4,22.0,22
968,2,2,4,23.0,23
969,2,2,4,24.0,24
970,2,2,4,25.0,25
971,2,2,4,26.0,26
972,2,2,4,27.0,27
973,2,2,4,28.0,28
974,2,2,4,29.0,29
975,2,2,4,30.0,30
976,2,2,4,31.0,31
977,2,2,4,32.0,32
978,2,2,4,33.0,33
979,2,2,4,34.0,34
980,2,2,4,35.0,35
981,2,2,4,36.0,36
982,2,2,4,37.0,37
983,2,2,4,38.0,38
984,2,2,4,39.0,39
985,2,2,4,40.0,40
986,2,2,4,41.0,41
987,2,2,4,42.0,42
988,2,2,4,43.0,43
989,2,2,4,44.0,44
990,2,2,4,45.0,45
991,2,2,4,46.0,46
992,2,2,4,47.0,47
993,2,2,4,48.0,48
994,2,2,4,49.0,49
995,2,2,4,50.0,50
996,2,2,4,51.0,51
997,2,2,4,52.0,52
998,2,2,4,53.0,53
999,2,2,4,54.0,54
1000,2,2,4,55.0,55
1001,2,2,4,56.0,56
1002,2,2,4,57.0,57
1003,2,2,4,58.0,58
1004,2,2,4,59.0,59
1005,2,2,4,60.0,60
1006,2,2,4,61.0,61
1007,2,2,4,62.0,62
1008,2,2,4,63.0,63
1009,2,2,4,64.0,64
1010,2,2,4,65.0,65
1011,2,2,4,66.0,66
1012,2,2,4,67.0,67
1013,2,2,4,68.0,68
1014,2,2,4,69.0,69
1015,2,2,4,70.0,70
1016,2,2,4,71.0,71
1017,2,2,4,72.0,72
1018,2,2,4,73.0,73
1019,2,2,4,74.0,74
1020,2,2,4,75.0,75
1021,2,2,4,76.0,76
1022,2,2,4,77.0,77
1023,2,2,4,78.0,78
1024,2,2,4,79.0,79
1025,2,2,4,80.0,80
1026,2,2,4,81.0,81
1027,2,2,4,82.0,82
1028,2,2,4,83.0,83
1029,2,2,4,84.0,84
1030,2,2,4,85.0,85
1031,2,2,4,86.0,86
1032,2,2,4,87.0,87
1033,2,2,4,88.0,88
1034,2,2,4,89.0,89
1035,2,2,4,90.0,90
1036,2,2,4,91.0,91
1037,2,2,4,92.0,92
1038,2,2,4,93.0,93
1039,2,2,4,94.0,94
1040,2,2,4,95.0,95
1041,2,2,4,96.0,96
1042,2,2,4,97.0,97
1043,2,2,4,98.0,98
1044,3,2,5,99.0,99
1045,3,2,5,99.0,99
1046,3,2,5,99.0,99
1047,3,2,5,99.0,99
1048,3,2,5,99.0,99
1049,3,2,5,99.0,99
1050,3,2,5,99.0,99
1051,3,2,5,99.0,99
1052,3,2,5,99.0,99
1053,3,2,5,99.0,99
1054,3,2,5,99.0,99
1055,3,2,5,99.0,99
1056,3,2,5,99.0,99
1057,3,2,5,99.0,99
1058,3,2,5,99.0,99
1059,3,2,5,99.0,99
1060,3,2,5,99.0,99
1061,3,2,5,99.0,99
1062,3,2,5,99.0,99
1063,3,2,5,99.0,99
1064,3,2,5,99.0,99
1065,3,2,5,99.0,99
1066,3,2,5,99.0,99
1067,3,2,5,99.0,99
1068,3,2,5,99.0,99
1069,3,2,5,99.0,99
1070,3,2,5,99.0,99
1071,3,2,5,99.0,99
1072,3,2,5,99.0,99
1073,3,2,5,99.0,99
1074,3,2,5,99.0,99
1075,3,2,5,99.0,99
1076,3,2,5,99.0,99
1077,3,2,5,99.0,99
1078,3,2,5,99.0,99
1079,3,2,5,99.0,99
1080,3,2,5,99.0,99
1081,3,2,5,99.0,99
1082,3,2,5,99.0,99
1083,3,2,5,99.0,99
1084,3,2,5,99.0,99
1085,3,2,5,99.0,99
1086,3,2,5,99.0,99
1087,3,2,5,99.0,99
1088,3,2,5,99.0,99
1089,3,2,5,99.0,99
1090,3,2,5,99.0,99
1091,3,2,5,99.0,99
1092,3,2,5,99.0,99
1093,3,2,5,99.0,99
1094,3,2,5,99.0,99
1095,3,2,5,99.0,99
1096,3,2,5,99.0,99
1097,3,2,5,99.0,99
1098,3,2,5,0.0,0
1099,3,2,5,0.0,0
1100,3,2,5,0.0,0
1101,3,2,5,0.0,0
1102,3,2,5,0.0,0
1103,3,2,5,0.0,0
1104,3,2,5,0.0,0
1105,3,2,5,0.0,0
1106,3,2,5,0.0,0
1107,3,2,5,0.0,0
1108,3,2,5,0.0,0
1109,3,2,5,0.0,0
1110,3,2,5,0.0,0
1111,3,2,5,0.0,0
1112,3,2,5,0.0,0
1113,3,2,5,0.0,0
1114,3,2,5,0.0,0
1115,3,2,5,0.0,0
1116,3,2,5,0.0,0
1117,3,2,5,0.0,0
1118,3,2,5,0.0,0
1119,3,2,5,0.0,0
1120,3,2,5,0.0,0
1121,3,2,5,0.0,0
1122,3,2,5,0.0,0
1123,3,2,5,0.0,0
1124,3,2,5,0.0,0
1125,3,2,5,0.0,0
1126,3,2,5,0.0,0
1127,3,2,5,0.0,0
1128,3,2,5,0.0,0
1129,3,2,5,0.0,0
1130,3,2,5,0.0,0
1131,3,2,5,0.0,0
1132,3,2,5,0.0,0
1133,3,2,5,0.0,0
1134,3,2,5,0.0,0
1135,3,2,5,0.0,0
1136,3,2,5,0.0,0
1137,3,2,5,0.0,0
1138,3,2,5,0.0,0
1139,3,2,5,0.0,0
1140,3,2,5,0.0,0
1141,3,2,5,0.0,0
1142,3,2,5,0.0,0
1143,3,2,5,0.0,0
1144,3,2,5,0.0,0
1145,3,2,5,0.0,0
1146,3,2,5,0.0,0
1147,3,2,5,0.0,0
1148,3,2,5,0.0,0
1149,3,2,5,0.0,0
1150,3,2,5,0.0,0
1151,3,2,5,0.0,0
1152,3,2,5,0.0,0
1153,3,2,5,0.0,0
1154,3,2,5,0.0,0
1155,3,2,5,0.0,0
1156,3,2,5,0.0,0
1157,3,2,5,0.0,0
1158,3,2,5,0.0,0
1159,3,2,5,0.0,0
1160,3,2,5,0.0,0
1161,3,2,5,0.0,0
1162,3,2,5,0.0,0
1163,3,2,5,0.0,0
1164,3,2,5,0.0,0
1165,3,2,5,0.0,0
1166,3,2,5,0.0,0
1167,3,2,5,0.0,0
1168,3,2,5,0.0,0
1169,3,2,5,0.0,0
1170,3,2,5,0.0,0
1171,3,2,5,0.0,0
1172,3,2,5,0.0,0
1173,3,2,5,0.0,0
1174,3,2,5,0.0,0
1175,3,2,5,0.0,0
1176,3,2,5,0.0,0
1177,3,2,5,0.0,0
1178,3,2,5,0.0,0
1179,3,2,5,0.0,0
1180,3,2,5,0.0,0
1181,3,2,5,0.0,0
1182,3,2,5,0.0,0
1183,3,2,5,0.0,0
1184,3,2,5,0.0,0
1185,3,2,5,0.0,0
1186,3,2,5,0.0,0
1187,3,2,5,0.0,0
1188,3,2,5,0.0,0
1189,3,2,5,0.0,0
1190,3,2,5,0.0,0
1191,3,2,5,0.0,0
1192,3,2,5,0.0,0
1193,3,2,5,0.0,0
1194,3,2,5,0.0,0
1195,3,2,5,0.0,0
1196,3,2,5,0.0,0
1197,3,2,5,0.0,0
1198,3,2,5,0.0,0
1199,3,2,5,0.0,0
1200,3,2,5,0.0,0
1201,3,2,5,0.0,0
1202,3,2,5,0.0,0
1203,3,2,5,0.0,0
1204,3,2,5,0.0,0
1205,3,2,5,0.0,0
1206,3,2,5,0.0,0
1207,3,2,5,0.0,0
1208,3,2,5,0.0,0
1209,3,2,5,0.0,0
1210,3,2,5,0.0,0
1211,3,2,5,0.0,0
1212,3,2,5,0.0,0
1213,3,2,5,0.0,0
1214,3,2,5,0.0,0
1215,3,2,5,0.0,0
1216,3,2,5,0.0,0
1217,3,2,5,0.0,0
1218,3,2,5,0.0,0
1219,3,2,5,0.0,0
1220,3,2,5,0.0,0
1221,3,2,5,0.0,0
1222,3,2,5,0.0,0
1223,3,2,5,0.0,0
1224,3,2,5,0.0,0
1225,3,2,5,0.0,0
1226,3,2,5,0.0,0
1227,3,2,5,0.0,0
1228,3,2,5,0.0,0
1229,3,2,5,0.0,0
1230,3,2,5,0.0,0
1231,3,2,5,0.0,0
1232,3,2,5,0.0,0
1233,3,2,5,0.0,0
1234,3,2,5,0.0,0
1235,3,2,5,0.0,0
1236,3,2,5,0.0,0
1237,3,2,5,0.0,0
1238,3,2,5,0.0,0
1239,3,2,5,0.0,0
1240,3,2,5,0.0,0
1241,3,2,5,0.0,0
1242,3,2,5,0.0,0
1243,3,2,5,0.0,0
1244,3,2,5,0.0,0
1245,3,2,5,0.0,0
1246,3,2,5,0.0,0
1247,3,2,5,0.0,0
1248,3,2,5,0.0,0
1249,3,2,5,0.0,0
1250,3,2,5,0.0,0
1251,3,2,5,0.0,0
1252,3,2,5,0.0,0
1253,3,2,5,0.0,0
1254,3,2,5,0.0,0
1255,3,2,5,0.0,0
1256,3,2,5,0.0,0
1257,3,2,5,0.0,0
1258,3,2,5,0.0,0
1259,3,2,5,0.0,0
1260,3,2,5,0.0,0
1261,3,2,5,0.0,0
1262,3,3,6,0.0,0
1263,3,3,6,0.0,0
1264,3,3,6,0.0,0
1265,3,3,6,0.0,0
1266,3,3,6,0.0,0
1267,3,3,6,0.0,0
1268,3,3,6,0.0,0
1269,3,3,6,0.0,0
1270,3,3,6,0.0,0
1271,3,3,6,0.0,0
1272,3,3,6,0.0,0
1273,3,3,6,0.0,0
1274,3,3,6,0.0,0
1275,3,3,6,0.0,0
1276,3,3,6,0.0,0
1277,3,3,6,0.0,0
1278,3,3,6,0.0,0
1279,3,3,6,0.0,0
1280,3,3,6,0.0,0
1281,3,3,6,0.0,0
1282,3,3,6,0.0,0
1283,3,3,6,0.0,0
1284,3,3,6,0.0,0
1285,3,3,6,0.0,0
1286,3,3,6,0.0,0
1287,3,3,6,0.0,0
1288,3,3,6,0.0,0
1289,3,3,6,0.0,0
1290,3,3,6,0.0,0
1291,3,3,6,0.0,0
1292,3,3,6,0.0,0
1293,3,3,6,0.0,0
1294,3,3,6,0.0,0
1295,3,3,6,0.0,0
1296,3,3,6,0.0,0
1297,3,3,6,0.0,0
1298,3,3,6,0.0,0
1299,3,3,6,0.0,0
1300,3,3,6,0.0,0
1301,3,3,6,0.0,0
1302,3,3,6,0.0,0
1303,3,3,6,0.0,0
1304,3,3,6,0.0,0
1305,3,3,6,0.0,0
1306,3,3,6,0.0,0
1307,3,3,6,0.0,0
1308,3,3,6,0.0,0
1309,3,3,6,0.0,0
1310,3,3,6,0.0,0
1311,3,3,6,0.0,0
1312,3,3,6,0.0,0
1313,3,3,6,0.0,0
1314,3,3,6,0.0,0
1315,3,3,6,0.0,0
1316,3,3,6,0.0,0
1317,3,3,6,0.0,0
1318,3,3,6,0.0,0
1319,3,3,6,0.0,0
1320,3,3,6,0.0,0
1321,3,3,6,0.0,0
1322,3,3,6,0.0,0
1323,3,3,6,0.0,0
1324,3,3,6,0.0,0
1325,3,3,6,0.0,0
1326,3,3,6,0.0,0
1327,3,3,6,0.0,0
1328,3,3,6,0.0,0
1329,3,3,6,0.0,0
1330,3,3,6,0.0,0
1331,3,3,6,0.0,0
1332,3,3,6,0.0,0
1333,3,3,6,0.0,0
1334,3,3,6,0.0,0
1335,3,3,6,0.0,0
1336,3,3,6,0.0,0
1337,3,3,6,0.0,0
1338,3,3,6,0.0,0
1339,3,3,6,0.0,0
1340,3,3,6,0.0,0
1341,3,3,6,0.0,0
1342,3,3,6,0.0,0
1343,3,3,6,0.0,0
1344,3,3,6,0.0,0
1345,3,3,6,0.0,0
1346,3,3,6,0.0,0
1347,3,3,6,0.0,0
1348,3,3,6,0.0,0
1349,3,3,6,0.0,0
1350,3,3,6,0.0,0
1351,3,3,6,0.0,0
1352,3,3,6,0.0,0
1353,3,3,6,0.0,0
1354,3,3,6,0.0,0
1355,3,3,6,0.0,0
1356,3,3,6,0.0,0
1357,3,3,6,0.0,0
1358,3,3,6,0.0,0
1359,3,3,6,0.0,0
1360,3,3,6,0.0,0
1361,3,3,6,0.0,0
1362,3,3,6,0.0,0
1363,3,3,6,0.0,0
1364,3,3,6,0.0,0
1365,3,3,6,0.0,0
1366,3,3,6,0.0,0
1367,3,3,6,0.0,0
1368,3,3,6,0.0,0
1369,3,3,6,0.0,0
1370,3,3,6,0.0,0
1371,3,3,6,0.0,0
1372,3,3,6,0.0,0
1373,3,3,6,0.0,0
1374,3,3,6,0.0,0
1375,3,3,6,0.0,0
1376,3,3,6,0.0,0
1377,3,3,6,0.0,0
1378,3,3,6,0.0,0
1379,3,3,6,0.0,0
1380,3,3,6,0.0,0
1381,3,3,6,0.0,0
1382,3,3,6,0.0,0
1383,3,3,6,1.0,1
1384,3,3,6,2.0,2
1385,3,3,6,3.0,3
1386,3,3,6,4.0,4
1387,3,3,6,5.0,5
1388,3,3,6,6.0,6
1389,3,3,6,7.0,7
1390,3,3,6,8.0,8
1391,3,3,6,9.0,9
1392,3,3,6,10.0,10
1393,3,3,6,11.0,11
1394,3,3,6,12.0,12
1395,3,3,6,13.0,13
1396,3,3,6,14.0,14
1397,3,3,6,15.0,15
1398,3,3,6,16.0,16
1399,3,3,6,17.0,17
1400,3,3,6,18.0,18
1401,3,3,6,19.0,19
1402,3,3,6,20.0,20
1403,3,3,6,21.0,21
1404,3,3,6,22.0,22
1405,3,3,6,23.0,23
1406,3,3,6,24.0,24
1407,3,3,6,25.0,25
1408,3,3,6,26.0,26
1409,3,3,6,27.0,27
1410,3,3,6,28.0,28
1411,3,3,6,29.0,29
1412,3,3,6,30.0,30
1413,3,3,6,31.0,31
1414,3,3,6,32.0,32
1415,3,3,6,33.0,33
1416,3,3,6,34.0,34
1417,3,3,6,35.0,35
1418,3,3,6,36.0,36
1419,3,3,6,37.0,37
1420,3,3,6,38.0,38
1421,3,3,6,39.0,39
1422,3,3,6,40.0,40
1423,3,3,6,41.0,41
1424,3,3,6,42.0,42
1425,3,3,6,43.0,43
1426,3,3,6,44.0,44
1427,3,3,6,45.0,45
1428,3,3,6,46.0,46
1429,3,3,6,47.0,47
1430,3,3,6,48.0,48
1431,3,3,6,49.0,49
1432,3,3,6,50.0,50
1433,3,3,6,51.0,51
1434,3,3,6,52.0,52
1435,3,3,6,53.0,53
1436,3,3,6,54.0,54
1437,3,3,6,55.0,55
1438,3,3,6,56.0,56
1439,3,3,6,57.0,57
1440,3,3,6,58.0,58
1441,3,3,6,59.0,59
1442,3,3,6,60.0,60
1443,3,3,6,61.0,61
1444,3,3,6,62.0,62
1445,3,3,6,63.0,63
1446,3,3,6,64.0,64
1447,3,3,6,65.0,65
1448,3,3,6,66.0,66
1449,3,3,6,67.0,67
1450,3,3,6,68.0,68
1451,3,3,6,69.0,69
1452,3,3,6,70.0,70
1453,3,3,6,71.0,71
1454,3,3,6,72.0,72
1455,3,3,6,73.0,73
1456,3,3,6,74.0,74
1457,3,3,6,75.0,75
1458,3,3,6,76.0,76
1459,3,3,6,77.0,77
1460,3,3,6,78.0,78
1461,3,3,6,79.0,79
1462,3,3,6,80.0,80
1463,3,3,6,81.0,81
1464,3,3,6,82.0,82
1465,3,3,6,83.0,83
1466,3,3,6,84.0,84
1467,3,3,6,85.0,85
1468,3,3,6,86.0,86
1469,3,3,6,87.0,87
1470,3,3,6,88.0,88
1471,3,3,6,89.0,89
1472,3,3,6,90.0,90
1473,3,3,6,91.0,91
1474,3,3,6,92.0,92
1475,3,3,6,93.0,93
1476,3,3,6,94.0,94
1477,3,3,6,95.0,95
1478,3,3,6,96.0,96
1479,3,3,6,97.0,97
1480,3,3,6,98.0,98
1481,4,3,7,99.0,99
1482,4,3,7,99.0,99
1483,4,3,7,99.0,99
1484,4,3,7,99.0,99
1485,4,3,7,99.0,99
1486,4,3,7,99.0,99
1487,4,3,7,99.0,99
1488,4,3,7,99.0,99
1489,4,3,7,99.0,99
1490,4,3,7,99.0,99
1491,4,3,7,99.0,99
1492,4,3,7,99.0,99
1493,4,3,7,99.0,99
1494,4,3,7,99.0,99
1495,4,3,7,99.0,99
1496,4,3,7,99.0,99
1497,4,3,7,99.0,99
1498,4,3,7,99.0,99
1499,4,3,7,99.0,99
1500,4,3,7,99.0,99
1501,4,3,7,99.0,99
1502,4,3,7,99.0,99
1503,4,3,7,99.0,99
1504,4,3,7,99.0,99
1505,4,3,7,99.0,99
1506,4,3,7,99.0,99
1507,4,3,7,99.0,99
1508,4,3,7,99.0,99
1509,4,3,7,99.0,99
1510,4,3,7,99.0,99
1511,4,3,7,99.0,99
1512,4,3,7,99.0,99
1513,4,3,7,99.0,99
1514,4,3,7,99.0,99
1515,4,3,7,99.0,99
1516,4,3,7,99.0,99
1517,4,3,7,99.0,99
1518,4,3,7,99.0,99
1519,4,3,7,0.0,0
1520,4,3,7,0.0,0
1521,4,3,7,0.0,0
1522,4,3,7,0.0,0
1523,4,3,7,0.0,0
1524,4,3,7,0.0,0
1525,4,3,7,0.0,0
1526,4,3,7,0.0,0
1527,4,3,7,0.0,0
1528,4,3,7,0.0,0
1529,4,3,7,0.0,0
1530,4,3,7,0.0,0
1531,4,3,7,0.0,0
1532,4,3,7,0.0,0
1533,4,3,7,0.0,0
1534,4,3,7,0.0,0
1535,4,3,7,0.0,0
1536,4,3,7,0.0,0
1537,4,3,7,0.0,0
1538,4,3,7,0.0,0
1539,4,3,7,0.0,0
1540,4,3,7,0.0,0
1541,4,3,7,0.0,0
1542,4,3,7,0.0,0
1543,4,3,7,0.0,0
1544,4,3,7,0.0,0
1545,4,3,7,0.0,0
1546,4,3,7,0.0,0
1547,4,3,7,0.0,0
1548,4,3,7,0.0,0
1549,4,3,7,0.0,0
1550,4,3,7,0.0,0
1551,4,3,7,0.0,0
1552,4,3,7,0.0,0
1553,4,3,7,0.0,0
1554,4,3,7,0.0,0
1555,4,3,7,0.0,0
1556,4,3,7,0.0,0
1557,4,3,7,0.0,0
1558,4,3,7,0.0,0
1559,4,3,7,0.0,0
1560,4,3,7,0.0,0
1561,4,3,7,0.0,0
1562,4,3,7,0.0,0
1563,4,3,7,0.0,0
1564,4,3,7,0.0,0
1565,4,3,7,0.0,0
1566,4,3,7,0.0,0
1567,4,3,7,0.0,0
1568,4,3,7,0.0,0
1569,4,3,7,0.0,0
1570,4,3,7,0.0,0
1571,4,3,7,0.0,0
1572,4,3,7,0.0,0
1573,4,3,7,0.0,0
1574,4,3,7,0.0,0
1575,4,3,7,0.0,0
1576,4,3,7,0.0,0
1577,4,3,7,0.0,0
1578,4,3,7,0.0,0
1579,4,3,7,0.0,0
1580,4,3,7,0.0,0
1581,4,3,7,0.0,0
1582,4,3,7,0.0,0
1583,4,3,7,0.0,0
1584,4,3,7,0.0,0
1585,4,3,7,0.0,0
1586,4,3,7,0.0,0
1587,4,3,7,0.0,0
1588,4,3,7,0.0,0
1589,4,3,7,0.0,0
1590,4,3,7,0.0,0
1591,4,3,7,0.0,0
1592,4,3,7,0.0,0
1593,4,3,7,0.0,0
1594,4,3,7,0.0,0
1595,4,3,7,0.0,0
1596,4,3,7,0.0,0
1597,4,3,7,0.0,0
1598,4,3,7,0.0,0
1599,4,3,7,0.0,0
1600,4,3,7,0.0,0
1601,4,3,7,0.0,0
1602,4,3,7,0.0,0
1603,4,3,7,0.0,0
1604,4,3,7,0.0,0
1605,4,3,7,0.0,0
1606,4,3,7,0.0,0
1607,4,3,7,0.0,0
1608,4,3,7,0.0,0
1609,4,3,7,0.0,0
1610,4,3,7,0.0,0
1611,4,3,7,0.0,0
1612,4,3,7,0.0,0
1613,4,3,7,0.0,0
1614,4,3,7,0.0,0
1615,4,3,7,0.0,0
1616,4,3,7,0.0,0
1617,4,3,7,0.0,0
1618,4,3,7,0.0,0
1619,4,3,7,0.0,0
1620,4,3,7,0.0,0
1621,4,3,7,0.0,0
1622,4,3,7,0.0,0
1623,4,3,7,0.0,0
1624,4,3,7,0.0,0
1625,4,3,7,0.0,0
1626,4,3,7,0.0,0
1627,4,3,7,0.0,0
1628,4,3,7,0.0,0
1629,4,3,7,0.0,0
1630,4,3,7,0.0,0
1631,4,3,7,0.0,0
1632,4,3,7,0.0,0
1633,4,3,7,0.0,0
1634,4,3,7,0.0,0
1635,4,3,7,0.0,0
1636,4,3,7,0.0,0
1637,4,3,7,0.0,0
1638,4,3,7,0.0,0
1639,4,3,7,0.0,0
1640,4,3,7,0.0,0
1641,4,3,7,0.0,0
1642,4,3,7,0.0,0
1643,4,3,7,0.0,0
1644,4,3,7,0.0,0
1645,4,3,7,0.0,0
1646,4,3,7,0.0,0
1647,4,3,7,0.0,0
1648,4,3,7,0.0,0
1649,4,3,7,0.0,0
1650,4,3,7,0.0,0
1651,4,3,7,0.0,0
1652,4,3,7,0.0,0
1653,4,3,7,0.0,0
1654,4,3,7,0.0,0
1655,4,3,7,0.0,0
1656,4,3,7,0.0,0
1657,4,3,7,0.0,0
1658,4,3,7,0.0,0
1659,4,3,7,0.0,0
1660,4,3,7,0.0,0
1661,4,3,7,0.0,0
1662,4,3,7,0.0,0
1663,4,3,7,0.0,0
1664,4,3,7,0.0,0
1665,4,3,7,0.0,0
1666,4,3,7,0.0,0
1667,4,3,7,0.0,0
1668,4,3,7,0.0,0
1669,4,3,7,0.0,0
1670,4,3,7,0.0,0
1671,4,3,7,0.0,0
1672,4,3,7,0.0,0
1673,4,3,7,0.0,0
1674,4,3,7,0.0,0
1675,4,3,7,0.0,0
1676,4,3,7,0.0,0
1677,4,4,8,0.0,0
1678,4,4,8,0.0,0
1679,4,4,8,0.0,0
1680,4,4,8,0.0,0
1681,4,4,8,0.0,0
1682,4,4,8,0.0,0
1683,4,4,8,0.0,0
1684,4,4,8,0.0,0
1685,4,4,8,0.0,0
1686,4,4,8,0.0,0
1687,4,4,8,0.0,0
1688,4,4,8,0.0,0
1689,4,4,8,0.0,0
1690,4,4,8,0.0,0
1691,4,4,8,0.0,0
1692,4,4,8,0.0,0
1693,4,4,8,0.0,0
1694,4,4,8,0.0,0
1695,4,4,8,0.0,0
1696,4,4,8,0.0,0
1697,4,4,8,0.0,0
1698,4,4,8,0.0,0
1699,4,4,8,0.0,0
1700,4,4,8,0.0,0
1701,4,4,8,0.0,0
1702,4,4,8,0.0,0
1703,4,4,8,0.0,0
1704,4,4,8,0.0,0
1705,4,4,8,0.0,0
1706,4,4,8,0.0,0
1707,4,4,8,0.0,0
1708,4,4,8,0.0,0
1709,4,4,8,0.0,0
1710,4,4,8,0.0,0
1711,4,4,8,0.0,0
1712,4,4,8,0.0,0
1713,4,4,8,0.0,0
1714,4,4,8,0.0,0
1715,4,4,8,0.0,0
1716,4,4,8,0.0,0
1717,4,4,8,0.0,0
1718,4,4,8,0.0,0
1719,4,4,8,0.0,0
1720,4,4,8,0.0,0
1721,4,4,8,0.0,0
1722,4,4,8,0.0,0
1723,4,4,8,0.0,0
1724,4,4,8,0.0,0
1725,4,4,8,0.0,0
1726,4,4,8,0.0,0
1727,4,4,8,0.0,0
1728,4,4,8,0.0,0
1729,4,4,8,0.0,0
1730,4,4,8,0.0,0
1731,4,4,8,0.0,0
1732,4,4,8,0.0,0
1733,4,4,8,0.0,0
1734,4,4,8,0.0,0
1735,4,4,8,0.0,0
1736,4,4,8,0.0,0
1737,4,4,8,0.0,0
1738,4,4,8,0.0,0
1739,4,4,8,0.0,0
1740,4,4,8,0.0,0
1741,4,4,8,0.0,0
1742,4,4,8,0.0,0
1743,4,4,8,0.0,0
1744,4,4,8,0.0,0
1745,4,4,8,0.0,0
1746,4,4,8,0.0,0
1747,4,4,8,0.0,0
1748,4,4,8,0.0,0
1749,4,4,8,0.0,0
1750,4,4,8,0.0,0
1751,4,4,8,0.0,0
1752,4,4,8,0.0,0
1753,4,4,8,0.0,0
1754,4,4,8,0.0,0
1755,4,4,8,0.0,0
1756,4,4,8,0.0,0
1757,4,4,8,0.0,0
1758,4,4,8,0.0,0
1759,4,4,8,0.0,0
1760,4,4,8,0.0,0
1761,4,4,8,0.0,0
1762,4,4,8,0.0,0
1763,4,4,8,0.0,0
1764,4,4,8,0.0,0
1765,4,4,8,0.0,0
1766,4,4,8,0.0,0
1767,4,4,8,0.0,0
1768,4,4,8,0.0,0
1769,4,4,8,0.0,0
1770,4,4,8,0.0,0
1771,4,4,8,0.0,0
1772,4,4,8,0.0,0
1773,4,4,8,0.0,0
1774,4,4,8,0.0,0
1775,4,4,8,0.0,0
1776,4,4,8,0.0,0
1777,4,4,8,0.0,0
1778,4,4,8,0.0,0
1779,4,4,8,0.0,0
1780,4,4,8,0.0,0
1781,4,4,8,0.0,0
1782,4,4,8,0.0,0
1783,4,4,8,0.0,0
1784,4,4,8,0.0,0
1785,4,4,8,0.0,0
1786,4,4,8,0.0,0
1787,4,4,8,0.0,0
1788,4,4,8,0.0,0
1789,4,4,8,0.0,0
1790,4,4,8,0.0,0
1791,4,4,8,0.0,0
1792,4,4,8,0.0,0
1793,4,4,8,0.0,0
1794,4,4,8,0.0,0
1795,4,4,8,0.0,0
1796,4,4,8,0.0,0
1797,4,4,8,0.0,0
1798,4,4,8,0.0,0
1799,4,4,8,0.0,0
1800,4,4,8,0.0,0
1801,4,4,8,0.0,0
1802,4,4,8,0.0,0
1803,4,4,8,0.0,0
1804,4,4,8,0.0,0
1805,4,4,8,0.0,0
1806,4,4,8,0.0,0
1807,4,4,8,0.0,0
1808,4,4,8,0.0,0
1809,4,4,8,0.0,0
1810,4,4,8,0.0,0
1811,4,4,8,0.0,0
1812,4,4,8,0.0,0
1813,4,4,8,0.0,0
1814,4,4,8,0.0,0
1815,4,4,8,0.0,0
1816,4,4,8,0.0,0
1817,4,4,8,0.0,0
1818,4,4,8,0.0,0
1819,4,4,8,0.0,0
1820,4,4,8,0.0,0
1821,4,4,8,0.0,0
1822,4,4,8,0.0,0
1823,4,4,8,0.0,0
1824,4,4,8,0.0,0
1825,4,4,8,0.0,0
1826,4,4,8,0.0,0
1827,4,4,8,0.0,0
1828,4,4,8,0.0,0
1829,4,4,8,0.0,0
1830,4,4,8,0.0,0
1831,4,4,8,0.0,0
1832,4,4,8,0.0,0
1833,4,4,8,0.0,0
1834,4,4,8,0.0,0
1835,4,4,8,0.0,0
1836,4,4,8,0.0,0
1837,4,4,8,0.0,0
1838,4,4,8,0.0,0
1839,4,4,8,0.0,0
1840,4,4,8,0.0,0
1841,4,4,8,0.0,0
1842,4,4,8,0.0,0
1843,4,4,8,0.0,0
1844,4,4,8,0.0,0
1845,4,4,8,0.0,0
1846,4,4,8,0.0,0
1847,4,4,8,0.0,0
1848,4,4,8,0.0,0
1849,4,4,8,0.0,0
1850,4,4,8,0.0,0
1851,4,4,8,0.0,0
1852,4,4,8,0.0,0
1853,4,4,8,0.0,0
1854,4,4,8,0.0,0
1855,4,4,8,0.0,0
1856,4,4,8,0.0,0
1857,4,4,8,0.0,0
1858,4,4,8,0.0,0
1859,4,4,8,0.0,0
1860,4,4,8,0.0,0
1861,4,4,8,0.0,0
1862,4,4,8,0.0,0
1863,4,4,8,0.0,0
1864,4,4,8,0.0,0
1865,4,4,8,0.0,0
1866,4,4,8,0.0,0
1867,4,4,8,0.0,0
1868,4,4,8,0.0,0
1869,4,4,8,0.0,0
1870,4,4,8,0.0,0
1871,4,4,8,0.0,0
1872,4,4,8,0.0,0
1873,4,4,8,0.0,0
1874,4,4,8,0.0,0
1875,4,4,8,0.0,0
1876,4,4,8,0.0,0
1877,4,4,8,0.0,0
1878,4,4,8,0.0,0
1879,4,4,8,0.0,0
1880,4,4,8,0.0,0
1881,4,4,8,0.0,0
1882,4,4,8,0.0,0
1883,4,4,8,0.0,0
1884,4,5,9,0.0,0
1885,4,5,9,0.0,0
1886,4,5,9,0.0,0
1887,4,5,9,0.0,0
1888,4,5,9,0.0,0
1889,4,5,9,0.0,0
1890,4,5,9,0.0,0
1891,4,5,9,0.0,0
1892,4,5,9,0.0,0
1893,4,5,9,0.0,0
1894,4,5,9,0.0,0
1895,4,5,9,0.0,0
1896,4,5,9,0.0,0
1897,4,5,9,0.0,0
1898,4,5,9,0.0,0
1899,4,5,9,0.0,0
1900,4,5,9,0.0,0
1901,4,5,9,0.0,0
1902,4,5,9,0.0,0
1903,4,5,9,0.0,0
1904,4,5,9,0.0,0
1905,4,5,9,0.0,0
1906,4,5,9,0.0,0
1907,4,5,9,0.0,0
1908,4,5,9,0.0,0
1909,4,5,9,0.0,0
1910,4,5,9,0.0,0
1911,4,5,9,0.0,0
1912,4,5,9,0.0,0
1913,4,5,9,0.0,0
1914,4,5,9,0.0,0
1915,4,5,9,0.0,0
1916,4,5,9,0.0,0
1917,4,5,9,0.0,0
1918,4,5,9,0.0,0
1919,4,5,9,0.0,0
1920,4,5,9,0.0,0
1921,4,5,9,0.0,0
1922,4,5,9,0.0,0
1923,4,5,9,0.0,0
1924,4,5,9,0.0,0
1925,4,5,9,0.0,0
1926,4,5,9,0.0,0
1927,4,5,9,0.0,0
1928,4,5,9,0.0,0
1929,4,5,9,0.0,0
1930,4,5,9,0.0,0
1931,4,5,9,0.0,0
1932,4,5,9,0.0,0
1933,4,5,9,0.0,0
1934,4,5,9,0.0,0
1935,4,5,9,0.0,0
1936,4,5,9,0.0,0
1937,4,5,9,0.0,0
1938,4,5,9,0.0,0
1939,4,5,9,0.0,0
1940,4,5,9,0.0,0
1941,4,5,9,0.0,0
1942,4,5,9,0.0,0
1943,4,5,9,0.0,0
1944,4,5,9,0.0,0
1945,4,5,9,0.0,0
1946,4,5,9,0.0,0
1947,4,5,9,0.0,0
1948,4,5,9,0.0,0
1949,4,5,9,0.0,0
1950,4,5,9,0.0,0
1951,4,5,9,0.0,0
1952,4,5,9,0.0,0
1953,4,5,9,0.0,0
1954,4,5,9,0.0,0
1955,4,5,9,0.0,0
1956,4,5,9,0.0,0
1957,4,5,9,0.0,0
1958,4,5,9,0.0,0
1959,4,5,9,0.0,0
1960,4,5,9,0.0,0
1961,4,5,9,0.0,0
1962,4,5,9,0.0,0
1963,4,5,9,0.0,0
1964,4,5,9,0.0,0
1965,4,5,9,0.0,0
1966,4,5,9,0.0,0
1967,4,5,9,0.0,0
1968,4,5,9,0.0,0
1969,4,5,9,0.0,0
1970,4,5,9,0.0,0
1971,4,5,9,0.0,0
1972,4,5,9,0.0,0
1973,4,5,9,0.0,0
1974,4,5,9,0.0,0
1975,4,5,9,0.0,0
1976,4,5,9,0.0,0
1977,4,5,9,0.0,0
1978,4,5,9,0.0,0
1979,4,5,9,0.0,0
1980,4,5,9,0.0,0
1981,4,5,9,0.0,0
1982,4,5,9,0.0,0
1983,4,5,9,0.0,0
1984,4,5,9,0.0,0
1985,4,5,9,0.0,0
1986,4,5,9,0.0,0
1987,4,5,9,0.0,0
1988,4,5,9,0.0,0
1989,4,5,9,0.0,0
1990,4,5,9,0.0,0
1991,4,5,9,0.0,0
1992,4,5,9,0.0,0
1993,4,5,9,0.0,0
1994,4,5,9,0.0,0
1995,4,5,9,0.0,0
1996,4,5,9,0.0,0
1997,4,5,9,0.0,0
1998,4,5,9,0.0,0
1999,4,5,9,0.0,0
2000,4,5,9,0.0,0
2001,4,5,9,0.0,0
2002,4,5,9,0.0,0
2003,4,5,9,0.0,0
2004,4,5,9,0.0,0
2005,4,5,9,0.0,0
2006,4,5,9,0.0,0
2007,4,5,9,0.0,0
2008,4,5,9,0.0,0
2009,4,5,9,0.0,0
2010,4,5,9,0.0,0
2011,4,5,9,0.0,0
2012,4,5,9,0.0,0
2013,4,5,9,0.0,0
2014,4,5,9,0.0,0
2015,4,5,9,0.0,0
2016,4,5,9,0.0,0
2017,4,5,9,0.0,0
2018,4,5,9,0.0,0
2019,4,5,9,0.0,0
2020,4,5,9,0.0,0
2021,4,5,9,0.0,0
2022,4,5,9,0.0,0
2023,4,5,9,0.0,0
2024,4,5,9,0.0,0
2025,4,5,9,0.0,0
2026,4,5,9,0.0,0
2027,4,5,9,0.0,0
2028,4,5,9,0.0,0
2029,4,5,9,0.0,0
2030,4,5,9,0.0,0
2031,4,5,9,0.0,0
2032,4,5,9,0.0,0
2033,4,5,9,0.0,0
2034,4,5,9,0.0,0
2035,4,5,9,0.0,0
2036,4,5,9,0.0,0
2037,4,5,9,0.0,0
2038,4,5,9,0.0,0
2039,4,5,9,0.0,0
2040,4,5,9,0.0,0
2041,4,5,9,0.0,0
2042,4,5,9,0.0,0
2043,4,5,9,0.0,0
2044,4,5,9,0.0,0
2045,4,5,9,0.0,0
2046,4,5,9,0.0,0
2047,4,5,9,0.0,0
2048,4,5,9,0.0,0
2049,4,5,9,0.0,0
2050,4,5,9,0.0,0
2051,4,5,9,0.0,0
2052,4,5,9,0.0,0
2053,4,5,9,0.0,0
2054,4,5,9,0.0,0
2055,4,5,9,0.0,0
2056,4,5,9,0.0,0
2057,4,5,9,0.0,0
2058,4,5,9,0.0,0
2059,4,5,9,0.0,0
2060,4,5,9,0.0,0
2061,4,5,9,0.0,0
2062,4,5,9,0.0,0
2063,4,5,9,0.0,0
2064,4,5,9,0.0,0
2065,4,5,9,0.0,0
2066,4,5,9,0.0,0
2067,4,5,9,0.0,0
2068,4,5,9,0.0,0
2069,4,5,9,0.0,0
2070,4,5,9,0.0,0
2071,4,5,9,0.0,0
2072,4,5,9,0.0,0
2073,4,5,9,0.0,0
2074,4,5,9,0.0,0
2075,4,5,9,0.0,0
2076,4,5,9,0.0,0
2077,4,5,9,0.0,0
2078,4,5,9,0.0,0
2079,4,5,9,0.0,0
2080,4,5,9,0.0,0
2081,4,5,9,0.0,0
2082,4,5,9,0.0,0
2083,4,5,9,0.0,0
2084,4,5,9,0.0,0
2085,4,5,9,0.0,0
2086,4,5,9,0.0,0
2087,4,5,9,0.0,0
2088,4,5,9,0.0,0
2089,4,5,9,0.0,0
2090,4,5,9,0.0,0
2091,4,5,9,0.0,0
2092,4,5,9,0.0,0
2093,4,5,9,0.0,0
2094,4,5,9,0.0,0
2095,4,5,9,0.0,0
2096,4,5,9,0.0,0
2097,4,5,9,0.0,0
2098,4,5,9,0.0,0
2099,4,5,9,0.0,0
2100,4,5,9,0.0,0
2101,4,5,9,0.0,0
2102,4,5,9,0.0,0
2103,4,5,9,0.0,0
2104,4,5,9,0.0,0
2105,4,5,9,0.0,0
2106,4,5,9,0.0,0
2107,4,5,9,0.0,0
2108,4,5,9,0.0,0
2109,4,5,9,0.0,0
2110,4,5,9,0.0,0
2111,4,5,9,0.0,0
2112,4,5,9,0.0,0
2113,4,5,9,0.0,0
2114,4,5,9,0.0,0
2115,4,5,9,0.0,0
2116,4,5,9,0.0,0
2117,4,5,9,0.0,0
2118,4,5,9,0.0,0
2119,4,5,9,0.0,0
2120,4,5,9,0.0,0
2121,4,5,9,0.0,0
2122,4,5,9,0.0,0
2123,4,5,9,0.0,0
2124,4,5,9,0.0,0
2125,4,5,9,0.0,0
2126,4,5,9,0.0,0
2127,4,5,9,0.0,0
2128,4,5,9,0.0,0
2129,4,5,9,0.0,0
2130,4,5,9,0.0,0
2131,4,5,9,0.0,0
2132,4,5,9,0.0,0
2133,4,5,9,0.0,0
2134,4,5,9,0.0,0
2135,4,5,9,0.0,0
2136,4,5,9,0.0,0
2137,4,5,9,0.0,0
2138,4,5,9,0.0,0
2139,4,5,9,0.0,0
2140,4,5,9,0.0,0
2141,4,5,9,0.0,0
2142,4,5,9,0.0,0
2143,4,5,9,0.0,0
2144,4,5,9,0.0,0
2145,4,5,9,0.0,0
2146,4,5,9,0.0,0
2147,4,5,9,0.0,0
2148,4,5,9,0.0,0
2149,4,5,9,0.0,0
2150,4,5,9,0.0,0
2151,4,5,9,0.0,0
2152,4,5,9,0.0,0
2153,4,5,9,0.0,0
2154,4,5,9,0.0,0
2155,4,5,9,0.0,0
2156,4,5,9,0.0,0
2157,4,5,9,0.0,0
2158,4,5,9,0.0,0
2159,4,5,9,0.0,0
2160,4,5,9,0.0,0
2161,4,5,9,0.0,0
2162,4,5,9,0.0,0
2163,4,5,9,0.0,0
2164,4,5,9,0.0,0
2165,4,5,9,0.0,0
2166,4,5,9,0.0,0
2167,4,5,9,0.0,0
2168,4,5,9,0.0,0
2169,4,5,9,0.0,0
2170,4,5,9,0.0,0
2171,4,5,9,0.0,0
2172,4,5,9,0.0,0
2173,4,5,9,0.0,0
2174,4,5,9,0.0,0
2175,4,5,9,0.0,0
2176,4,5,9,0.0,0
2177,4,5,9,0.0,0
2178,4,5,9,0.0,0
2179,4,5,9,0.0,0
2180,4,5,9,0.0,0
2181,4,5,9,0.0,0
2182,4,5,9,0.0,0
2183,4,5,9,0.0,0
2184,4,5,9,0.0,0
2185,4,5,9,0.0,0
2186,4,5,9,0.0,0
2187,4,5,9,0.0,0
2188,4,5,9,0.0,0
2189,4,5,9,0.0,0
2190,4,5,9,0.0,0
2191,4,5,9,0.0,0
2192,4,5,9,0.0,0
2193,4,5,9,0.0,0
2194,4,5,9,0.0,0
2195,4,5,9,0.0,0
2196,4,5,9,0.0,0
2197,4,5,9,0.0,0
2198,4,5,9,1.0,1
2199,4,5,9,2.0,2
2200,4,5,9,3.0,3
2201,4,5,9,4.0,4
2202,4,5,9,5.0,5
2203,4,5,9,6.0,6
2204,4,5,9,7.0,7
2205,4,5,9,8.0,8
2206,4,5,9,9.0,9
2207,4,5,9,10.0,10
2208,4,5,9,11.0,11
2209,4,5,9,12.0,12
2210,4,5,9,13.0,13
2211,4,5,9,14.0,14
2212,4,5,9,15.0,15
2213,4,5,9,16.0,16
2214,4,5,9,17.0,17
2215,4,5,9,18.0,18
2216,4,5,9,19.0,19
2217,4,5,9,20.0,20
2218,4,5,9,21.0,21
2219,4,5,9,22.0,22
2220,4,5,9,23.0,23
2221,4,5,9,24.0,24
2222,4,5,9,25.0,25
2223,4,5,9,26.0,26
2224,4,5,9,27.0,27
2225,4,5,9,28.0,28
2226,4,5,9,29.0,29
2227,4,5,9,30.0,30
2228,4,5,9,31.0,31
2229,4,5,9,32.0,32
2230,4,5,9,33.0,33
2231,4,5,9,34.0,34
2232,4,5,9,35.0,35
2233,4,5,9,36.0,36
2234,4,5,9,37.0,37
2235,4,5,9,38.0,38
2236,4,5,9,39.0,39
2237,4,5,9,40.0,40
2238,4,5,9,41.0,41
2239,4,5,9,42.0,42
2240,4,5,9,43.0,43
2241,4,5,9,44.0,44
2242,4,5,9,45.0,45
2243,4,5,9,46.0,46
2244,4,5,9,47.0,47
2245,4,5,9,48.0,48
2246,4,5,9,49.0,49
2247,4,5,9,50.0,50
2248,4,5,9,51.0,51
2249,4,5,9,52.0,52
2250,4,5,9,53.0,53
2251,4,5,9,54.0,54
2252,4,5,9,55.0,55
2253,4,5,9,56.0,56
2254,4,5,9,57.0,57
2255,4,5,9,58.0,58
2256,4,5,9,59.0,59
2257,4,5,9,60.0,60
2258,4,5,9,61.0,61
2259,4,5,9,62.0,62
2260,4,5,9,63.0,63
2261,4,5,9,64.0,64
2262,4,5,9,65.0,65
2263,4,5,9,66.0,66
2264,4,5,9,67.0,67
2265,4,5,9,68.0,68
2266,4,5,9,69.0,69
2267,4,5,9,70.0,70
2268,4,5,9,71.0,71
2269,4,5,9,72.0,72
2270,4,5,9,73.0,73
2271,4,5,9,74.0,74
2272,4,5,9,75.0,75
2273,4,5,9,76.0,76
2274,4,5,9,77.0,77
2275,4,5,9,78.0,78
2276,4,5,9,79.0,79
2277,4,5,9,80.0,80
2278,4,5,9,81.0,81
2279,4,5,9,82.0,82
2280,4,5,9,83.0,83
2281,4,5,9,84.0,84
2282,4,5,9,85.0,85
2283,4,5,9,86.0,86
2284,4,5,9,87.0,87
2285,4,5,9,88.0,88
2286,4,5,9,89.0,89
2287,4,5,9,90.0,90
2288,4,5,9,91.0,91
2289,4,5,9,92.0,92
2290,4,5,9,93.0,93
2291,4,5,9,94.0,94
2292,4,5,9,95.0,95
2293,4,5,9,96.0,96
2294,4,5,9,97.0,97
2295,4,5,9,98.0,98
2296,4,5,9,99.0,99
2297,4,5,9,100.0,100
2298,4,5,9,101.0,101
2299,4,5,9,102.0,102
2300,4,5,9,103.0,103
2301,4,5,9,104.0,104
2302,4,5,9,105.0,105
2303,4,5,9,106.0,106
2304,4,5,9,107.0,107
2305,4,5,9,108.0,108
2306,4,5,9,109.0,109
2307,4,5,9,110.0,110
2308,4,5,9,111.0,111
2309,4,5,9,112.0,112
2310,4,5,9,113.0,113
2311,4,5,9,114.0,114
2312,4,5,9,115.0,115
2313,4,5,9,116.0,116
2314,4,5,9,117.0,117
2315,4,5,9,118.0,118
2316,4,5,9,119.0,119
2317,4,5,9,120.0,120
2318,4,5,9,121.0,121
2319,4,5,9,122.0,122
2320,4,5,9,123.0,123
2321,4,5,9,124.0,124
2322,4,5,9,125.0,125
2323,4,5,9,126.0,126
2324,4,5,9,127.0,127
2325,4,5,9,128.0,128
2326,4,5,9,129.0,129
2327,4,5,9,130.0,130
2328,4,5,9,131.0,131
2329,4,5,9,132.0,132
2330,4,5,9,133.0,133
2331,4,5,9,134.0,134
2332,4,5,9,135.0,135
2333,4,5,9,136.0,136
2334,4,5,9,137.0,137
2335,4,5,9,138.0,138
2336,4,5,9,139.0,139
2337,4,5,9,140.0,140
2338,4,5,9,141.0,141
2339,4,5,9,142.0,142
2340,4,5,9,143.0,143
2341,4,5,9,144.0,144
2342,4,5,9,145.0,145
2343,4,5,9,146.0,146
2344,4,5,9,147.0,147
2345,4,5,9,148.0,148
2346,4,5,9,149.0,149
2347,4,5,9,150.0,150
2348,4,5,9,151.0,151
2349,4,5,9,152.0,152
2350,4,5,9,153.0,153
2351,4,5,9,154.0,154
2352,4,5,9,155.0,155
2353,4,5,9,156.0,156
2354,4,5,9,157.0,157
2355,5,5,10,158.0,158
2356,5,5,10,158.0,158
2357,5,5,10,158.0,158
2358,5,5,10,158.0,158
2359,5,5,10,158.0,158
2360,5,5,10,158.0,158
2361,5,5,10,158.0,158
2362,5,5,10,158.0,158
2363,5,5,10,158.0,158
2364,5,5,10,158.0,158
2365,5,5,10,158.0,158
2366,5,5,10,158.0,158
2367,5,5,10,158.0,158
2368,5,5,10,158.0,158
2369,5,5,10,158.0,158
2370,5,5,10,158.0,158
2371,5,5,10,158.0,158
2372,5,5,10,158.0,158
2373,5,5,10,158.0,158
2374,5,5,10,158.0,158
2375,5,5,10,158.0,158
2376,5,5,10,158.0,158
2377,5,5,10,158.0,158
2378,5,5,10,158.0,158
2379,5,5,10,158.0,158
2380,5,5,10,158.0,158
2381,5,5,10,158.0,158
2382,5,5,10,158.0,158
2383,5,5,10,158.0,158
2384,5,5,10,158.0,158
2385,5,5,10,158.0,158
2386,5,5,10,158.0,158
2387,5,5,10,158.0,158
2388,5,5,10,158.0,158
2389,5,5,10,158.0,158
2390,5,5,10,158.0,158
2391,5,5,10,158.0,158
2392,5,5,10,158.0,158
2393,5,5,10,158.0,158
2394,5,5,10,158.0,158
2395,5,5,10,0.0,0
2396,5,5,10,0.0,0
2397,5,5,10,0.0,0
2398,5,5,10,0.0,0
2399,5,5,10,0.0,0
2400,5,5,10,0.0,0
2401,5,5,10,0.0,0
2402,5,5,10,0.0,0
2403,5,5,10,0.0,0
2404,5,5,10,0.0,0
2405,5,5,10,0.0,0
2406,5,5,10,0.0,0
2407,5,5,10,0.0,0
2408,5,5,10,0.0,0
2409,5,5,10,0.0,0
2410,5,5,10,0.0,0
2411,5,5,10,0.0,0
2412,5,5,10,0.0,0
2413,5,5,10,0.0,0
2414,5,5,10,0.0,0
2415,5,5,10,0.0,0
2416,5,5,10,0.0,0
2417,5,5,10,0.0,0
2418,5,5,10,0.0,0
2419,5,5,10,0.0,0
2420,5,5,10,0.0,0
2421,5,5,10,0.0,0
2422,5,5,10,0.0,0
2423,5,5,10,0.0,0
2424,5,5,10,0.0,0
2425,5,5,10,0.0,0
2426,5,5,10,0.0,0
2427,5,5,10,0.0,0
2428,5,5,10,0.0,0
2429,5,5,10,0.0,0
2430,5,5,10,0.0,0
2431,5,5,10,0.0,0
2432,5,5,10,0.0,0
2433,5,5,10,0.0,0
2434,5,5,10,0.0,0
2435,5,5,10,0.0,0
2436,5,5,10,0.0,0
2437,5,5,10,0.0,0
2438,5,5,10,0.0,0
2439,5,5,10,0.0,0
2440,5,5,10,0.0,0
2441,5,5,10,0.0,0
2442,5,5,10,0.0,0
2443,5,5,10,0.0,0
2444,5,5,10,0.0,0
2445,5,5,10,0.0,0
2446,5,5,10,0.0,0
2447,5,5,10,0.0,0
2448,5,5,10,0.0,0
2449,5,5,10,0.0,0
2450,5,5,10,0.0,0
2451,5,5,10,0.0,0
2452,5,5,10,0.0,0
2453,5,5,10,0.0,0
2454,5,5,10,0.0,0
2455,5,5,10,0.0,0
2456,5,5,10,0.0,0
2457,5,5,10,0.0,0
2458,5,5,10,0.0,0
2459,5,5,10,0.0,0
2460,5,5,10,0.0,0
2461,5,5,10,0.0,0
2462,5,5,10,0.0,0
2463,5,5,10,0.0,0
2464,5,5,10,0.0,0
2465,5,5,10,0.0,0
2466,5,5,10,0.0,0
2467,5,5,10,0.0,0
2468,5,5,10,0.0,0
2469,5,5,10,0.0,0
2470,5,5,10,1.0,1
2471,5,5,10,2.0,2
2472,5,5,10,3.0,3
2473,5,5,10,4.0,4
2474,5,5,10,5.0,5
2475,5,5,10,6.0,6
2476,5,5,10,7.0,7
2477,5,5,10,8.0,8
2478,5,5,10,9.0,9
2479,5,5,10,10.0,10
2480,5,5,10,11.0,11
2481,5,5,10,12.0,12
2482,5,5,10,13.0,13
2483,5,5,10,14.0,14
2484,5,5,10,15.0,15
2485,5,5,10,16.0,16
2486,5,5,10,17.0,17
2487,5,5,10,18.0,18
2488,5,5,10,19.0,19
2489,5,5,10,20.0,20
2490,5,5,10,21.0,21
2491,5,5,10,22.0,22
2492,5,5,10,23.0,23
2493,5,5,10,24.0,24
2494,5,5,10,25.0,25
2495,5,5,10,26.0,26
2496,5,5,10,27.0,27
2497,5,5,10,28.0,28
2498,5,5,10,29.0,29
2499,5,5,10,30.0,30
2500,5,5,10,31.0,31
2501,5,5,10,32.0,32
2502,5,5,10,33.0,33
2503,5,5,10,34.0,34
2504,5,5,10,35.0,35
2505,5,5,10,36.0,36
2506,5,5,10,37.0,37
2507,5,5,10,38.0,38
2508,5,5,10,39.0,39
2509,5,5,10,40.0,40
2510,5,5,10,41.0,41
2511,5,5,10,42.0,42
2512,5,5,10,43.0,43
2513,5,5,10,44.0,44
2514,5,5,10,45.0,45
2515,5,5,10,46.0,46
2516,5,5,10,47.0,47
2517,5,5,10,48.0,48
2518,5,5,10,49.0,49
2519,5,5,10,50.0,50
2520,5,5,10,51.0,51
2521,5,5,10,52.0,52
2522,5,5,10,53.0,53
2523,5,5,10,54.0,54
2524,5,5,10,55.0,55
2525,5,5,10,56.0,56
2526,5,5,10,57.0,57
2527,5,5,10,58.0,58
2528,5,5,10,59.0,59
2529,5,5,10,60.0,60
2530,5,5,10,61.0,61
2531,5,5,10,62.0,62
2532,5,5,10,63.0,63
2533,5,5,10,64.0,64
2534,5,5,10,65.0,65
2535,5,5,10,66.0,66
2536,5,5,10,67.0,67
2537,5,5,10,68.0,68
2538,5,5,10,69.0,69
2539,5,5,10,70.0,70
2540,5,5,10,71.0,71
2541,5,5,10,72.0,72
2542,5,5,10,73.0,73
2543,5,5,10,74.0,74
2544,5,5,10,75.0,75
2545,5,5,10,76.0,76
2546,5,5,10,77.0,77
2547,5,5,10,78.0,78
2548,5,5,10,79.0,79
2549,5,5,10,80.0,80
2550,5,5,10,81.0,81
2551,5,5,10,82.0,82
2552,5,5,10,83.0,83
2553,5,5,10,84.0,84
2554,5,5,10,85.0,85
2555,5,5,10,86.0,86
2556,5,5,10,87.0,87
2557,5,5,10,88.0,88
2558,5,5,10,89.0,89
2559,5,5,10,90.0,90
2560,5,5,10,91.0,91
2561,5,5,10,92.0,92
2562,5,5,10,93.0,93
2563,5,5,10,94.0,94
2564,5,5,10,95.0,95
2565,5,5,10,96.0,96
2566,5,5,10,97.0,97
2567,5,5,10,98.0,98
2568,5,5,10,99.0,99
2569,5,5,10,100.0,100
2570,5,5,10,101.0,101
2571,5,5,10,102.0,102
2572,5,5,10,103.0,103
2573,5,5,10,104.0,104
2574,5,5,10,105.0,105
2575,5,5,10,106.0,106
2576,5,5,10,107.0,107
2577,5,5,10,108.0,108
2578,5,5,10,109.0,109
2579,5,5,10,110.0,110
2580,5,5,10,111.0,111
2581,5,5,10,112.0,112
2582,5,5,10,113.0,113
2583,5,5,10,114.0,114
2584,5,5,10,115.0,115
2585,6,5,11,116.0,116
2586,6,5,11,116.0,116
2587,6,5,11,116.0,116
2588,6,5,11,116.0,116
2589,6,5,11,116.0,116
2590,6,5,11,116.0,116
2591,6,5,11,116.0,116
2592,6,5,11,116.0,116
2593,6,5,11,116.0,116
2594,6,5,11,116.0,116
2595,6,5,11,116.0,116
2596,6,5,11,116.0,116
2597,6,5,11,116.0,116
2598,6,5,11,116.0,116
2599,6,5,11,116.0,116
2600,6,5,11,116.0,116
2601,6,5,11,116.0,116
2602,6,5,11,116.0,116
2603,6,5,11,116.0,116
2604,6,5,11,116.0,116
2605,6,5,11,116.0,116
2606,6,5,11,116.0,116
2607,6,5,11,116.0,116
2608,6,5,11,116.0,116
2609,6,5,11,116.0,116
2610,6,5,11,116.0,116
2611,6,5,11,116.0,116
2612,6,5,11,116.0,116
2613,6,5,11,116.0,116
2614,6,5,11,116.0,116
2615,6,5,11,116.0,116
2616,6,5,11,116.0,116
2617,6,5,11,116.0,116
2618,6,5,11,0.0,0
2619,6,5,11,0.0,0
2620,6,5,11,0.0,0
2621,6,5,11,0.0,0
2622,6,5,11,0.0,0
2623,6,5,11,0.0,0
2624,6,5,11,0.0,0
2625,6,5,11,0.0,0
2626,6,5,11,0.0,0
2627,6,5,11,0.0,0
2628,6,5,11,0.0,0
2629,6,5,11,0.0,0
2630,6,5,11,0.0,0
2631,6,5,11,0.0,0
2632,6,5,11,0.0,0
2633,6,5,11,0.0,0
2634,6,5,11,0.0,0
2635,6,5,11,0.0,0
2636,6,5,11,0.0,0
2637,6,5,11,0.0,0
2638,6,5,11,0.0,0
2639,6,5,11,0.0,0
2640,6,5,11,0.0,0
2641,6,5,11,0.0,0
2642,6,5,11,0.0,0
2643,6,5,11,0.0,0
2644,6,5,11,0.0,0
2645,6,5,11,0.0,0
2646,6,5,11,0.0,0
2647,6,5,11,0.0,0
2648,6,5,11,0.0,0
2649,6,5,11,0.0,0
2650,6,5,11,0.0,0
2651,6,5,11,0.0,0
2652,6,5,11,0.0,0
2653,6,5,11,0.0,0
2654,6,5,11,0.0,0
2655,6,5,11,0.0,0
2656,6,5,11,0.0,0
2657,6,5,11,0.0,0
2658,6,5,11,0.0,0
2659,6,5,11,0.0,0
2660,6,5,11,0.0,0
2661,6,5,11,0.0,0
2662,6,5,11,0.0,0
2663,6,5,11,0.0,0
2664,6,5,11,0.0,0
2665,6,5,11,0.0,0
2666,6,5,11,0.0,0
2667,6,5,11,0.0,0
2668,6,5,11,0.0,0
2669,6,5,11,0.0,0
2670,6,5,11,0.0,0
2671,6,5,11,0.0,0
2672,6,5,11,0.0,0
2673,6,5,11,0.0,0
2674,6,5,11,0.0,0
2675,6,5,11,0.0,0
2676,6,5,11,0.0,0
2677,6,5,11,0.0,0
2678,6,5,11,0.0,0
2679,6,5,11,0.0,0
2680,6,5,11,0.0,0
2681,6,5,11,0.0,0
2682,6,5,11,0.0,0
2683,6,5,11,0.0,0
2684,6,5,11,0.0,0
2685,6,5,11,0.0,0
2686,6,5,11,0.0,0
2687,6,5,11,0.0,0
2688,6,5,11,0.0,0
2689,6,5,11,0.0,0
2690,6,5,11,0.0,0
2691,6,5,11,0.0,0
2692,6,5,11,0.0,0
2693,6,5,11,0.0,0
2694,6,5,11,0.0,0
2695,6,5,11,0.0,0
2696,6,5,11,0.0,0
2697,6,5,11,0.0,0
2698,6,5,11,0.0,0
2699,6,5,11,0.0,0
2700,6,5,11,0.0,0
2701,6,5,11,0.0,0
2702,6,5,11,0.0,0
2703,6,5,11,0.0,0
2704,6,5,11,0.0,0
2705,6,5,11,0.0,0
2706,6,5,11,0.0,0
2707,6,5,11,0.0,0
2708,6,5,11,0.0,0
2709,6,5,11,0.0,0
2710,6,5,11,0.0,0
2711,6,5,11,0.0,0
2712,6,5,11,0.0,0
2713,6,5,11,0.0,0
2714,6,5,11,0.0,0
2715,6,5,11,0.0,0
2716,6,5,11,0.0,0
2717,6,5,11,0.0,0
2718,6,5,11,0.0,0
2719,6,5,11,0.0,0
2720,6,5,11,0.0,0
2721,6,5,11,0.0,0
2722,6,5,11,0.0,0
2723,6,5,11,0.0,0
2724,6,5,11,0.0,0
2725,6,5,11,0.0,0
2726,6,5,11,0.0,0
2727,6,5,11,0.0,0
2728,6,5,11,0.0,0
2729,6,5,11,0.0,0
2730,6,5,11,0.0,0
2731,6,5,11,0.0,0
2732,6,5,11,0.0,0
2733,6,5,11,0.0,0
2734,6,5,11,0.0,0
2735,6,5,11,0.0,0
2736,6,5,11,0.0,0
2737,6,5,11,0.0,0
2738,6,5,11,0.0,0
2739,6,5,11,0.0,0
2740,6,5,11,0.0,0
2741,6,5,11,0.0,0
2742,6,5,11,0.0,0
2743,6,5,11,0.0,0
2744,6,5,11,0.0,0
2745,6,5,11,0.0,0
2746,6,5,11,0.0,0
2747,6,5,11,0.0,0
2748,6,5,11,0.0,0
2749,6,5,11,0.0,0
2750,6,5,11,0.0,0
2751,6,5,11,0.0,0
2752,6,5,11,0.0,0
2753,6,5,11,0.0,0
2754,6,5,11,0.0,0
2755,6,5,11,0.0,0
2756,6,5,11,0.0,0
2757,6,5,11,0.0,0
2758,6,5,11,0.0,0
2759,6,5,11,0.0,0
2760,6,5,11,0.0,0
2761,6,5,11,0.0,0
2762,6,5,11,0.0,0
2763,6,5,11,0.0,0
2764,6,5,11,0.0,0
2765,6,5,11,0.0,0
2766,6,5,11,0.0,0
2767,6,5,11,0.0,0
2768,6,5,11,0.0,0
2769,6,5,11,0.0,0
2770,6,5,11,0.0,0
2771,6,5,11,0.0,0
2772,6,5,11,0.0,0
2773,6,5,11,0.0,0
2774,6,5,11,0.0,0
2775,6,5,11,0.0,0
2776,6,5,11,0.0,0
2777,6,5,11,0.0,0
2778,6,5,11,0.0,0
2779,6,5,11,0.0,0
2780,6,5,11,0.0,0
2781,6,5,11,0.0,0
2782,6,5,11,0.0,0
2783,6,5,11,0.0,0
2784,6,5,11,0.0,0
2785,6,5,11,0.0,0
2786,6,5,11,0.0,0
2787,6,5,11,0.0,0
2788,6,5,11,0.0,0
2789,6,5,11,0.0,0
2790,6,5,11,0.0,0
2791,6,5,11,0.0,0
2792,6,5,11,0.0,0
2793,6,5,11,0.0,0
2794,6,5,11,0.0,0
2795,6,5,11,0.0,0
2796,6,5,11,0.0,0
2797,6,5,11,0.0,0
2798,6,5,11,0.0,0
2799,6,5,11,0.0,0
2800,6,5,11,0.0,0
2801,6,5,11,0.0,0
2802,6,5,11,0.0,0
2803,6,5,11,0.0,0
2804,6,5,11,0.0,0
2805,6,5,11,0.0,0
2806,6,5,11,0.0,0
2807,6,5,11,0.0,0
2808,6,5,11,0.0,0
2809,6,5,11,0.0,0
2810,6,5,11,0.0,0
2811,6,5,11,0.0,0
2812,6,5,11,0.0,0
2813,6,5,11,0.0,0
2814,6,5,11,0.0,0
2815,6,5,11,0.0,0
2816,6,5,11,0.0,0
2817,6,5,11,0.0,0
2818,6,5,11,0.0,0
2819,6,5,11,0.0,0
2820,6,5,11,0.0,0
2821,6,5,11,0.0,0
2822,6,5,11,0.0,0
2823,6,5,11,0.0,0
2824,6,5,11,0.0,0
2825,6,5,11,0.0,0
2826,6,5,11,0.0,0
2827,6,5,11,0.0,0
2828,6,5,11,0.0,0
2829,6,5,11,0.0,0
2830,6,5,11,0.0,0
2831,6,5,11,0.0,0
2832,6,5,11,0.0,0
2833,6,5,11,0.0,0
2834,6,5,11,0.0,0
2835,6,5,11,0.0,0
2836,6,5,11,0.0,0
2837,6,5,11,0.0,0
2838,6,5,11,0.0,0
2839,6,5,11,0.0,0
2840,6,5,11,0.0,0
2841,6,5,11,0.0,0
2842,6,5,11,0.0,0
2843,6,5,11,0.0,0
2844,6,5,11,0.0,0
2845,6,5,11,0.0,0
2846,6,5,11,0.0,0
2847,6,5,11,0.0,0
2848,6,5,11,0.0,0
2849,6,5,11,0.0,0
2850,6,5,11,0.0,0
2851,6,5,11,0.0,0
2852,6,5,11,0.0,0
2853,6,5,11,0.0,0
2854,6,5,11,0.0,0
2855,6,5,11,0.0,0
2856,6,5,11,0.0,0
2857,6,5,11,0.0,0
2858,6,5,11,0.0,0
2859,6,5,11,0.0,0
2860,6,5,11,0.0,0
2861,6,5,11,0.0,0
2862,6,5,11,0.0,0
2863,6,5,11,0.0,0
2864,6,5,11,0.0,0
2865,6,5,11,0.0,0
2866,6,5,11,0.0,0
2867,6,5,11,0.0,0
2868,6,5,11,0.0,0
2869,6,5,11,0.0,0
2870,6,5,11,0.0,0
2871,6,5,11,0.0,0
2872,6,5,11,0.0,0
2873,6,5,11,0.0,0
2874,6,5,11,0.0,0
2875,6,5,11,0.0,0
2876,6,5,11,0.0,0
2877,6,5,11,0.0,0
2878,6,5,11,0.0,0
2879,6,5,11,0.0,0
2880,6,5,11,0.0,0
2881,6,5,11,0.0,0
2882,6,5,11,0.0,0
2883,6,5,11,0.0,0
2884,6,5,11,0.0,0
2885,6,5,11,0.0,0
2886,6,5,11,0.0,0
2887,6,5,11,0.0,0
2888,6,5,11,0.0,0
2889,6,5,11,0.0,0
2890,6,5,11,0.0,0
2891,6,5,11,0.0,0
2892,6,5,11,0.0,0
2893,6,5,11,0.0,0
2894,6,5,11,0.0,0
2895,6,5,11,0.0,0
2896,6,5,11,0.0,0
2897,6,5,11,0.0,0
2898,6,5,11,0.0,0
2899,6,5,11,0.0,0
2900,6,5,11,0.0,0
2901,6,5,11,0.0,0
2902,6,5,11,0.0,0
2903,6,5,11,0.0,0
2904,6,5,11,0.0,0
2905,6,5,11,0.0,0
2906,6,5,11,0.0,0
2907,6,5,11,0.0,0
2908,6,5,11,0.0,0
2909,6,5,11,0.0,0
2910,6,5,11,0.0,0
2911,6,5,11,0.0,0
2912,6,5,11,0.0,0
2913,6,5,11,0.0,0
2914,6,5,11,0.0,0
2915,6,5,11,0.0,0
2916,6,5,11,0.0,0
2917,6,5,11,0.0,0
2918,6,5,11,0.0,0
2919,6,5,11,0.0,0
2920,6,5,11,0.0,0
2921,6,5,11,0.0,0
2922,6,5,11,0.0,0
2923,6,5,11,0.0,0
2924,6,5,11,0.0,0
2925,6,5,11,0.0,0
2926,6,5,11,0.0,0
2927,6,5,11,0.0,0
2928,6,5,11,0.0,0
2929,6,5,11,0.0,0
2930,6,5,11,0.0,0
2931,6,5,11,0.0,0
2932,6,5,11,0.0,0
2933,6,5,11,0.0,0
2934,6,5,11,0.0,0
2935,6,5,11,0.0,0
2936,6,6,12,0.0,0
2937,6,6,12,0.0,0
2938,6,6,12,0.0,0
2939,6,6,12,0.0,0
2940,6,6,12,0.0,0
2941,6,6,12,0.0,0
2942,6,6,12,0.0,0
2943,6,6,12,0.0,0
2944,6,6,12,0.0,0
2945,6,6,12,0.0,0
2946,6,6,12,0.0,0
2947,6,6,12,0.0,0
2948,6,6,12,0.0,0
2949,6,6,12,0.0,0
2950,6,6,12,0.0,0
2951,6,6,12,0.0,0
2952,6,6,12,0.0,0
2953,6,6,12,0.0,0
2954,6,6,12,0.0,0
2955,6,6,12,0.0,0
2956,6,6,12,0.0,0
2957,6,6,12,0.0,0
2958,6,6,12,0.0,0
2959,6,6,12,0.0,0
2960,6,6,12,0.0,0
2961,6,6,12,0.0,0
2962,6,6,12,0.0,0
2963,6,6,12,0.0,0
2964,6,6,12,0.0,0
2965,6,6,12,0.0,0
2966,6,6,12,0.0,0
2967,6,6,12,0.0,0
2968,6,6,12,0.0,0
2969,6,6,12,0.0,0
2970,6,6,12,0.0,0
2971,6,6,12,0.0,0
2972,6,6,12,0.0,0
2973,6,6,12,0.0,0
2974,6,6,12,0.0,0
2975,6,6,12,0.0,0
2976,6,6,12,0.0,0
2977,6,6,12,0.0,0
2978,6,6,12,0.0,0
2979,6,6,12,0.0,0
2980,6,6,12,0.0,0
2981,6,6,12,0.0,0
2982,6,6,12,0.0,0
2983,6,6,12,0.0,0
2984,6,6,12,0.0,0
2985,6,6,12,0.0,0
2986,6,6,12,0.0,0
2987,6,6,12,0.0,0
2988,6,6,12,0.0,0
2989,6,6,12,0.0,0
2990,6,6,12,0.0,0
2991,6,6,12,0.0,0
2992,6,6,12,0.0,0
2993,6,6,12,0.0,0
2994,6,6,12,0.0,0
2995,6,6,12,0.0,0
2996,6,6,12,0.0,0
2997,6,6,12,0.0,0
2998,6,6,12,0.0,0
2999,6,6,12,0.0,0
3000,6,6,12,0.0,0
3001,6,6,12,0.0,0
3002,6,6,12,0.0,0
3003,6,6,12,0.0,0
3004,6,6,12,0.0,0
3005,6,6,12,0.0,0
3006,6,6,12,0.0,0
3007,6,6,12,0.0,0
3008,6,6,12,0.0,0
3009,6,6,12,0.0,0
3010,6,6,12,0.0,0
3011,6,6,12,0.0,0
3012,6,6,12,0.0,0
3013,6,6,12,0.0,0
3014,6,6,12,0.0,0
3015,6,6,12,0.0,0
3016,6,6,12,0.0,0
3017,6,6,12,0.0,0
3018,6,6,12,0.0,0
3019,6,6,12,0.0,0
3020,6,6,12,0.0,0
3021,6,6,12,0.0,0
3022,6,6,12,0.0,0
3023,6,6,12,0.0,0
3024,6,6,12,0.0,0
3025,6,6,12,0.0,0
3026,6,6,12,0.0,0
3027,6,6,12,0.0,0
3028,6,6,12,0.0,0
3029,6,6,12,0.0,0
3030,6,6,12,0.0,0
3031,6,6,12,0.0,0
3032,6,6,12,0.0,0
3033,6,6,12,0.0,0
3034,6,6,12,0.0,0
3035,6,6,12,0.0,0
3036,6,6,12,0.0,0
3037,6,6,12,0.0,0
3038,6,6,12,0.0,0
3039,6,6,12,0.0,0
3040,6,6,12,0.0,0
3041,6,6,12,0.0,0
3042,6,6,12,0.0,0
3043,6,6,12,0.0,0
3044,6,6,12,0.0,0
3045,6,6,12,0.0,0
3046,6,6,12,0.0,0
3047,6,6,12,0.0,0
3048,6,6,12,0.0,0
3049,6,6,12,0.0,0
3050,6,6,12,0.0,0
3051,6,6,12,0.0,0
3052,6,6,12,0.0,0
3053,6,6,12,0.0,0
3054,6,6,12,0.0,0
3055,6,6,12,0.0,0
3056,6,6,12,0.0,0
3057,6,6,12,0.0,0
3058,6,6,12,0.0,0
3059,6,6,12,0.0,0
3060,6,6,12,0.0,0
3061,6,6,12,0.0,0
3062,6,6,12,0.0,0
3063,6,6,12,0.0,0
3064,6,6,12,0.0,0
3065,6,6,12,0.0,0
3066,6,6,12,0.0,0
3067,6,6,12,0.0,0
3068,6,6,12,0.0,0
3069,6,6,12,0.0,0
3070,6,6,12,0.0,0
3071,6,6,12,0.0,0
3072,6,6,12,0.0,0
3073,6,6,12,0.0,0
3074,6,6,12,0.0,0
3075,6,6,12,0.0,0
3076,6,6,12,0.0,0
3077,6,6,12,0.0,0
3078,6,6,12,0.0,0
3079,6,6,12,0.0,0
3080,6,6,12,0.0,0
3081,6,6,12,0.0,0
3082,6,6,12,0.0,0
3083,6,6,12,0.0,0
3084,6,6,12,0.0,0
3085,6,6,12,0.0,0
3086,6,6,12,0.0,0
3087,6,6,12,0.0,0
3088,6,6,12,0.0,0
3089,6,6,12,0.0,0
3090,6,6,12,0.0,0
3091,6,6,12,0.0,0
3092,6,6,12,0.0,0
3093,6,6,12,0.0,0
3094,6,6,12,0.0,0
3095,6,6,12,0.0,0
3096,6,6,12,0.0,0
3097,6,6,12,0.0,0
3098,6,6,12,0.0,0
3099,6,6,12,0.0,0
3100,6,6,12,0.0,0
3101,6,6,12,0.0,0
3102,6,6,12,0.0,0
3103,6,6,12,0.0,0
3104,6,6,12,0.0,0
3105,6,6,12,0.0,0
3106,6,6,12,0.0,0
3107,6,6,12,0.0,0
3108,6,6,12,0.0,0
3109,6,6,12,0.0,0
3110,6,6,12,0.0,0
3111,6,6,12,0.0,0
3112,6,6,12,0.0,0
3113,6,6,12,0.0,0
3114,6,6,12,0.0,0
3115,6,6,12,0.0,0
3116,6,6,12,0.0,0
3117,6,6,12,0.0,0
3118,6,6,12,0.0,0
3119,6,6,12,0.0,0
3120,6,6,12,0.0,0
3121,6,6,12,0.0,0
3122,6,6,12,0.0,0
3123,6,6,12,0.0,0
3124,6,6,12,0.0,0
3125,6,6,12,0.0,0
3126,6,6,12,0.0,0
3127,6,6,12,0.0,0
3128,6,6,12,0.0,0
3129,6,6,12,0.0,0
3130,6,6,12,0.0,0
3131,6,6,12,0.0,0
3132,6,6,12,0.0,0
3133,6,6,12,0.0,0
3134,6,6,12,0.0,0
3135,6,6,12,0.0,0
3136,6,6,12,0.0,0
3137,6,6,12,0.0,0
3138,6,6,12,0.0,0
3139,6,6,12,0.0,0
3140,6,6,12,0.0,0
3141,6,6,12,0.0,0
3142,6,6,12,0.0,0
3143,6,6,12,0.0,0
3144,6,6,12,0.0,0
3145,6,6,12,0.0,0
3146,6,6,12,0.0,0
3147,6,6,12,0.0,0
3148,6,6,12,0.0,0
3149,6,6,12,0.0,0
3150,6,6,12,0.0,0
3151,6,6,12,0.0,0
3152,6,6,12,0.0,0
3153,6,6,12,0.0,0
3154,6,6,12,0.0,0
3155,6,6,12,0.0,0
3156,6,6,12,0.0,0
3157,6,6,12,0.0,0
3158,6,6,12,0.0,0
3159,6,6,12,0.0,0
3160,6,6,12,0.0,0
3161,6,6,12,0.0,0
3162,6,6,12,0.0,0
3163,6,6,12,0.0,0
3164,6,6,12,0.0,0
3165,6,6,12,0.0,0
3166,6,6,12,0.0,0
3167,6,6,12,0.0,0
3168,6,6,12,0.0,0
3169,6,6,12,0.0,0
3170,6,6,12,0.0,0
3171,6,6,12,0.0,0
3172,6,6,12,0.0,0
3173,6,6,12,0.0,0
3174,6,6,12,0.0,0
3175,6,6,12,0.0,0
3176,6,6,12,0.0,0
3177,6,6,12,0.0,0
3178,6,6,12,0.0,0
3179,6,6,12,0.0,0
3180,6,6,12,0.0,0
3181,6,6,12,0.0,0
3182,6,6,12,0.0,0
3183,6,6,12,0.0,0
3184,6,6,12,0.0,0
3185,6,6,12,0.0,0
3186,6,6,12,0.0,0
3187,6,6,12,0.0,0
3188,6,6,12,0.0,0
3189,6,6,12,0.0,0
3190,6,6,12,0.0,0
3191,6,6,12,0.0,0
3192,6,6,12,0.0,0
3193,6,6,12,0.0,0
3194,6,6,12,0.0,0
3195,6,6,12,0.0,0
3196,6,6,12,0.0,0
3197,6,6,12,0.0,0
3198,6,6,12,0.0,0
3199,6,6,12,0.0,0
3200,6,6,12,0.0,0
3201,6,6,12,0.0,0
3202,6,6,12,0.0,0
3203,6,6,12,0.0,0
3204,6,6,12,0.0,0
3205,6,6,12,0.0,0
3206,6,6,12,0.0,0
3207,6,6,12,0.0,0
3208,6,6,12,0.0,0
3209,6,6,12,0.0,0
3210,6,6,12,0.0,0
3211,6,6,12,0.0,0
3212,6,6,12,0.0,0
3213,6,6,12,0.0,0
3214,6,6,12,0.0,0
3215,6,6,12,0.0,0
3216,6,6,12,0.0,0
3217,6,6,12,0.0,0
3218,6,6,12,0.0,0
3219,6,6,12,0.0,0
3220,6,6,12,0.0,0
3221,6,6,12,0.0,0
3222,6,6,12,0.0,0
3223,6,6,12,0.0,0
3224,6,6,12,0.0,0
3225,6,6,12,0.0,0
3226,6,6,12,0.0,0
3227,6,6,12,0.0,0
3228,6,6,12,0.0,0
3229,6,6,12,0.0,0
3230,6,6,12,0.0,0
3231,6,6,12,0.0,0
3232,6,6,12,0.0,0
3233,6,6,12,0.0,0
3234,6,6,12,0.0,0
3235,6,6,12,0.0,0
3236,6,6,12,0.0,0
3237,6,6,12,0.0,0
3238,6,6,12,0.0,0
3239,6,6,12,0.0,0
3240,6,6,12,0.0,0
3241,6,6,12,0.0,0
3242,6,6,12,0.0,0
3243,6,6,12,0.0,0
3244,6,6,12,0.0,0
3245,6,6,12,0.0,0
3246,6,6,12,0.0,0
3247,6,6,12,0.0,0
3248,6,6,12,0.0,0
3249,6,6,12,0.0,0
3250,6,6,12,0.0,0
3251,6,6,12,0.0,0
3252,6,6,12,0.0,0
3253,6,6,12,0.0,0
3254,6,6,12,0.0,0
3255,6,6,12,0.0,0
3256,6,6,12,0.0,0
3257,6,6,12,0.0,0
3258,6,6,12,0.0,0
3259,6,6,12,0.0,0
3260,6,6,12,0.0,0
3261,6,6,12,0.0,0
3262,6,6,12,0.0,0
3263,6,6,12,0.0,0
3264,6,6,12,0.0,0
3265,6,6,12,0.0,0
3266,6,6,12,0.0,0
3267,6,6,12,0.0,0
3268,6,6,12,0.0,0
3269,6,6,12,0.0,0
3270,6,6,12,0.0,0
3271,6,6,12,0.0,0
3272,6,6,12,0.0,0
3273,6,6,12,0.0,0
3274,6,6,12,0.0,0
3275,6,6,12,0.0,0
3276,6,6,12,0.0,0
3277,6,6,12,0.0,0
3278,6,6,12,0.0,0
3279,6,6,12,0.0,0
3280,6,6,12,0.0,0
3281,6,6,12,0.0,0
3282,6,6,12,0.0,0
3283,6,6,12,0.0,0
3284,6,6,12,0.0,0
3285,6,6,12,0.0,0
3286,6,6,12,0.0,0
3287,6,6,12,0.0,0
3288,6,6,12,0.0,0
3289,6,6,12,0.0,0
3290,6,6,12,0.0,0
3291,6,6,12,0.0,0
3292,6,6,12,0.0,0
3293,6,6,12,0.0,0
3294,6,6,12,0.0,0
3295,6,6,12,0.0,0
3296,6,6,12,0.0,0
3297,6,6,12,0.0,0
3298,6,6,12,0.0,0
3299,6,6,12,0.0,0
3300,6,6,12,0.0,0
3301,6,6,12,0.0,0
3302,6,6,12,0.0,0
3303,6,6,12,0.0,0
3304,6,6,12,0.0,0
3305,6,6,12,0.0,0
3306,6,6,12,0.0,0
3307,6,6,12,0.0,0
3308,6,6,12,0.0,0
3309,6,6,12,0.0,0
3310,6,6,12,0.0,0
3311,6,6,12,0.0,0
3312,6,6,12,0.0,0
3313,6,6,12,0.0,0
3314,6,6,12,0.0,0
3315,6,6,12,0.0,0
3316,6,6,12,0.0,0
3317,6,6,12,1.0,1
3318,6,6,12,2.0,2
3319,6,6,12,3.0,3
3320,6,6,12,4.0,4
3321,6,6,12,5.0,5
3322,6,6,12,6.0,6
3323,6,6,12,7.0,7
3324,6,6,12,8.0,8
3325,6,6,12,9.0,9
3326,6,6,12,10.0,10
3327,6,6,12,11.0,11
3328,6,6,12,12.0,12
3329,6,6,12,13.0,13
3330,6,6,12,14.0,14
3331,6,6,12,15.0,15
3332,6,6,12,16.0,16
3333,6,6,12,17.0,17
3334,6,6,12,18.0,18
3335,6,6,12,19.0,19
3336,6,6,12,20.0,20
3337,6,6,12,21.0,21
3338,6,6,12,22.0,22
3339,6,6,12,23.0,23
3340,6,6,12,24.0,24
3341,6,6,12,25.0,25
3342,6,6,12,26.0,26
3343,6,6,12,27.0,27
3344,6,6,12,28.0,28
3345,6,6,12,29.0,29
3346,6,6,12,30.0,30
3347,6,6,12,31.0,31
3348,6,6,12,32.0,32
3349,6,6,12,33.0,33
3350,6,6,12,34.0,34
3351,6,6,12,35.0,35
3352,6,6,12,36.0,36
3353,6,6,12,37.0,37
3354,6,6,12,38.0,38
3355,6,6,12,39.0,39
3356,6,6,12,40.0,40
3357,6,6,12,41.0,41
3358,6,6,12,42.0,42
3359,6,6,12,43.0,43
3360,6,6,12,44.0,44
3361,6,6,12,45.0,45
3362,6,6,12,46.0,46
3363,6,6,12,47.0,47
3364,6,6,12,48.0,48
3365,6,6,12,49.0,49
3366,6,6,12,50.0,50
3367,6,6,12,51.0,51
3368,6,6,12,52.0,52
3369,6,6,12,53.0,53
3370,6,6,12,54.0,54
3371,6,6,12,55.0,55
3372,6,6,12,56.0,56
3373,6,6,12,57.0,57
3374,6,6,12,58.0,58
3375,6,6,12,59.0,59
3376,6,6,12,60.0,60
3377,6,6,12,61.0,61
3378,6,6,12,62.0,62
3379,6,6,12,63.0,63
3380,6,6,12,64.0,64
3381,6,6,12,65.0,65
3382,6,6,12,66.0,66
3383,6,6,12,67.0,67
3384,6,6,12,68.0,68
3385,6,6,12,69.0,69
3386,6,6,12,70.0,70
3387,6,6,12,71.0,71
3388,6,6,12,72.0,72
3389,6,6,12,73.0,73
3390,6,6,12,74.0,74
3391,6,6,12,75.0,75
3392,6,6,12,76.0,76
3393,6,6,12,77.0,77
3394,6,6,12,78.0,78
3395,6,6,12,79.0,79
3396,6,6,12,80.0,80
3397,6,6,12,81.0,81
3398,6,6,12,82.0,82
3399,6,6,12,83.0,83
3400,6,6,12,84.0,84
3401,6,6,12,85.0,85
3402,6,6,12,86.0,86
3403,6,6,12,87.0,87
3404,6,6,12,88.0,88
3405,6,6,12,89.0,89
3406,6,6,12,90.0,90
3407,6,6,12,91.0,91
3408,6,6,12,92.0,92
3409,6,6,12,93.0,93
3410,6,6,12,94.0,94
3411,6,6,12,95.0,95
3412,6,6,12,96.0,96
3413,6,6,12,97.0,97
3414,6,6,12,98.0,98
3415,6,6,12,99.0,99
3416,6,6,12,100.0,100
3417,6,6,12,101.0,101
3418,6,6,12,102.0,102
3419,6,6,12,103.0,103
3420,6,6,12,104.0,104
3421,6,6,12,105.0,105
3422,6,6,12,106.0,106
3423,6,6,12,107.0,107
3424,6,6,12,108.0,108
3425,6,6,12,109.0,109
3426,6,6,12,110.0,110
3427,6,6,12,111.0,111
3428,6,6,12,112.0,112
3429,6,6,12,113.0,113
3430,6,6,12,114.0,114
3431,6,6,12,115.0,115
3432,6,6,12,116.0,116
3433,6,6,12,117.0,117
3434,6,6,12,118.0,118
3435,6,6,12,119.0,119
3436,6,6,12,120.0,120
3437,6,6,12,121.0,121
3438,6,6,12,122.0,122
3439,6,6,12,123.0,123
3440,6,6,12,124.0,124
3441,6,6,12,125.0,125
3442,6,6,12,126.0,126
3443,6,6,12,127.0,127
3444,7,6,13,128.0,128
3445,7,6,13,128.0,128
3446,7,6,13,128.0,128
3447,7,6,13,128.0,128
3448,7,6,13,128.0,128
3449,7,6,13,128.0,128
3450,7,6,13,128.0,128
3451,7,6,13,128.0,128
3452,7,6,13,128.0,128
3453,7,6,13,128.0,128
3454,7,6,13,128.0,128
3455,7,6,13,128.0,128
3456,7,6,13,128.0,128
3457,7,6,13,128.0,128
3458,7,6,13,128.0,128
3459,7,6,13,128.0,128
3460,7,6,13,128.0,128
3461,7,6,13,128.0,128
3462,7,6,13,128.0,128
3463,7,6,13,128.0,128
3464,7,6,13,128.0,128
3465,7,6,13,128.0,128
3466,7,6,13,128.0,128
3467,7,6,13,128.0,128
3468,7,6,13,128.0,128
3469,7,6,13,128.0,128
3470,7,6,13,128.0,128
3471,7,6,13,128.0,128
3472,7,6,13,128.0,128
3473,7,6,13,128.0,128
3474,7,6,13,128.0,128
3475,7,6,13,128.0,128
3476,7,6,13,128.0,128
3477,7,6,13,128.0,128
3478,7,6,13,128.0,128
3479,7,6,13,128.0,128
3480,7,6,13,128.0,128
3481,7,6,13,128.0,128
3482,7,6,13,128.0,128
3483,7,6,13,128.0,128
3484,7,6,13,128.0,128
3485,7,6,13,128.0,128
3486,7,6,13,128.0,128
3487,7,6,13,0.0,0
3488,7,6,13,0.0,0
3489,7,6,13,0.0,0
3490,7,6,13,0.0,0
3491,7,6,13,0.0,0
3492,7,6,13,0.0,0
3493,7,6,13,0.0,0
3494,7,6,13,0.0,0
3495,7,6,13,0.0,0
3496,7,6,13,0.0,0
3497,7,6,13,0.0,0
3498,7,6,13,0.0,0
3499,7,6,13,0.0,0
3500,7,6,13,0.0,0
3501,7,6,13,0.0,0
3502,7,6,13,0.0,0
3503,7,6,13,0.0,0
3504,7,6,13,0.0,0
3505,7,6,13,0.0,0
3506,7,6,13,0.0,0
3507,7,6,13,0.0,0
3508,7,6,13,0.0,0
3509,7,6,13,0.0,0
3510,7,6,13,0.0,0
3511,7,6,13,0.0,0
3512,7,6,13,0.0,0
3513,7,6,13,0.0,0
3514,7,6,13,0.0,0
3515,7,6,13,0.0,0
3516,7,6,13,0.0,0
3517,7,6,13,0.0,0
3518,7,6,13,0.0,0
3519,7,6,13,0.0,0
3520,7,6,13,0.0,0
3521,7,6,13,0.0,0
3522,7,6,13,0.0,0
3523,7,6,13,0.0,0
3524,7,6,13,0.0,0
3525,7,6,13,0.0,0
3526,7,6,13,0.0,0
3527,7,6,13,0.0,0
3528,7,6,13,0.0,0
3529,7,6,13,0.0,0
3530,7,6,13,0.0,0
3531,7,6,13,0.0,0
3532,7,6,13,0.0,0
3533,7,6,13,0.0,0
3534,7,6,13,0.0,0
3535,7,6,13,0.0,0
3536,7,6,13,0.0,0
3537,7,6,13,0.0,0
3538,7,6,13,0.0,0
3539,7,6,13,0.0,0
3540,7,6,13,0.0,0
3541,7,6,13,0.0,0
3542,7,6,13,0.0,0
3543,7,6,13,0.0,0
3544,7,6,13,0.0,0
3545,7,6,13,0.0,0
3546,7,6,13,0.0,0
3547,7,6,13,0.0,0
3548,7,6,13,0.0,0
3549,7,6,13,0.0,0
3550,7,6,13,0.0,0
3551,7,6,13,0.0,0
3552,7,6,13,0.0,0
3553,7,6,13,0.0,0
3554,7,6,13,0.0,0
3555,7,6,13,0.0,0
3556,7,6,13,0.0,0
3557,7,6,13,0.0,0
3558,7,6,13,0.0,0
3559,7,6,13,0.0,0
3560,7,6,13,0.0,0
3561,7,6,13,0.0,0
3562,7,6,13,0.0,0
3563,7,6,13,0.0,0
3564,7,6,13,0.0,0
3565,7,6,13,0.0,0
3566,7,6,13,0.0,0
3567,7,6,13,0.0,0
3568,7,6,13,0.0,0
3569,7,6,13,0.0,0
3570,7,6,13,0.0,0
3571,7,6,13,0.0,0
3572,7,6,13,0.0,0
3573,7,6,13,0.0,0
3574,7,6,13,0.0,0
3575,7,6,13,0.0,0
3576,7,6,13,0.0,0
3577,7,6,13,0.0,0
3578,7,6,13,0.0,0
3579,7,6,13,0.0,0
3580,7,6,13,0.0,0
3581,7,6,13,0.0,0
3582,7,6,13,0.0,0
3583,7,6,13,0.0,0
3584,7,6,13,0.0,0
3585,7,6,13,0.0,0
3586,7,6,13,0.0,0
3587,7,6,13,0.0,0
3588,7,6,13,0.0,0
3589,7,6,13,0.0,0
3590,7,6,13,0.0,0
3591,7,6,13,0.0,0
3592,7,6,13,0.0,0
3593,7,6,13,0.0,0
3594,7,6,13,0.0,0
3595,7,6,13,0.0,0
3596,7,6,13,0.0,0
3597,7,6,13,0.0,0
3598,7,6,13,0.0,0
3599,7,6,13,0.0,0
3600,7,6,13,0.0,0
3601,7,6,13,0.0,0
3602,7,6,13,0.0,0
3603,7,6,13,0.0,0
3604,7,6,13,0.0,0
3605,7,6,13,0.0,0
3606,7,6,13,0.0,0
3607,7,6,13,0.0,0
3608,7,6,13,0.0,0
3609,7,6,13,0.0,0
3610,7,6,13,0.0,0
3611,7,6,13,0.0,0
3612,7,6,13,0.0,0
3613,7,6,13,0.0,0
3614,7,6,13,0.0,0
3615,7,6,13,0.0,0
3616,7,6,13,0.0,0
3617,7,6,13,0.0,0
3618,7,6,13,0.0,0
3619,7,6,13,0.0,0
3620,7,6,13,0.0,0
3621,7,6,13,0.0,0
3622,7,6,13,0.0,0
3623,7,6,13,0.0,0
3624,7,6,13,0.0,0
3625,7,6,13,0.0,0
3626,7,6,13,0.0,0
3627,7,6,13,0.0,0
3628,7,6,13,0.0,0
3629,7,6,13,0.0,0
3630,7,6,13,0.0,0
3631,7,6,13,0.0,0
3632,7,6,13,0.0,0
3633,7,6,13,0.0,0
3634,7,6,13,0.0,0
3635,7,6,13,0.0,0
3636,7,6,13,0.0,0
3637,7,6,13,0.0,0
3638,7,6,13,0.0,0
3639,7,6,13,0.0,0
3640,7,6,13,0.0,0
3641,7,6,13,0.0,0
3642,7,6,13,0.0,0
3643,7,6,13,0.0,0
3644,7,6,13,0.0,0
3645,7,6,13,0.0,0
3646,7,6,13,0.0,0
3647,7,6,13,0.0,0
3648,7,6,13,0.0,0
3649,7,6,13,0.0,0
3650,7,6,13,0.0,0
3651,7,6,13,0.0,0
3652,7,6,13,0.0,0
3653,7,6,13,0.0,0
3654,7,6,13,0.0,0
3655,7,6,13,0.0,0
3656,7,6,13,0.0,0
3657,7,6,13,0.0,0
3658,7,6,13,0.0,0
3659,7,6,13,0.0,0
3660,7,6,13,0.0,0
3661,7,6,13,0.0,0
3662,7,6,13,0.0,0
3663,7,6,13,0.0,0
3664,7,6,13,0.0,0
3665,7,6,13,0.0,0
3666,7,6,13,0.0,0
3667,7,6,13,0.0,0
3668,7,6,13,0.0,0
3669,7,6,13,0.0,0
3670,7,6,13,0.0,0
3671,7,6,13,0.0,0
3672,7,6,13,0.0,0
3673,7,6,13,0.0,0
3674,7,6,13,0.0,0
3675,7,6,13,0.0,0
3676,7,6,13,0.0,0
3677,7,6,13,0.0,0
3678,7,6,13,0.0,0
3679,7,6,13,0.0,0
3680,7,6,13,0.0,0
3681,7,6,13,0.0,0
3682,7,6,13,0.0,0
3683,7,6,13,0.0,0
3684,7,6,13,0.0,0
3685,7,6,13,0.0,0
3686,7,6,13,0.0,0
3687,7,6,13,0.0,0
3688,7,6,13,0.0,0
3689,7,6,13,0.0,0
3690,7,6,13,0.0,0
3691,7,6,13,0.0,0
3692,7,6,13,0.0,0
3693,7,6,13,0.0,0
3694,7,6,13,0.0,0
3695,7,6,13,0.0,0
3696,7,6,13,0.0,0
3697,7,6,13,0.0,0
3698,7,6,13,0.0,0
3699,7,6,13,0.0,0
3700,7,6,13,0.0,0
3701,7,6,13,0.0,0
3702,7,6,13,0.0,0
3703,7,6,13,0.0,0
3704,7,6,13,0.0,0
3705,7,6,13,0.0,0
3706,7,6,13,0.0,0
3707,7,6,13,0.0,0
3708,7,6,13,1.0,1
3709,7,6,13,2.0,2
3710,7,6,13,3.0,3
3711,7,6,13,4.0,4
3712,7,6,13,5.0,5
3713,7,6,13,6.0,6
3714,7,6,13,7.0,7
3715,7,6,13,8.0,8
3716,7,6,13,9.0,9
3717,7,6,13,10.0,10
3718,7,6,13,11.0,11
3719,7,6,13,12.0,12
3720,7,6,13,13.0,13
3721,7,6,13,14.0,14
3722,7,6,13,15.0,15
3723,7,6,13,16.0,16
3724,7,6,13,17.0,17
3725,7,6,13,18.0,18
3726,7,6,13,19.0,19
3727,7,6,13,20.0,20
3728,7,6,13,21.0,21
3729,7,6,13,22.0,22
3730,7,6,13,23.0,23
3731,7,6,13,24.0,24
3732,7,6,13,25.0,25
3733,7,6,13,26.0,26
3734,7,6,13,27.0,27
3735,7,6,13,28.0,28
3736,7,6,13,29.0,29
3737,7,6,13,30.0,30
3738,7,6,13,31.0,31
3739,7,6,13,32.0,32
3740,7,6,13,33.0,33
3741,7,6,13,34.0,34
3742,7,6,13,35.0,35
3743,7,6,13,36.0,36
3744,7,6,13,37.0,37
3745,7,6,13,38.0,38
3746,7,6,13,39.0,39
3747,7,6,13,40.0,40
3748,7,6,13,41.0,41
3749,7,6,13,42.0,42
3750,7,6,13,43.0,43
3751,7,6,13,44.0,44
3752,7,6,13,45.0,45
3753,7,6,13,46.0,46
3754,7,6,13,47.0,47
3755,7,6,13,48.0,48
3756,7,6,13,49.0,49
3757,7,6,13,50.0,50
3758,7,6,13,51.0,51
3759,7,6,13,52.0,52
3760,7,6,13,53.0,53
3761,7,6,13,54.0,54
3762,7,6,13,55.0,55
3763,7,6,13,56.0,56
3764,7,6,13,57.0,57
3765,7,6,13,58.0,58
3766,7,6,13,59.0,59
3767,7,6,13,60.0,60
3768,7,6,13,61.0,61
3769,7,6,13,62.0,62
3770,7,6,13,63.0,63
3771,7,6,13,64.0,64
3772,7,6,13,65.0,65
3773,7,6,13,66.0,66
3774,7,6,13,67.0,67
3775,7,6,13,68.0,68
3776,7,6,13,69.0,69
3777,7,6,13,70.0,70
3778,7,6,13,71.0,71
3779,7,6,13,72.0,72
3780,7,6,13,73.0,73
3781,7,6,13,74.0,74
3782,7,6,13,75.0,75
3783,7,6,13,76.0,76
3784,7,6,13,77.0,77
3785,7,6,13,78.0,78
3786,7,6,13,79.0,79
3787,7,6,13,80.0,80
3788,7,6,13,81.0,81
3789,7,6,13,82.0,82
3790,7,6,13,83.0,83
3791,7,6,13,84.0,84
3792,7,6,13,85.0,85
3793,7,6,13,86.0,86
3794,7,6,13,87.0,87
3795,7,6,13,88.0,88
3796,7,6,13,89.0,89
3797,7,6,13,90.0,90
3798,7,6,13,91.0,91
3799,7,6,13,92.0,92
3800,7,6,13,93.0,93
3801,7,6,13,94.0,94
3802,7,6,13,95.0,95
3803,7,6,13,96.0,96
3804,7,6,13,97.0,97
3805,7,6,13,98.0,98
3806,7,6,13,99.0,99
3807,7,6,13,100.0,100
3808,7,6,13,101.0,101
3809,7,6,13,102.0,102
3810,7,6,13,103.0,103
3811,7,6,13,104.0,104
3812,7,6,13,105.0,105
3813,7,6,13,106.0,106
3814,7,6,13,107.0,107
3815,7,6,13,108.0,108
3816,7,6,13,109.0,109
3817,7,6,13,110.0,110
3818,7,6,13,111.0,111
3819,7,6,13,112.0,112
3820,7,6,13,113.0,113
3821,7,6,13,114.0,114
3822,7,6,13,115.0,115
3823,7,6,13,116.0,116
3824,7,6,13,117.0,117
3825,7,6,13,118.0,118
3826,7,6,13,119.0,119
3827,7,6,13,120.0,120
3828,7,6,13,121.0,121
3829,7,6,13,122.0,122
3830,7,6,13,123.0,123
3831,7,6,13,124.0,124
3832,7,6,13,125.0,125
3833,7,6,13,126.0,126
3834,7,6,13,127.0,127
3835,7,6,13,128.0,128
3836,7,6,13,129.0,129
3837,7,6,13,130.0,130
3838,7,6,13,131.0,131
3839,7,6,13,132.0,132
3840,7,6,13,133.0,133
3841,7,6,13,134.0,134
3842,7,6,13,135.0,135
3843,7,6,13,136.0,136
3844,7,6,13,137.0,137
3845,8,6,14,138.0,138
3846,8,6,14,138.0,138
3847,8,6,14,138.0,138
3848,8,6,14,138.0,138
3849,8,6,14,138.0,138
3850,8,6,14,138.0,138
3851,8,6,14,138.0,138
3852,8,6,14,138.0,138
3853,8,6,14,138.0,138
3854,8,6,14,138.0,138
3855,8,6,14,138.0,138
3856,8,6,14,138.0,138
3857,8,6,14,138.0,138
3858,8,6,14,138.0,138
3859,8,6,14,138.0,138
3860,8,6,14,138.0,138
3861,8,6,14,138.0,138
3862,8,6,14,138.0,138
3863,8,6,14,138.0,138
3864,8,6,14,138.0,138
3865,8,6,14,138.0,138
3866,8,6,14,138.0,138
3867,8,6,14,138.0,138
3868,8,6,14,138.0,138
3869,8,6,14,138.0,138
3870,8,6,14,138.0,138
3871,8,6,14,138.0,138
3872,8,6,14,138.0,138
3873,8,6,14,138.0,138
3874,8,6,14,138.0,138
3875,8,6,14,138.0,138
3876,8,6,14,138.0,138
3877,8,6,14,138.0,138
3878,8,6,14,138.0,138
3879,8,6,14,138.0,138
3880,8,6,14,0.0,0
3881,8,6,14,0.0,0
3882,8,6,14,0.0,0
3883,8,6,14,0.0,0
3884,8,6,14,0.0,0
3885,8,6,14,0.0,0
3886,8,6,14,0.0,0
3887,8,6,14,0.0,0
3888,8,6,14,0.0,0
3889,8,6,14,0.0,0
3890,8,6,14,0.0,0
3891,8,6,14,0.0,0
3892,8,6,14,0.0,0
3893,8,6,14,0.0,0
3894,8,6,14,0.0,0
3895,8,6,14,0.0,0
3896,8,6,14,0.0,0
3897,8,6,14,0.0,0
3898,8,6,14,0.0,0
3899,8,6,14,0.0,0
3900,8,6,14,0.0,0
3901,8,6,14,0.0,0
3902,8,6,14,0.0,0
3903,8,6,14,0.0,0
3904,8,6,14,0.0,0
3905,8,6,14,0.0,0
3906,8,6,14,0.0,0
3907,8,6,14,0.0,0
3908,8,6,14,0.0,0
3909,8,6,14,0.0,0
3910,8,6,14,0.0,0
3911,8,6,14,0.0,0
3912,8,6,14,0.0,0
3913,8,6,14,0.0,0
3914,8,6,14,0.0,0
3915,8,6,14,0.0,0
3916,8,6,14,0.0,0
3917,8,6,14,0.0,0
3918,8,6,14,0.0,0
3919,8,6,14,0.0,0
3920,8,6,14,0.0,0
3921,8,6,14,0.0,0
3922,8,6,14,0.0,0
3923,8,6,14,0.0,0
3924,8,6,14,0.0,0
3925,8,6,14,0.0,0
3926,8,6,14,0.0,0
3927,8,6,14,0.0,0
3928,8,6,14,0.0,0
3929,8,6,14,0.0,0
3930,8,6,14,0.0,0
3931,8,6,14,0.0,0
3932,8,6,14,0.0,0
3933,8,6,14,0.0,0
3934,8,6,14,0.0,0
3935,8,6,14,0.0,0
3936,8,6,14,0.0,0
3937,8,6,14,0.0,0
3938,8,6,14,0.0,0
3939,8,6,14,0.0,0
3940,8,6,14,0.0,0
3941,8,6,14,0.0,0
3942,8,6,14,0.0,0
3943,8,6,14,0.0,0
3944,8,6,14,0.0,0
3945,8,6,14,0.0,0
3946,8,6,14,0.0,0
3947,8,6,14,0.0,0
3948,8,6,14,0.0,0
3949,8,6,14,0.0,0
3950,8,6,14,0.0,0
3951,8,6,14,0.0,0
3952,8,6,14,0.0,0
3953,8,6,14,0.0,0
3954,8,6,14,0.0,0
3955,8,6,14,0.0,0
3956,8,6,14,0.0,0
3957,8,6,14,0.0,0
3958,8,6,14,0.0,0
3959,8,6,14,0.0,0
3960,8,6,14,0.0,0
3961,8,6,14,0.0,0
3962,8,6,14,0.0,0
3963,8,6,14,0.0,0
3964,8,6,14,0.0,0
3965,8,6,14,0.0,0
3966,8,6,14,0.0,0
3967,8,6,14,0.0,0
3968,8,6,14,0.0,0
3969,8,6,14,0.0,0
3970,8,6,14,0.0,0
3971,8,6,14,0.0,0
3972,8,6,14,0.0,0
3973,8,6,14,0.0,0
3974,8,6,14,0.0,0
3975,8,6,14,0.0,0
3976,8,6,14,0.0,0
3977,8,6,14,0.0,0
3978,8,6,14,0.0,0
3979,8,6,14,0.0,0
3980,8,6,14,0.0,0
3981,8,6,14,0.0,0
3982,8,6,14,0.0,0
3983,8,6,14,0.0,0
3984,8,6,14,0.0,0
3985,8,6,14,0.0,0
3986,8,6,14,0.0,0
3987,8,6,14,0.0,0
3988,8,6,14,0.0,0
3989,8,6,14,0.0,0
3990,8,6,14,0.0,0
3991,8,6,14,0.0,0
3992,8,6,14,0.0,0
3993,8,6,14,0.0,0
3994,8,6,14,0.0,0
3995,8,6,14,0.0,0
3996,8,6,14,0.0,0
3997,8,6,14,0.0,0
3998,8,6,14,0.0,0
3999,8,6,14,0.0,0
4000,8,6,14,0.0,0
4001,8,6,14,0.0,0
4002,8,6,14,0.0,0
4003,8,6,14,0.0,0
4004,8,6,14,0.0,0
4005,8,6,14,0.0,0
4006,8,6,14,0.0,0
4007,8,6,14,0.0,0
4008,8,6,14,0.0,0
4009,8,6,14,0.0,0
4010,8,6,14,0.0,0
4011,8,6,14,0.0,0
4012,8,6,14,0.0,0
4013,8,6,14,0.0,0
4014,8,6,14,0.0,0
4015,8,6,14,0.0,0
4016,8,6,14,0.0,0
4017,8,6,14,0.0,0
4018,8,6,14,0.0,0
4019,8,6,14,0.0,0
4020,8,6,14,0.0,0
4021,8,6,14,0.0,0
4022,8,6,14,0.0,0
4023,8,6,14,0.0,0
4024,8,6,14,0.0,0
4025,8,6,14,0.0,0
4026,8,6,14,0.0,0
4027,8,6,14,0.0,0
4028,8,6,14,0.0,0
4029,8,6,14,0.0,0
4030,8,6,14,0.0,0
4031,8,6,14,0.0,0
4032,8,6,14,0.0,0
4033,8,6,14,0.0,0
4034,8,6,14,0.0,0
4035,8,6,14,0.0,0
4036,8,6,14,0.0,0
4037,8,6,14,0.0,0
4038,8,6,14,0.0,0
4039,8,6,14,0.0,0
4040,8,6,14,0.0,0
4041,8,6,14,0.0,0
4042,8,6,14,0.0,0
4043,8,6,14,0.0,0
4044,8,6,14,0.0,0
4045,8,6,14,0.0,0
4046,8,6,14,0.0,0
4047,8,6,14,0.0,0
4048,8,6,14,0.0,0
4049,8,6,14,0.0,0
4050,8,6,14,0.0,0
4051,8,6,14,0.0,0
4052,8,6,14,0.0,0
4053,8,6,14,0.0,0
4054,8,6,14,0.0,0
4055,8,6,14,0.0,0
4056,8,6,14,0.0,0
4057,8,6,14,0.0,0
4058,8,6,14,0.0,0
4059,8,6,14,0.0,0
4060,8,6,14,0.0,0
4061,8,6,14,0.0,0
4062,8,6,14,0.0,0
4063,8,6,14,0.0,0
4064,8,6,14,0.0,0
4065,8,6,14,0.0,0
4066,8,6,14,0.0,0
4067,8,6,14,0.0,0
4068,8,6,14,0.0,0
4069,8,6,14,0.0,0
4070,8,6,14,0.0,0
4071,8,6,14,0.0,0
4072,8,6,14,0.0,0
4073,8,6,14,0.0,0
4074,8,6,14,0.0,0
4075,8,6,14,0.0,0
4076,8,6,14,0.0,0
4077,8,6,14,0.0,0
4078,8,6,14,0.0,0
4079,8,6,14,0.0,0
4080,8,6,14,0.0,0
4081,8,6,14,0.0,0
4082,8,6,14,0.0,0
4083,8,6,14,0.0,0
4084,8,6,14,0.0,0
4085,8,6,14,0.0,0
4086,8,6,14,0.0,0
4087,8,6,14,0.0,0
4088,8,6,14,0.0,0
4089,8,6,14,0.0,0
4090,8,6,14,0.0,0
4091,8,6,14,0.0,0
4092,8,6,14,0.0,0
4093,8,6,14,0.0,0
4094,8,6,14,0.0,0
4095,8,6,14,0.0,0
4096,8,6,14,0.0,0
4097,8,6,14,0.0,0
4098,8,6,14,0.0,0
4099,8,6,14,0.0,0
4100,8,6,14,0.0,0
4101,8,6,14,0.0,0
4102,8,6,14,0.0,0
4103,8,6,14,0.0,0
4104,8,6,14,0.0,0
4105,8,6,14,0.0,0
4106,8,6,14,0.0,0
4107,8,6,14,0.0,0
4108,8,6,14,0.0,0
4109,8,6,14,0.0,0
4110,8,6,14,0.0,0
4111,8,6,14,0.0,0
4112,8,6,14,0.0,0
4113,8,6,14,0.0,0
4114,8,6,14,0.0,0
4115,8,6,14,0.0,0
4116,8,6,14,0.0,0
4117,8,6,14,0.0,0
4118,8,6,14,0.0,0
4119,8,6,14,0.0,0
4120,8,6,14,0.0,0
4121,8,6,14,0.0,0
4122,8,6,14,0.0,0
4123,8,6,14,0.0,0
4124,8,6,14,0.0,0
4125,8,6,14,0.0,0
4126,8,6,14,0.0,0
4127,8,6,14,0.0,0
4128,8,6,14,0.0,0
4129,8,6,14,0.0,0
4130,8,6,14,0.0,0
4131,8,6,14,0.0,0
4132,8,6,14,0.0,0
4133,8,6,14,0.0,0
4134,8,6,14,0.0,0
4135,8,6,14,0.0,0
4136,8,6,14,0.0,0
4137,8,6,14,0.0,0
4138,8,6,14,0.0,0
4139,8,6,14,0.0,0
4140,8,6,14,0.0,0
4141,8,6,14,0.0,0
4142,8,6,14,0.0,0
4143,8,6,14,0.0,0
4144,8,6,14,0.0,0
4145,8,6,14,0.0,0
4146,8,6,14,0.0,0
4147,8,6,14,0.0,0
4148,8,6,14,0.0,0
4149,8,6,14,0.0,0
4150,8,6,14,0.0,0
4151,8,6,14,0.0,0
4152,8,6,14,0.0,0
4153,8,6,14,0.0,0
4154,8,6,14,0.0,0
4155,8,6,14,0.0,0
4156,8,6,14,0.0,0
4157,8,6,14,0.0,0
4158,8,6,14,0.0,0
4159,8,6,14,0.0,0
4160,8,6,14,0.0,0
4161,8,6,14,0.0,0
4162,8,6,14,0.0,0
4163,8,6,14,0.0,0
4164,8,6,14,0.0,0
4165,8,6,14,0.0,0
4166,8,6,14,0.0,0
4167,8,6,14,0.0,0
4168,8,6,14,0.0,0
4169,8,6,14,1.0,1
4170,8,6,14,2.0,2
4171,8,6,14,3.0,3
4172,8,6,14,4.0,4
4173,8,6,14,5.0,5
4174,8,6,14,6.0,6
4175,8,6,14,7.0,7
4176,8,6,14,8.0,8
4177,8,6,14,9.0,9
4178,8,6,14,10.0,10
4179,8,6,14,11.0,11
4180,8,6,14,12.0,12
4181,8,6,14,13.0,13
4182,8,6,14,14.0,14
4183,8,6,14,15.0,15
4184,8,6,14,16.0,16
4185,8,6,14,17.0,17
4186,8,6,14,18.0,18
4187,8,6,14,19.0,19
4188,8,6,14,20.0,20
4189,8,6,14,21.0,21
4190,8,6,14,22.0,22
4191,8,6,14,23.0,23
4192,8,6,14,24.0,24
4193,8,6,14,25.0,25
4194,8,6,14,26.0,26
4195,8,6,14,27.0,27
4196,8,6,14,28.0,28
4197,8,6,14,29.0,29
4198,8,6,14,30.0,30
4199,8,6,14,31.0,31
4200,8,6,14,32.0,32
4201,8,6,14,33.0,33
4202,8,6,14,34.0,34
4203,8,6,14,35.0,35
4204,8,6,14,36.0,36
4205,8,6,14,37.0,37
4206,8,6,14,38.0,38
4207,8,6,14,39.0,39
4208,8,6,14,40.0,40
4209,8,6,14,41.0,41
4210,8,6,14,42.0,42
4211,8,6,14,43.0,43
4212,8,6,14,44.0,44
4213,8,6,14,45.0,45
4214,8,6,14,46.0,46
4215,8,6,14,47.0,47
4216,8,6,14,48.0,48
4217,8,6,14,49.0,49
4218,8,6,14,50.0,50
4219,8,6,14,51.0,51
4220,8,6,14,52.0,52
4221,8,6,14,53.0,53
4222,8,6,14,54.0,54
4223,8,6,14,55.0,55
4224,8,6,14,56.0,56
4225,8,6,14,57.0,57
4226,8,6,14,58.0,58
4227,8,6,14,59.0,59
4228,8,6,14,60.0,60
4229,8,6,14,61.0,61
4230,8,6,14,62.0,62
4231,8,6,14,63.0,63
4232,8,6,14,64.0,64
4233,8,6,14,65.0,65
4234,8,6,14,66.0,66
4235,8,6,14,67.0,67
4236,8,6,14,68.0,68
4237,8,6,14,69.0,69
4238,8,6,14,70.0,70
4239,8,6,14,71.0,71
4240,8,6,14,72.0,72
4241,8,6,14,73.0,73
4242,8,6,14,74.0,74
4243,8,6,14,75.0,75
4244,8,6,14,76.0,76
4245,8,6,14,77.0,77
4246,8,6,14,78.0,78
4247,8,6,14,79.0,79
4248,8,6,14,80.0,80
4249,8,6,14,81.0,81
4250,8,6,14,82.0,82
4251,8,6,14,83.0,83
4252,8,6,14,84.0,84
4253,8,6,14,85.0,85
4254,8,6,14,86.0,86
4255,8,6,14,87.0,87
4256,8,6,14,88.0,88
4257,8,6,14,89.0,89
4258,8,6,14,90.0,90
4259,8,6,14,91.0,91
4260,8,6,14,92.0,92
4261,8,6,14,93.0,93
4262,8,6,14,94.0,94
4263,8,6,14,95.0,95
4264,8,6,14,96.0,96
4265,8,6,14,97.0,97
4266,8,6,14,98.0,98
4267,8,6,14,99.0,99
4268,8,6,14,100.0,100
4269,8,6,14,101.0,101
4270,8,6,14,102.0,102
4271,8,6,14,103.0,103
4272,8,6,14,104.0,104
4273,8,6,14,105.0,105
4274,8,6,14,106.0,106
4275,8,6,14,107.0,107
4276,8,6,14,108.0,108
4277,8,6,14,109.0,109
4278,8,6,14,110.0,110
4279,8,6,14,111.0,111
4280,8,6,14,112.0,112
4281,8,6,14,113.0,113
4282,8,6,14,114.0,114
4283,8,6,14,115.0,115
4284,8,6,14,116.0,116
4285,8,6,14,117.0,117
4286,8,6,14,118.0,118
4287,8,6,14,119.0,119
4288,8,6,14,120.0,120
4289,8,6,14,121.0,121
4290,8,6,14,122.0,122
4291,8,6,14,123.0,123
4292,8,6,14,124.0,124
4293,8,6,14,125.0,125
4294,8,6,14,126.0,126
4295,8,6,14,127.0,127
4296,8,6,14,128.0,128
4297,8,6,14,129.0,129
4298,8,6,14,130.0,130
4299,8,6,14,131.0,131
4300,8,6,14,132.0,132
4301,8,6,14,133.0,133
4302,8,6,14,134.0,134
4303,8,6,14,135.0,135
4304,8,6,14,136.0,136
4305,8,6,14,137.0,137
4306,8,6,14,138.0,138
4307,8,6,14,139.0,139
4308,8,6,14,140.0,140
4309,8,6,14,141.0,141
4310,8,6,14,142.0,142
4311,8,6,14,143.0,143
4312,8,6,14,144.0,144
4313,8,6,14,145.0,145
4314,8,6,14,146.0,146
4315,8,6,14,147.0,147
4316,8,6,14,148.0,148
4317,8,6,14,149.0,149
4318,8,6,14,150.0,150
4319,8,6,14,151.0,151
4320,8,6,14,152.0,152
4321,8,6,14,153.0,153
4322,8,6,14,154.0,154
4323,8,6,14,155.0,155
4324,9,6,15,156.0,156
4325,9,6,15,156.0,156
4326,9,6,15,156.0,156
4327,9,6,15,156.0,156
4328,9,6,15,156.0,156
4329,9,6,15,156.0,156
4330,9,6,15,156.0,156
4331,9,6,15,156.0,156
4332,9,6,15,156.0,156
4333,9,6,15,156.0,156
4334,9,6,15,156.0,156
4335,9,6,15,156.0,156
4336,9,6,15,156.0,156
4337,9,6,15,156.0,156
4338,9,6,15,156.0,156
4339,9,6,15,156.0,156
4340,9,6,15,156.0,156
4341,9,6,15,156.0,156
4342,9,6,15,156.0,156
4343,9,6,15,156.0,156
4344,9,6,15,156.0,156
4345,9,6,15,156.0,156
4346,9,6,15,156.0,156
4347,9,6,15,156.0,156
4348,9,6,15,156.0,156
4349,9,6,15,156.0,156
4350,9,6,15,156.0,156
4351,9,6,15,156.0,156
4352,9,6,15,156.0,156
4353,9,6,15,156.0,156
4354,9,6,15,156.0,156
4355,9,6,15,156.0,156
4356,9,6,15,156.0,156
4357,9,6,15,156.0,156
4358,9,6,15,156.0,156
4359,9,6,15,156.0,156
4360,9,6,15,0.0,0
4361,9,6,15,0.0,0
4362,9,6,15,0.0,0
4363,9,6,15,0.0,0
4364,9,6,15,0.0,0
4365,9,6,15,0.0,0
4366,9,6,15,0.0,0
4367,9,6,15,0.0,0
4368,9,6,15,0.0,0
4369,9,6,15,0.0,0
4370,9,6,15,0.0,0
4371,9,6,15,0.0,0
4372,9,6,15,0.0,0
4373,9,6,15,0.0,0
4374,9,6,15,0.0,0
4375,9,6,15,0.0,0
4376,9,6,15,0.0,0
4377,9,6,15,0.0,0
4378,9,6,15,0.0,0
4379,9,6,15,0.0,0
4380,9,6,15,0.0,0
4381,9,6,15,0.0,0
4382,9,6,15,0.0,0
4383,9,6,15,0.0,0
4384,9,6,15,0.0,0
4385,9,6,15,0.0,0
4386,9,6,15,0.0,0
4387,9,6,15,0.0,0
4388,9,6,15,0.0,0
4389,9,6,15,0.0,0
4390,9,6,15,0.0,0
4391,9,6,15,0.0,0
4392,9,6,15,0.0,0
4393,9,6,15,0.0,0
4394,9,6,15,0.0,0
4395,9,6,15,0.0,0
4396,9,6,15,0.0,0
4397,9,6,15,0.0,0
4398,9,6,15,0.0,0
4399,9,6,15,0.0,0
4400,9,6,15,0.0,0
4401,9,6,15,0.0,0
4402,9,6,15,0.0,0
4403,9,6,15,0.0,0
4404,9,6,15,0.0,0
4405,9,6,15,0.0,0
4406,9,6,15,0.0,0
4407,9,6,15,0.0,0
4408,9,6,15,0.0,0
4409,9,6,15,0.0,0
4410,9,6,15,0.0,0
4411,9,6,15,0.0,0
4412,9,6,15,0.0,0
4413,9,6,15,0.0,0
4414,9,6,15,0.0,0
4415,9,6,15,0.0,0
4416,9,6,15,0.0,0
4417,9,6,15,0.0,0
4418,9,6,15,0.0,0
4419,9,6,15,0.0,0
4420,9,6,15,0.0,0
4421,9,6,15,0.0,0
4422,9,6,15,0.0,0
4423,9,6,15,0.0,0
4424,9,6,15,0.0,0
4425,9,6,15,0.0,0
4426,9,6,15,0.0,0
4427,9,6,15,0.0,0
4428,9,6,15,0.0,0
4429,9,6,15,0.0,0
4430,9,6,15,0.0,0
4431,9,6,15,0.0,0
4432,9,6,15,0.0,0
4433,9,6,15,0.0,0
4434,9,6,15,0.0,0
4435,9,6,15,0.0,0
4436,9,6,15,0.0,0
4437,9,6,15,0.0,0
4438,9,6,15,0.0,0
4439,9,6,15,0.0,0
4440,9,6,15,0.0,0
4441,9,6,15,0.0,0
4442,9,6,15,0.0,0
4443,9,6,15,0.0,0
4444,9,6,15,0.0,0
4445,9,6,15,0.0,0
4446,9,6,15,0.0,0
4447,9,6,15,0.0,0
4448,9,6,15,0.0,0
4449,9,6,15,0.0,0
4450,9,6,15,0.0,0
4451,9,6,15,0.0,0
4452,9,6,15,0.0,0
4453,9,6,15,0.0,0
4454,9,6,15,0.0,0
4455,9,6,15,0.0,0
4456,9,6,15,0.0,0
4457,9,6,15,0.0,0
4458,9,6,15,0.0,0
4459,9,6,15,0.0,0
4460,9,6,15,0.0,0
4461,9,6,15,0.0,0
4462,9,6,15,0.0,0
4463,9,6,15,0.0,0
4464,9,6,15,0.0,0
4465,9,6,15,0.0,0
4466,9,6,15,0.0,0
4467,9,6,15,0.0,0
4468,9,6,15,0.0,0
4469,9,6,15,0.0,0
4470,9,6,15,0.0,0
4471,9,6,15,0.0,0
4472,9,6,15,0.0,0
4473,9,6,15,0.0,0
4474,9,6,15,0.0,0
4475,9,6,15,0.0,0
4476,9,6,15,0.0,0
4477,9,6,15,0.0,0
4478,9,6,15,0.0,0
4479,9,6,15,0.0,0
4480,9,6,15,0.0,0
4481,9,6,15,0.0,0
4482,9,6,15,0.0,0
4483,9,6,15,0.0,0
4484,9,6,15,0.0,0
4485,9,6,15,0.0,0
4486,9,6,15,0.0,0
4487,9,6,15,0.0,0
4488,9,6,15,0.0,0
4489,9,6,15,0.0,0
4490,9,6,15,0.0,0
4491,9,6,15,0.0,0
4492,9,6,15,0.0,0
4493,9,6,15,0.0,0
4494,9,6,15,0.0,0
4495,9,6,15,0.0,0
4496,9,6,15,0.0,0
4497,9,6,15,0.0,0
4498,9,6,15,0.0,0
4499,9,6,15,0.0,0
4500,9,6,15,0.0,0
4501,9,6,15,0.0,0
4502,9,6,15,0.0,0
4503,9,6,15,0.0,0
4504,9,6,15,0.0,0
4505,9,6,15,0.0,0
4506,9,6,15,0.0,0
4507,9,6,15,0.0,0
4508,9,6,15,0.0,0
4509,9,6,15,0.0,0
4510,9,6,15,0.0,0
4511,9,6,15,0.0,0
4512,9,6,15,0.0,0
4513,9,6,15,0.0,0
4514,9,6,15,0.0,0
4515,9,6,15,0.0,0
4516,9,6,15,0.0,0
4517,9,6,15,0.0,0
4518,9,6,15,0.0,0
4519,9,6,15,0.0,0
4520,9,6,15,0.0,0
4521,9,6,15,0.0,0
4522,9,6,15,0.0,0
4523,9,6,15,0.0,0
4524,9,6,15,0.0,0
4525,9,6,15,0.0,0
4526,9,6,15,0.0,0
4527,9,6,15,0.0,0
4528,9,6,15,0.0,0
4529,9,6,15,0.0,0
4530,9,6,15,0.0,0
4531,9,6,15,0.0,0
4532,9,6,15,0.0,0
4533,9,6,15,0.0,0
4534,9,6,15,0.0,0
4535,9,6,15,0.0,0
4536,9,6,15,0.0,0
4537,9,6,15,0.0,0
4538,9,6,15,0.0,0
4539,9,6,15,0.0,0
4540,9,6,15,0.0,0
4541,9,6,15,0.0,0
4542,9,6,15,0.0,0
4543,9,6,15,0.0,0
4544,9,6,15,0.0,0
4545,9,6,15,0.0,0
4546,9,6,15,0.0,0
4547,9,6,15,0.0,0
4548,9,6,15,0.0,0
4549,9,6,15,0.0,0
4550,9,6,15,0.0,0
4551,9,6,15,0.0,0
4552,9,6,15,0.0,0
4553,9,6,15,0.0,0
4554,9,6,15,0.0,0
4555,9,6,15,0.0,0
4556,9,6,15,0.0,0
4557,9,6,15,0.0,0
4558,9,6,15,0.0,0
4559,9,6,15,0.0,0
4560,9,6,15,0.0,0
4561,9,6,15,0.0,0
4562,9,6,15,0.0,0
4563,9,6,15,0.0,0
4564,9,6,15,0.0,0
4565,9,6,15,0.0,0
4566,9,6,15,0.0,0
4567,9,6,15,0.0,0
4568,9,6,15,0.0,0
4569,9,6,15,0.0,0
4570,9,6,15,0.0,0
4571,9,6,15,0.0,0
4572,9,6,15,0.0,0
4573,9,6,15,0.0,0
4574,9,6,15,0.0,0
4575,9,6,15,0.0,0
4576,9,6,15,0.0,0
4577,9,6,15,0.0,0
4578,9,6,15,0.0,0
4579,9,6,15,0.0,0
4580,9,6,15,0.0,0
4581,9,6,15,0.0,0
4582,9,6,15,0.0,0
4583,9,6,15,0.0,0
4584,9,6,15,0.0,0
4585,9,6,15,0.0,0
4586,9,6,15,0.0,0
4587,9,6,15,0.0,0
4588,9,6,15,0.0,0
4589,9,6,15,0.0,0
4590,9,6,15,0.0,0
4591,9,6,15,0.0,0
4592,9,6,15,0.0,0
4593,9,6,15,0.0,0
4594,9,6,15,0.0,0
4595,9,6,15,0.0,0
4596,9,6,15,0.0,0
4597,9,6,15,0.0,0
4598,9,6,15,0.0,0
4599,9,6,15,0.0,0
4600,9,6,15,0.0,0
4601,9,6,15,0.0,0
4602,9,6,15,0.0,0
4603,9,6,15,0.0,0
4604,9,6,15,0.0,0
4605,9,6,15,0.0,0
4606,9,6,15,0.0,0
4607,9,6,15,0.0,0
4608,9,6,15,0.0,0
4609,9,6,15,0.0,0
4610,9,6,15,0.0,0
4611,9,6,15,0.0,0
4612,9,6,15,0.0,0
4613,9,6,15,0.0,0
4614,9,6,15,0.0,0
4615,9,6,15,0.0,0
4616,9,6,15,0.0,0
4617,9,6,15,0.0,0
4618,9,6,15,0.0,0
4619,9,6,15,0.0,0
4620,9,6,15,0.0,0
4621,9,6,15,0.0,0
4622,9,6,15,0.0,0
4623,9,6,15,0.0,0
4624,9,6,15,0.0,0
4625,9,6,15,0.0,0
4626,9,6,15,0.0,0
4627,9,6,15,0.0,0
4628,9,6,15,0.0,0
4629,9,6,15,0.0,0
4630,9,6,15,0.0,0
4631,9,6,15,0.0,0
4632,9,6,15,0.0,0
4633,9,6,15,0.0,0
4634,9,6,15,0.0,0
4635,9,6,15,0.0,0
4636,9,6,15,0.0,0
4637,9,6,15,0.0,0
4638,9,6,15,0.0,0
4639,9,6,15,0.0,0
4640,9,6,15,0.0,0
4641,9,6,15,0.0,0
4642,9,6,15,0.0,0
4643,9,6,15,0.0,0
4644,9,6,15,0.0,0
4645,9,6,15,0.0,0
4646,9,6,15,0.0,0
4647,9,6,15,0.0,0
4648,9,6,15,0.0,0
4649,9,6,15,0.0,0
4650,9,6,15,0.0,0
4651,9,6,15,0.0,0
4652,9,6,15,0.0,0
4653,9,6,15,0.0,0
4654,9,6,15,0.0,0
4655,9,6,15,0.0,0
4656,9,6,15,0.0,0
4657,9,6,15,0.0,0
4658,9,6,15,0.0,0
4659,9,6,15,0.0,0
4660,9,6,15,0.0,0
4661,9,6,15,0.0,0
4662,9,6,15,0.0,0
4663,9,6,15,0.0,0
4664,9,6,15,0.0,0
4665,9,6,15,0.0,0
4666,9,6,15,0.0,0
4667,9,6,15,0.0,0
4668,9,6,15,0.0,0
4669,9,6,15,0.0,0
4670,9,6,15,0.0,0
4671,9,6,15,0.0,0
4672,9,6,15,0.0,0
4673,9,6,15,0.0,0
4674,9,6,15,0.0,0
4675,9,6,15,0.0,0
4676,9,6,15,0.0,0
4677,9,6,15,0.0,0
4678,9,6,15,0.0,0
4679,9,6,15,0.0,0
4680,9,6,15,0.0,0
4681,9,6,15,0.0,0
4682,9,6,15,0.0,0
4683,9,6,15,0.0,0
4684,9,6,15,0.0,0
4685,9,6,15,0.0,0
4686,9,6,15,0.0,0
4687,9,6,15,0.0,0
4688,9,6,15,0.0,0
4689,9,6,15,0.0,0
4690,9,6,15,0.0,0
4691,9,6,15,0.0,0
4692,9,6,15,0.0,0
4693,9,6,15,0.0,0
4694,9,6,15,0.0,0
4695,9,6,15,0.0,0
4696,9,6,15,0.0,0
4697,9,6,15,0.0,0
4698,9,6,15,0.0,0
4699,9,6,15,0.0,0
4700,9,6,15,0.0,0
4701,9,6,15,0.0,0
4702,9,6,15,0.0,0
4703,9,6,15,0.0,0
4704,9,7,16,0.0,0
4705,9,7,16,0.0,0
4706,9,7,16,0.0,0
4707,9,7,16,0.0,0
4708,9,7,16,0.0,0
4709,9,7,16,0.0,0
4710,9,7,16,0.0,0
4711,9,7,16,0.0,0
4712,9,7,16,0.0,0
4713,9,7,16,0.0,0
4714,9,7,16,0.0,0
4715,9,7,16,0.0,0
4716,9,7,16,0.0,0
4717,9,7,16,0.0,0
4718,9,7,16,0.0,0
4719,9,7,16,0.0,0
4720,9,7,16,0.0,0
4721,9,7,16,0.0,0
4722,9,7,16,0.0,0
4723,9,7,16,0.0,0
4724,9,7,16,0.0,0
4725,9,7,16,0.0,0
4726,9,7,16,0.0,0
4727,9,7,16,0.0,0
4728,9,7,16,0.0,0
4729,9,7,16,0.0,0
4730,9,7,16,0.0,0
4731,9,7,16,0.0,0
4732,9,7,16,0.0,0
4733,9,7,16,0.0,0
4734,9,7,16,0.0,0
4735,9,7,16,0.0,0
4736,9,7,16,0.0,0
4737,9,7,16,0.0,0
4738,9,7,16,0.0,0
4739,9,7,16,0.0,0
4740,9,7,16,0.0,0
4741,9,7,16,0.0,0
4742,9,7,16,0.0,0
4743,9,7,16,0.0,0
4744,9,7,16,0.0,0
4745,9,7,16,0.0,0
4746,9,7,16,0.0,0
4747,9,7,16,0.0,0
4748,9,7,16,0.0,0
4749,9,7,16,0.0,0
4750,9,7,16,0.0,0
4751,9,7,16,0.0,0
4752,9,7,16,0.0,0
4753,9,7,16,0.0,0
4754,9,7,16,0.0,0
4755,9,7,16,0.0,0
4756,9,7,16,0.0,0
4757,9,7,16,0.0,0
4758,9,7,16,0.0,0
4759,9,7,16,0.0,0
4760,9,7,16,0.0,0
4761,9,7,16,0.0,0
4762,9,7,16,0.0,0
4763,9,7,16,0.0,0
4764,9,7,16,0.0,0
4765,9,7,16,0.0,0
4766,9,7,16,0.0,0
4767,9,7,16,0.0,0
4768,9,7,16,0.0,0
4769,9,7,16,0.0,0
4770,9,7,16,0.0,0
4771,9,7,16,0.0,0
4772,9,7,16,0.0,0
4773,9,7,16,0.0,0
4774,9,7,16,0.0,0
4775,9,7,16,0.0,0
4776,9,7,16,0.0,0
4777,9,7,16,0.0,0
4778,9,7,16,0.0,0
4779,9,7,16,0.0,0
4780,9,7,16,0.0,0
4781,9,7,16,0.0,0
4782,9,7,16,0.0,0
4783,9,7,16,0.0,0
4784,9,7,16,0.0,0
4785,9,7,16,0.0,0
4786,9,7,16,0.0,0
4787,9,7,16,0.0,0
4788,9,7,16,0.0,0
4789,9,7,16,0.0,0
4790,9,7,16,0.0,0
4791,9,7,16,0.0,0
4792,9,7,16,0.0,0
4793,9,7,16,0.0,0
4794,9,7,16,0.0,0
4795,9,7,16,0.0,0
4796,9,7,16,0.0,0
4797,9,7,16,0.0,0
4798,9,7,16,0.0,0
4799,9,7,16,0.0,0
4800,9,7,16,0.0,0
4801,9,7,16,0.0,0
4802,9,7,16,0.0,0
4803,9,7,16,0.0,0
4804,9,7,16,0.0,0
4805,9,7,16,0.0,0
4806,9,7,16,0.0,0
4807,9,7,16,0.0,0
4808,9,7,16,0.0,0
4809,9,7,16,0.0,0
4810,9,7,16,0.0,0
4811,9,7,16,0.0,0
4812,9,7,16,0.0,0
4813,9,7,16,0.0,0
4814,9,7,16,0.0,0
4815,9,7,16,0.0,0
4816,9,7,16,0.0,0
4817,9,7,16,0.0,0
4818,9,7,16,0.0,0
4819,9,7,16,0.0,0
4820,9,7,16,0.0,0
4821,9,7,16,0.0,0
4822,9,7,16,0.0,0
4823,9,7,16,0.0,0
4824,9,7,16,0.0,0
4825,9,7,16,0.0,0
4826,9,7,16,0.0,0
4827,9,7,16,0.0,0
4828,9,7,16,0.0,0
4829,9,7,16,0.0,0
4830,9,7,16,0.0,0
4831,9,7,16,0.0,0
4832,9,7,16,0.0,0
4833,9,7,16,0.0,0
4834,9,7,16,0.0,0
4835,9,7,16,0.0,0
4836,9,7,16,0.0,0
4837,9,7,16,0.0,0
4838,9,7,16,0.0,0
4839,9,7,16,0.0,0
4840,9,7,16,0.0,0
4841,9,7,16,0.0,0
4842,9,7,16,0.0,0
4843,9,7,16,0.0,0
4844,9,7,16,0.0,0
4845,9,7,16,0.0,0
4846,9,7,16,0.0,0
4847,9,7,16,0.0,0
4848,9,7,16,0.0,0
4849,9,7,16,0.0,0
4850,9,7,16,0.0,0
4851,9,7,16,0.0,0
4852,9,7,16,0.0,0
4853,9,7,16,0.0,0
4854,9,7,16,0.0,0
4855,9,7,16,0.0,0
4856,9,7,16,0.0,0
4857,9,7,16,0.0,0
4858,9,7,16,0.0,0
4859,9,7,16,0.0,0
4860,9,7,16,0.0,0
4861,9,7,16,0.0,0
4862,9,7,16,0.0,0
4863,9,7,16,0.0,0
4864,9,7,16,0.0,0
4865,9,7,16,0.0,0
4866,9,7,16,0.0,0
4867,9,7,16,0.0,0
4868,9,7,16,0.0,0
4869,9,7,16,0.0,0
4870,9,7,16,0.0,0
4871,9,7,16,0.0,0
4872,9,7,16,0.0,0
4873,9,7,16,0.0,0
4874,9,7,16,0.0,0
4875,9,7,16,0.0,0
4876,9,7,16,0.0,0
4877,9,7,16,0.0,0
4878,9,7,16,0.0,0
4879,9,7,16,0.0,0
4880,9,7,16,0.0,0
4881,9,7,16,0.0,0
4882,9,7,16,0.0,0
4883,9,7,16,0.0,0
4884,9,7,16,0.0,0
4885,9,7,16,0.0,0
4886,9,7,16,0.0,0
4887,9,7,16,0.0,0
4888,9,7,16,0.0,0
4889,9,7,16,0.0,0
4890,9,7,16,0.0,0
4891,9,7,16,0.0,0
4892,9,7,16,0.0,0
4893,9,7,16,0.0,0
4894,9,7,16,0.0,0
4895,9,7,16,0.0,0
4896,9,7,16,0.0,0
4897,9,7,16,0.0,0
4898,9,7,16,0.0,0
4899,9,7,16,0.0,0
4900,9,7,16,0.0,0
4901,9,7,16,0.0,0
4902,9,7,16,0.0,0
4903,9,7,16,0.0,0
4904,9,7,16,0.0,0
4905,9,7,16,0.0,0
4906,9,7,16,0.0,0
4907,9,7,16,0.0,0
4908,9,7,16,0.0,0
4909,9,7,16,0.0,0
4910,9,7,16,0.0,0
4911,9,7,16,0.0,0
4912,9,7,16,0.0,0
4913,9,7,16,0.0,0
4914,9,7,16,0.0,0
4915,9,7,16,0.0,0
4916,9,7,16,0.0,0
4917,9,7,16,0.0,0
4918,9,7,16,0.0,0
4919,9,7,16,0.0,0
4920,9,7,16,0.0,0
4921,9,7,16,0.0,0
4922,9,7,16,0.0,0
4923,9,7,16,0.0,0
4924,9,7,16,0.0,0
4925,9,7,16,0.0,0
4926,9,7,16,0.0,0
4927,9,7,16,0.0,0
4928,9,7,16,0.0,0
4929,9,7,16,0.0,0
4930,9,7,16,0.0,0
4931,9,7,16,0.0,0
4932,9,7,16,0.0,0
4933,9,7,16,0.0,0
4934,9,7,16,0.0,0
4935,9,7,16,0.0,0
4936,9,7,16,0.0,0
4937,9,7,16,0.0,0
4938,9,7,16,0.0,0
4939,9,7,16,0.0,0
4940,9,7,16,0.0,0
4941,9,7,16,0.0,0
4942,9,7,16,0.0,0
4943,9,7,16,0.0,0
4944,9,7,16,0.0,0
4945,9,7,16,0.0,0
4946,9,7,16,0.0,0
4947,9,7,16,0.0,0
4948,9,7,16,0.0,0
4949,9,7,16,0.0,0
4950,9,7,16,0.0,0
4951,9,7,16,0.0,0
4952,9,7,16,0.0,0
4953,9,7,16,0.0,0
4954,9,7,16,0.0,0
4955,9,7,16,0.0,0
4956,9,7,16,0.0,0
4957,9,7,16,0.0,0
4958,9,7,16,0.0,0
4959,9,7,16,0.0,0
4960,9,7,16,0.0,0
4961,9,7,16,0.0,0
4962,9,7,16,0.0,0
4963,9,7,16,0.0,0
4964,9,7,16,0.0,0
4965,9,7,16,0.0,0
4966,9,7,16,0.0,0
4967,9,7,16,0.0,0
4968,9,7,16,0.0,0
4969,9,7,16,0.0,0
4970,9,7,16,0.0,0
4971,9,7,16,0.0,0
4972,9,7,16,0.0,0
4973,9,7,16,0.0,0
4974,9,7,16,0.0,0
4975,9,7,16,0.0,0
4976,9,7,16,0.0,0
4977,9,7,16,0.0,0
4978,9,7,16,0.0,0
4979,9,7,16,0.0,0
4980,9,7,16,0.0,0
4981,9,7,16,0.0,0
4982,9,7,16,0.0,0
4983,9,7,16,0.0,0
4984,9,7,16,0.0,0
4985,9,7,16,0.0,0
4986,9,7,16,0.0,0
4987,9,7,16,0.0,0
4988,9,7,16,0.0,0
4989,9,7,16,0.0,0
4990,9,7,16,0.0,0
4991,9,7,16,0.0,0
4992,9,7,16,0.0,0
4993,9,7,16,0.0,0
4994,9,7,16,0.0,0
4995,9,7,16,0.0,0
4996,9,7,16,0.0,0
4997,9,7,16,0.0,0
4998,9,7,16,0.0,0
4999,9,7,16,0.0,0
5000,9,7,16,0.0,0
5001,9,7,16,0.0,0
5002,9,7,16,0.0,0
5003,9,7,16,0.0,0
5004,9,7,16,0.0,0
5005,9,7,16,0.0,0
5006,9,7,16,0.0,0
5007,9,7,16,0.0,0
5008,9,7,16,0.0,0
5009,9,7,16,0.0,0
5010,9,7,16,0.0,0
5011,9,7,16,0.0,0
5012,9,7,16,0.0,0
5013,9,7,16,0.0,0
5014,9,7,16,0.0,0
5015,9,7,16,0.0,0
5016,9,7,16,0.0,0
5017,9,7,16,0.0,0
5018,9,7,16,0.0,0
5019,9,7,16,0.0,0
5020,9,7,16,0.0,0
5021,9,7,16,0.0,0
5022,9,7,16,0.0,0
5023,9,7,16,0.0,0
5024,9,7,16,0.0,0
5025,9,7,16,0.0,0
5026,9,7,16,0.0,0
5027,9,7,16,0.0,0
5028,9,7,16,0.0,0
5029,9,7,16,0.0,0
5030,9,7,16,0.0,0
5031,9,7,16,0.0,0
5032,9,7,16,0.0,0
5033,9,7,16,0.0,0
5034,9,7,16,0.0,0
5035,9,7,16,0.0,0
5036,9,7,16,0.0,0
5037,9,7,16,0.0,0
5038,9,7,16,0.0,0
5039,9,7,16,0.0,0
5040,9,7,16,0.0,0
5041,9,7,16,0.0,0
5042,9,7,16,0.0,0
5043,9,7,16,0.0,0
5044,9,7,16,0.0,0
5045,9,7,16,0.0,0
5046,9,7,16,0.0,0
5047,9,7,16,0.0,0
5048,9,7,16,0.0,0
5049,9,7,16,0.0,0
5050,9,7,16,0.0,0
5051,9,7,16,0.0,0
5052,9,7,16,0.0,0
5053,9,7,16,0.0,0
5054,9,7,16,0.0,0
5055,9,7,16,0.0,0
5056,9,7,16,0.0,0
5057,9,7,16,0.0,0
5058,9,7,16,0.0,0
5059,9,7,16,0.0,0
5060,9,7,16,0.0,0
5061,9,7,16,0.0,0
5062,9,7,16,0.0,0
5063,9,7,16,0.0,0
5064,9,7,16,0.0,0
5065,9,7,16,0.0,0
5066,9,7,16,0.0,0
5067,9,7,16,0.0,0
5068,9,7,16,0.0,0
5069,9,7,16,0.0,0
5070,9,7,16,0.0,0
5071,9,7,16,0.0,0
5072,9,7,16,0.0,0
5073,9,7,16,0.0,0
5074,9,7,16,0.0,0
5075,9,7,16,0.0,0
5076,9,7,16,0.0,0
5077,9,7,16,0.0,0
5078,9,7,16,0.0,0
5079,9,7,16,0.0,0
5080,9,7,16,0.0,0
5081,9,7,16,0.0,0
5082,9,7,16,0.0,0
5083,9,7,16,0.0,0
5084,9,7,16,0.0,0
5085,9,7,16,0.0,0
5086,9,7,16,0.0,0
5087,9,7,16,0.0,0
5088,9,7,16,0.0,0
5089,9,7,16,0.0,0
5090,9,7,16,0.0,0
5091,9,7,16,0.0,0
5092,9,7,16,0.0,0
5093,9,7,16,0.0,0
5094,9,7,16,0.0,0
5095,9,7,16,0.0,0
5096,9,7,16,0.0,0
5097,9,7,16,0.0,0
5098,9,7,16,0.0,0
5099,9,7,16,0.0,0
5100,9,7,16,0.0,0
5101,9,7,16,0.0,0
5102,9,7,16,0.0,0
5103,9,7,16,0.0,0
5104,9,7,16,0.0,0
5105,9,7,16,0.0,0
5106,9,7,16,0.0,0
5107,9,7,16,0.0,0
5108,9,7,16,0.0,0
5109,9,7,16,0.0,0
5110,9,7,16,0.0,0
5111,9,7,16,0.0,0
5112,9,7,16,0.0,0
5113,9,7,16,0.0,0
5114,9,7,16,0.0,0
5115,9,7,16,0.0,0
5116,9,7,16,0.0,0
5117,9,7,16,0.0,0
5118,9,7,16,0.0,0
5119,9,7,16,0.0,0
5120,9,7,16,0.0,0
5121,9,7,16,0.0,0
5122,9,7,16,0.0,0
5123,9,7,16,0.0,0
5124,9,7,16,0.0,0
5125,9,7,16,0.0,0
5126,9,7,16,0.0,0
5127,9,7,16,0.0,0
5128,9,7,16,0.0,0
5129,9,7,16,0.0,0
5130,9,7,16,0.0,0
5131,9,7,16,0.0,0
5132,9,7,16,0.0,0
5133,9,8,17,0.0,0
5134,9,8,17,0.0,0
5135,9,8,17,0.0,0
5136,9,8,17,0.0,0
5137,9,8,17,0.0,0
5138,9,8,17,0.0,0
5139,9,8,17,0.0,0
5140,9,8,17,0.0,0
5141,9,8,17,0.0,0
5142,9,8,17,0.0,0
5143,9,8,17,0.0,0
5144,9,8,17,0.0,0
5145,9,8,17,0.0,0
5146,9,8,17,0.0,0
5147,9,8,17,0.0,0
5148,9,8,17,0.0,0
5149,9,8,17,0.0,0
5150,9,8,17,0.0,0
5151,9,8,17,0.0,0
5152,9,8,17,0.0,0
5153,9,8,17,0.0,0
5154,9,8,17,0.0,0
5155,9,8,17,0.0,0
5156,9,8,17,0.0,0
5157,9,8,17,0.0,0
5158,9,8,17,0.0,0
5159,9,8,17,0.0,0
5160,9,8,17,0.0,0
5161,9,8,17,0.0,0
5162,9,8,17,0.0,0
5163,9,8,17,0.0,0
5164,9,8,17,0.0,0
5165,9,8,17,0.0,0
5166,9,8,17,0.0,0
5167,9,8,17,0.0,0
5168,9,8,17,0.0,0
5169,9,8,17,0.0,0
5170,9,8,17,0.0,0
5171,9,8,17,0.0,0
5172,9,8,17,0.0,0
5173,9,8,17,0.0,0
5174,9,8,17,0.0,0
5175,9,8,17,0.0,0
5176,9,8,17,0.0,0
5177,9,8,17,0.0,0
5178,9,8,17,0.0,0
5179,9,8,17,0.0,0
5180,9,8,17,0.0,0
5181,9,8,17,0.0,0
5182,9,8,17,0.0,0
5183,9,8,17,0.0,0
5184,9,8,17,0.0,0
5185,9,8,17,0.0,0
5186,9,8,17,0.0,0
5187,9,8,17,0.0,0
5188,9,8,17,0.0,0
5189,9,8,17,0.0,0
5190,9,8,17,0.0,0
5191,9,8,17,0.0,0
5192,9,8,17,0.0,0
5193,9,8,17,0.0,0
5194,9,8,17,0.0,0
5195,9,8,17,0.0,0
5196,9,8,17,0.0,0
5197,9,8,17,0.0,0
5198,9,8,17,0.0,0
5199,9,8,17,0.0,0
5200,9,8,17,0.0,0
5201,9,8,17,0.0,0
5202,9,8,17,0.0,0
5203,9,8,17,0.0,0
5204,9,8,17,0.0,0
5205,9,8,17,0.0,0
5206,9,8,17,0.0,0
5207,9,8,17,0.0,0
5208,9,8,17,0.0,0
5209,9,8,17,0.0,0
5210,9,8,17,0.0,0
5211,9,8,17,0.0,0
5212,9,8,17,0.0,0
5213,9,8,17,0.0,0
5214,9,8,17,0.0,0
5215,9,8,17,0.0,0
5216,9,8,17,0.0,0
5217,9,8,17,0.0,0
5218,9,8,17,0.0,0
5219,9,8,17,0.0,0
5220,9,8,17,0.0,0
5221,9,8,17,0.0,0
5222,9,8,17,0.0,0
5223,9,8,17,0.0,0
5224,9,8,17,0.0,0
5225,9,8,17,0.0,0
5226,9,8,17,0.0,0
5227,9,8,17,0.0,0
5228,9,8,17,0.0,0
5229,9,8,17,0.0,0
5230,9,8,17,0.0,0
5231,9,8,17,0.0,0
5232,9,8,17,0.0,0
5233,9,8,17,0.0,0
5234,9,8,17,0.0,0
5235,9,8,17,0.0,0
5236,9,8,17,0.0,0
5237,9,8,17,0.0,0
5238,9,8,17,0.0,0
5239,9,8,17,0.0,0
5240,9,8,17,0.0,0
5241,9,8,17,0.0,0
5242,9,8,17,0.0,0
5243,9,8,17,0.0,0
5244,9,8,17,0.0,0
5245,9,8,17,0.0,0
5246,9,8,17,0.0,0
5247,9,8,17,0.0,0
5248,9,8,17,0.0,0
5249,9,8,17,0.0,0
5250,9,8,17,0.0,0
5251,9,8,17,0.0,0
5252,9,8,17,0.0,0
5253,9,8,17,0.0,0
5254,9,8,17,0.0,0
5255,9,8,17,0.0,0
5256,9,8,17,0.0,0
5257,9,8,17,0.0,0
5258,9,8,17,0.0,0
5259,9,8,17,0.0,0
5260,9,8,17,0.0,0
5261,9,8,17,0.0,0
5262,9,8,17,0.0,0
5263,9,8,17,0.0,0
5264,9,8,17,0.0,0
5265,9,8,17,0.0,0
5266,9,8,17,0.0,0
5267,9,8,17,0.0,0
5268,9,8,17,0.0,0
5269,9,8,17,0.0,0
5270,9,8,17,0.0,0
5271,9,8,17,0.0,0
5272,9,8,17,0.0,0
5273,9,8,17,0.0,0
5274,9,8,17,0.0,0
5275,9,8,17,0.0,0
5276,9,8,17,0.0,0
5277,9,8,17,0.0,0
5278,9,8,17,0.0,0
5279,9,8,17,0.0,0
5280,9,8,17,0.0,0
5281,9,8,17,0.0,0
5282,9,8,17,0.0,0
5283,9,8,17,0.0,0
5284,9,8,17,0.0,0
5285,9,8,17,0.0,0
5286,9,8,17,0.0,0
5287,9,8,17,0.0,0
5288,9,8,17,0.0,0
5289,9,8,17,0.0,0
5290,9,8,17,0.0,0
5291,9,8,17,0.0,0
5292,9,8,17,0.0,0
5293,9,8,17,0.0,0
5294,9,8,17,0.0,0
5295,9,8,17,0.0,0
5296,9,8,17,0.0,0
5297,9,8,17,0.0,0
5298,9,8,17,0.0,0
5299,9,8,17,0.0,0
5300,9,8,17,0.0,0
5301,9,8,17,0.0,0
5302,9,8,17,0.0,0
5303,9,8,17,0.0,0
5304,9,8,17,0.0,0
5305,9,8,17,0.0,0
5306,9,8,17,0.0,0
5307,9,8,17,0.0,0
5308,9,8,17,0.0,0
5309,9,8,17,0.0,0
5310,9,8,17,0.0,0
5311,9,8,17,0.0,0
5312,9,8,17,0.0,0
5313,9,8,17,0.0,0
5314,9,8,17,0.0,0
5315,9,8,17,0.0,0
5316,9,8,17,0.0,0
5317,9,8,17,0.0,0
5318,9,8,17,0.0,0
5319,9,8,17,0.0,0
5320,9,8,17,0.0,0
5321,9,8,17,0.0,0
5322,9,8,17,0.0,0
5323,9,8,17,0.0,0
5324,9,8,17,0.0,0
5325,9,8,17,0.0,0
5326,9,8,17,0.0,0
5327,9,8,17,0.0,0
5328,9,8,17,0.0,0
5329,9,8,17,0.0,0
5330,9,8,17,0.0,0
5331,9,8,17,0.0,0
5332,9,8,17,0.0,0
5333,9,8,17,0.0,0
5334,9,8,17,0.0,0
5335,9,8,17,0.0,0
5336,9,8,17,0.0,0
5337,9,8,17,0.0,0
5338,9,8,17,0.0,0
5339,9,8,17,0.0,0
5340,9,8,17,0.0,0
5341,9,8,17,0.0,0
5342,9,8,17,0.0,0
5343,9,8,17,0.0,0
5344,9,8,17,0.0,0
5345,9,8,17,0.0,0
5346,9,8,17,0.0,0
5347,9,8,17,0.0,0
5348,9,8,17,0.0,0
5349,9,8,17,0.0,0
5350,9,8,17,0.0,0
5351,9,8,17,0.0,0
5352,9,8,17,0.0,0
5353,9,8,17,0.0,0
5354,9,8,17,0.0,0
5355,9,8,17,0.0,0
5356,9,8,17,0.0,0
5357,9,8,17,0.0,0
5358,9,8,17,0.0,0
5359,9,8,17,0.0,0
5360,9,8,17,0.0,0
5361,9,8,17,0.0,0
5362,9,8,17,0.0,0
5363,9,8,17,0.0,0
5364,9,8,17,0.0,0
5365,9,8,17,0.0,0
5366,9,8,17,0.0,0
5367,9,8,17,0.0,0
5368,9,8,17,0.0,0
5369,9,8,17,0.0,0
5370,9,8,17,0.0,0
5371,9,8,17,0.0,0
5372,9,8,17,0.0,0
5373,9,8,17,0.0,0
5374,9,8,17,0.0,0
5375,9,8,17,0.0,0
5376,9,8,17,0.0,0
5377,9,8,17,0.0,0
5378,9,8,17,0.0,0
5379,9,8,17,0.0,0
5380,9,8,17,0.0,0
5381,9,8,17,0.0,0
5382,9,8,17,0.0,0
5383,9,8,17,0.0,0
5384,9,8,17,0.0,0
5385,9,8,17,0.0,0
5386,9,8,17,0.0,0
5387,9,8,17,0.0,0
5388,9,8,17,0.0,0
5389,9,8,17,0.0,0
5390,9,8,17,0.0,0
5391,9,8,17,0.0,0
5392,9,8,17,0.0,0
5393,9,8,17,0.0,0
5394,9,8,17,0.0,0
5395,9,8,17,0.0,0
5396,9,8,17,0.0,0
5397,9,8,17,0.0,0
5398,9,8,17,0.0,0
5399,9,8,17,0.0,0
5400,9,8,17,0.0,0
5401,9,8,17,1.0,1
5402,9,8,17,2.0,2
5403,9,8,17,3.0,3
5404,9,8,17,4.0,4
5405,9,8,17,5.0,5
5406,9,8,17,6.0,6
5407,9,8,17,7.0,7
5408,9,8,17,8.0,8
5409,9,8,17,9.0,9
5410,9,8,17,10.0,10
5411,9,8,17,11.0,11
5412,9,8,17,12.0,12
5413,9,8,17,13.0,13
5414,9,8,17,14.0,14
5415,9,8,17,15.0,15
5416,9,8,17,16.0,16
5417,9,8,17,17.0,17
5418,9,8,17,18.0,18
5419,9,8,17,19.0,19
5420,9,8,17,20.0,20
5421,9,8,17,21.0,21
5422,9,8,17,22.0,22
5423,9,8,17,23.0,23
5424,9,8,17,24.0,24
5425,9,8,17,25.0,25
5426,9,8,17,26.0,26
5427,9,8,17,27.0,27
5428,9,8,17,28.0,28
5429,9,8,17,29.0,29
5430,9,8,17,30.0,30
5431,9,8,17,31.0,31
5432,9,8,17,32.0,32
5433,9,8,17,33.0,33
5434,9,8,17,34.0,34
5435,9,8,17,35.0,35
5436,9,8,17,36.0,36
5437,9,8,17,37.0,37
5438,9,8,17,38.0,38
5439,9,8,17,39.0,39
5440,9,8,17,40.0,40
5441,9,8,17,41.0,41
5442,9,8,17,42.0,42
5443,9,8,17,43.0,43
5444,9,8,17,44.0,44
5445,9,8,17,45.0,45
5446,9,8,17,46.0,46
5447,9,8,17,47.0,47
5448,9,8,17,48.0,48
5449,9,8,17,49.0,49
5450,9,8,17,50.0,50
5451,9,8,17,51.0,51
5452,9,8,17,52.0,52
5453,9,8,17,53.0,53
5454,9,8,17,54.0,54
5455,9,8,17,55.0,55
5456,9,8,17,56.0,56
5457,9,8,17,57.0,57
5458,9,8,17,58.0,58
5459,9,8,17,59.0,59
5460,9,8,17,60.0,60
5461,9,8,17,61.0,61
5462,9,8,17,62.0,62
5463,9,8,17,63.0,63
5464,9,8,17,64.0,64
5465,9,8,17,65.0,65
5466,9,8,17,66.0,66
5467,9,8,17,67.0,67
5468,9,8,17,68.0,68
5469,9,8,17,69.0,69
5470,9,8,17,70.0,70
5471,9,8,17,71.0,71
5472,9,8,17,72.0,72
5473,9,8,17,73.0,73
5474,9,8,17,74.0,74
5475,9,8,17,75.0,75
5476,9,8,17,76.0,76
5477,9,8,17,77.0,77
5478,9,8,17,78.0,78
5479,9,8,17,79.0,79
5480,9,8,17,80.0,80
5481,9,8,17,81.0,81
5482,9,8,17,82.0,82
5483,9,8,17,83.0,83
5484,9,8,17,84.0,84
5485,9,8,17,85.0,85
5486,9,8,17,86.0,86
5487,9,8,17,87.0,87
5488,9,8,17,88.0,88
5489,9,8,17,89.0,89
5490,9,8,17,90.0,90
5491,9,8,17,91.0,91
5492,9,8,17,92.0,92
5493,9,8,17,93.0,93
5494,9,8,17,94.0,94
5495,9,8,17,95.0,95
5496,9,8,17,96.0,96
5497,9,8,17,97.0,97
5498,9,8,17,98.0,98
5499,9,8,17,99.0,99
5500,9,8,17,100.0,100
5501,9,8,17,101.0,101
5502,9,8,17,102.0,102
5503,9,8,17,103.0,103
5504,9,8,17,104.0,104
5505,9,8,17,105.0,105
5506,9,8,17,106.0,106
5507,9,8,17,107.0,107
5508,9,8,17,108.0,108
5509,9,8,17,109.0,109
5510,9,8,17,110.0,110
5511,9,8,17,111.0,111
5512,9,8,17,112.0,112
5513,9,8,17,113.0,113
5514,9,8,17,114.0,114
5515,9,8,17,115.0,115
5516,9,8,17,116.0,116
5517,9,8,17,117.0,117
5518,9,8,17,118.0,118
5519,9,8,17,119.0,119
5520,9,8,17,120.0,120
5521,9,8,17,121.0,121
5522,9,8,17,122.0,122
5523,9,8,17,123.0,123
5524,9,8,17,124.0,124
5525,9,8,17,125.0,125
5526,9,8,17,126.0,126
5527,9,8,17,127.0,127
5528,9,8,17,128.0,128
5529,9,8,17,129.0,129
5530,9,8,17,130.0,130
5531,9,8,17,131.0,131
5532,9,8,17,132.0,132
5533,9,8,17,133.0,133
5534,9,8,17,134.0,134
5535,9,8,17,135.0,135
5536,9,8,17,136.0,136
5537,9,8,17,137.0,137
5538,9,8,17,138.0,138
5539,9,8,17,139.0,139
5540,9,8,17,140.0,140
5541,9,8,17,141.0,141
5542,9,8,17,142.0,142
5543,9,8,17,143.0,143
5544,9,8,17,144.0,144
5545,9,8,17,145.0,145
5546,9,8,17,146.0,146
5547,9,8,17,147.0,147
5548,9,8,17,148.0,148
5549,9,8,17,149.0,149
5550,9,8,17,150.0,150
5551,9,8,17,151.0,151
5552,9,8,17,152.0,152
5553,9,8,17,153.0,153
5554,9,8,17,154.0,154
5555,9,8,17,155.0,155
5556,9,8,17,156.0,156
5557,9,8,17,157.0,157
5558,9,8,17,158.0,158
5559,9,8,17,159.0,159
5560,9,8,17,160.0,160
5561,9,8,17,161.0,161
5562,9,8,17,162.0,162
5563,9,8,17,163.0,163
5564,9,8,17,164.0,164
5565,9,8,17,165.0,165
5566,9,8,17,166.0,166
5567,9,8,17,167.0,167
5568,9,8,17,168.0,168
5569,9,8,17,169.0,169
5570,9,8,17,170.0,170
5571,9,8,17,171.0,171
5572,9,8,17,172.0,172
5573,9,8,17,173.0,173
5574,9,8,17,174.0,174
5575,9,8,17,175.0,175
5576,9,8,17,176.0,176
5577,9,8,17,177.0,177
5578,9,8,17,178.0,178
5579,9,8,17,179.0,179
5580,10,8,18,180.0,180
5581,10,8,18,180.0,180
5582,10,8,18,180.0,180
5583,10,8,18,180.0,180
5584,10,8,18,180.0,180
5585,10,8,18,180.0,180
5586,10,8,18,180.0,180
5587,10,8,18,180.0,180
5588,10,8,18,180.0,180
5589,10,8,18,180.0,180
5590,10,8,18,180.0,180
5591,10,8,18,180.0,180
5592,10,8,18,180.0,180
5593,10,8,18,180.0,180
5594,10,8,18,180.0,180
5595,10,8,18,180.0,180
5596,10,8,18,180.0,180
5597,10,8,18,180.0,180
5598,10,8,18,180.0,180
5599,10,8,18,180.0,180
5600,10,8,18,180.0,180
5601,10,8,18,180.0,180
5602,10,8,18,180.0,180
5603,10,8,18,180.0,180
5604,10,8,18,180.0,180
5605,10,8,18,180.0,180
5606,10,8,18,180.0,180
5607,10,8,18,180.0,180
5608,10,8,18,180.0,180
5609,10,8,18,180.0,180
5610,10,8,18,180.0,180
5611,10,8,18,180.0,180
5612,10,8,18,180.0,180
5613,10,8,18,180.0,180
5614,10,8,18,180.0,180
5615,10,8,18,180.0,180
5616,10,8,18,180.0,180
5617,10,8,18,180.0,180
5618,10,8,18,180.0,180
5619,10,8,18,180.0,180
5620,10,8,18,180.0,180
5621,10,8,18,180.0,180
5622,10,8,18,180.0,180
5623,10,8,18,180.0,180
5624,10,8,18,180.0,180
5625,10,8,18,180.0,180
5626,10,8,18,180.0,180
5627,10,8,18,180.0,180
5628,10,8,18,180.0,180
5629,10,8,18,180.0,180
5630,10,8,18,180.0,180
5631,10,8,18,180.0,180
5632,10,8,18,180.0,180
5633,10,8,18,180.0,180
5634,10,8,18,180.0,180
5635,10,8,18,180.0,180
5636,10,8,18,180.0,180
5637,10,8,18,180.0,180
5638,10,8,18,180.0,180
5639,10,8,18,180.0,180
5640,10,8,18,180.0,180
5641,10,8,18,180.0,180
5642,10,8,18,180.0,180
5643,10,8,18,180.0,180
5644,10,8,18,180.0,180
5645,10,8,18,180.0,180
5646,10,8,18,180.0,180
5647,10,8,18,180.0,180
5648,10,8,18,180.0,180
5649,10,8,18,180.0,180
5650,10,8,18,180.0,180
5651,10,8,18,180.0,180
5652,10,8,18,180.0,180
5653,10,8,18,180.0,180
5654,10,8,18,180.0,180
5655,10,8,18,180.0,180
5656,10,8,18,180.0,180
5657,10,8,18,0.0,0
5658,10,8,18,0.0,0
5659,10,8,18,0.0,0
5660,10,8,18,0.0,0
5661,10,8,18,0.0,0
5662,10,8,18,0.0,0
5663,10,8,18,0.0,0
5664,10,8,18,0.0,0
5665,10,8,18,0.0,0
5666,10,8,18,0.0,0
5667,10,8,18,0.0,0
5668,10,8,18,0.0,0
5669,10,8,18,0.0,0
5670,10,8,18,0.0,0
5671,10,8,18,0.0,0
5672,10,8,18,0.0,0
5673,10,8,18,0.0,0
5674,10,8,18,0.0,0
5675,10,8,18,0.0,0
5676,10,8,18,0.0,0
5677,10,8,18,0.0,0
5678,10,8,18,0.0,0
5679,10,8,18,0.0,0
5680,10,8,18,0.0,0
5681,10,8,18,0.0,0
5682,10,8,18,0.0,0
5683,10,8,18,0.0,0
5684,10,8,18,0.0,0
5685,10,8,18,0.0,0
5686,10,8,18,0.0,0
5687,10,8,18,0.0,0
5688,10,8,18,0.0,0
5689,10,8,18,0.0,0
5690,10,8,18,0.0,0
5691,10,8,18,0.0,0
5692,10,8,18,0.0,0
5693,10,8,18,0.0,0
5694,10,8,18,0.0,0
5695,10,8,18,0.0,0
5696,10,8,18,0.0,0
5697,10,8,18,0.0,0
5698,10,8,18,0.0,0
5699,10,8,18,0.0,0
5700,10,8,18,0.0,0
5701,10,8,18,0.0,0
5702,10,8,18,0.0,0
5703,10,8,18,0.0,0
5704,10,8,18,0.0,0
5705,10,8,18,0.0,0
5706,10,8,18,0.0,0
5707,10,8,18,0.0,0
5708,10,8,18,0.0,0
5709,10,8,18,0.0,0
5710,10,8,18,0.0,0
5711,10,8,18,0.0,0
5712,10,8,18,0.0,0
5713,10,8,18,0.0,0
5714,10,8,18,0.0,0
5715,10,8,18,0.0,0
5716,10,8,18,0.0,0
5717,10,8,18,0.0,0
5718,10,8,18,0.0,0
5719,10,8,18,0.0,0
5720,10,8,18,0.0,0
5721,10,8,18,0.0,0
5722,10,8,18,0.0,0
5723,10,8,18,0.0,0
5724,10,8,18,0.0,0
5725,10,8,18,0.0,0
5726,10,8,18,0.0,0
5727,10,8,18,0.0,0
5728,10,8,18,0.0,0
5729,10,8,18,0.0,0
5730,10,8,18,0.0,0
5731,10,8,18,0.0,0
5732,10,8,18,0.0,0
5733,10,8,18,0.0,0
5734,10,8,18,0.0,0
5735,10,8,18,0.0,0
5736,10,8,18,0.0,0
5737,10,8,18,0.0,0
5738,10,8,18,0.0,0
5739,10,8,18,0.0,0
5740,10,8,18,0.0,0
5741,10,8,18,0.0,0
5742,10,8,18,0.0,0
5743,10,8,18,0.0,0
5744,10,8,18,0.0,0
5745,10,8,18,0.0,0
5746,10,8,18,0.0,0
5747,10,8,18,0.0,0
5748,10,8,18,0.0,0
5749,10,8,18,0.0,0
5750,10,8,18,0.0,0
5751,10,8,18,0.0,0
5752,10,8,18,0.0,0
5753,10,8,18,0.0,0
5754,10,8,18,0.0,0
5755,10,8,18,0.0,0
5756,10,8,18,0.0,0
5757,10,8,18,0.0,0
5758,10,8,18,0.0,0
5759,10,8,18,0.0,0
5760,10,8,18,0.0,0
5761,10,8,18,0.0,0
5762,10,8,18,0.0,0
5763,10,8,18,0.0,0
5764,10,8,18,0.0,0
5765,10,8,18,0.0,0
5766,10,8,18,0.0,0
5767,10,8,18,0.0,0
5768,10,8,18,0.0,0
5769,10,8,18,0.0,0
5770,10,8,18,0.0,0
5771,10,8,18,0.0,0
5772,10,8,18,0.0,0
5773,10,8,18,0.0,0
5774,10,8,18,0.0,0
5775,10,8,18,0.0,0
5776,10,8,18,0.0,0
5777,10,8,18,0.0,0
5778,10,8,18,0.0,0
5779,10,8,18,0.0,0
5780,10,8,18,0.0,0
5781,10,8,18,0.0,0
5782,10,8,18,0.0,0
5783,10,8,18,0.0,0
5784,10,8,18,0.0,0
5785,10,8,18,0.0,0
5786,10,8,18,0.0,0
5787,10,8,18,0.0,0
5788,10,8,18,0.0,0
5789,10,8,18,0.0,0
5790,10,8,18,0.0,0
5791,10,8,18,0.0,0
5792,10,8,18,0.0,0
5793,10,8,18,0.0,0
5794,10,8,18,0.0,0
5795,10,8,18,0.0,0
5796,10,8,18,0.0,0
5797,10,8,18,0.0,0
5798,10,8,18,0.0,0
5799,10,8,18,0.0,0
5800,10,8,18,0.0,0
5801,10,8,18,0.0,0
5802,10,8,18,0.0,0
5803,10,8,18,0.0,0
5804,10,8,18,0.0,0
5805,10,8,18,0.0,0
5806,10,8,18,0.0,0
5807,10,8,18,0.0,0
5808,10,8,18,0.0,0
5809,10,8,18,0.0,0
5810,10,8,18,0.0,0
5811,10,8,18,0.0,0
5812,10,8,18,0.0,0
5813,10,8,18,0.0,0
5814,10,8,18,0.0,0
5815,10,8,18,0.0,0
5816,10,8,18,0.0,0
5817,10,8,18,0.0,0
5818,10,8,18,0.0,0
5819,10,8,18,0.0,0
5820,10,8,18,0.0,0
5821,10,8,18,0.0,0
5822,10,8,18,0.0,0
5823,10,8,18,0.0,0
5824,10,8,18,0.0,0
5825,10,8,18,0.0,0
5826,10,8,18,0.0,0
5827,10,8,18,0.0,0
5828,10,8,18,0.0,0
5829,10,8,18,0.0,0
5830,10,8,18,0.0,0
5831,10,8,18,0.0,0
5832,10,8,18,0.0,0
5833,10,8,18,0.0,0
5834,10,8,18,0.0,0
5835,10,8,18,0.0,0
5836,10,8,18,0.0,0
5837,10,8,18,0.0,0
5838,10,8,18,0.0,0
5839,10,8,18,0.0,0
5840,10,8,18,0.0,0
5841,10,8,18,0.0,0
5842,10,8,18,0.0,0
5843,10,8,18,0.0,0
5844,10,8,18,0.0,0
5845,10,8,18,0.0,0
5846,10,8,18,0.0,0
5847,10,8,18,0.0,0
5848,10,8,18,0.0,0
5849,10,8,18,0.0,0
5850,10,8,18,0.0,0
5851,10,8,18,0.0,0
5852,10,8,18,0.0,0
5853,10,8,18,0.0,0
5854,10,8,18,0.0,0
5855,10,8,18,0.0,0
5856,10,8,18,0.0,0
5857,10,8,18,0.0,0
5858,10,8,18,0.0,0
5859,10,8,18,0.0,0
5860,10,8,18,0.0,0
5861,10,8,18,0.0,0
5862,10,8,18,0.0,0
5863,10,8,18,0.0,0
5864,10,8,18,0.0,0
5865,10,8,18,0.0,0
5866,10,8,18,0.0,0
5867,10,8,18,0.0,0
5868,10,8,18,0.0,0
5869,10,8,18,0.0,0
5870,10,8,18,0.0,0
5871,10,8,18,0.0,0
5872,10,8,18,0.0,0
5873,10,8,18,0.0,0
5874,10,8,18,0.0,0
5875,10,8,18,0.0,0
5876,10,8,18,0.0,0
5877,10,8,18,0.0,0
5878,10,8,18,0.0,0
5879,10,8,18,0.0,0
5880,10,8,18,0.0,0
5881,10,8,18,0.0,0
5882,10,8,18,0.0,0
5883,10,8,18,0.0,0
5884,10,8,18,0.0,0
5885,10,8,18,0.0,0
5886,10,8,18,0.0,0
5887,10,8,18,0.0,0
5888,10,8,18,0.0,0
5889,10,8,18,0.0,0
5890,10,8,18,0.0,0
5891,10,8,18,0.0,0
5892,10,8,18,0.0,0
5893,10,8,18,0.0,0
5894,10,8,18,0.0,0
5895,10,8,18,0.0,0
5896,10,8,18,0.0,0
5897,10,8,18,0.0,0
5898,10,8,18,0.0,0
5899,10,8,18,0.0,0
5900,10,8,18,0.0,0
5901,10,8,18,0.0,0
5902,10,8,18,0.0,0
5903,10,8,18,0.0,0
5904,10,8,18,0.0,0
5905,10,8,18,0.0,0
5906,10,8,18,0.0,0
5907,10,8,18,0.0,0
5908,10,8,18,0.0,0
5909,10,8,18,0.0,0
5910,10,8,18,0.0,0
5911,10,8,18,0.0,0
5912,10,8,18,0.0,0
5913,10,8,18,0.0,0
5914,10,8,18,0.0,0
5915,10,8,18,0.0,0
5916,10,8,18,0.0,0
5917,10,8,18,0.0,0
5918,10,8,18,0.0,0
5919,10,8,18,0.0,0
5920,10,8,18,0.0,0
5921,10,8,18,0.0,0
5922,10,8,18,0.0,0
5923,10,8,18,0.0,0
5924,10,8,18,0.0,0
5925,10,8,18,0.0,0
5926,10,8,18,0.0,0
5927,10,8,18,0.0,0
5928,10,8,18,0.0,0
5929,10,8,18,0.0,0
5930,10,8,18,0.0,0
5931,10,8,18,0.0,0
5932,10,8,18,0.0,0
5933,10,8,18,0.0,0
5934,10,8,18,0.0,0
5935,10,8,18,0.0,0
5936,10,8,18,0.0,0
5937,10,8,18,0.0,0
5938,10,8,18,0.0,0
5939,10,8,18,0.0,0
5940,10,8,18,0.0,0
5941,10,8,18,0.0,0
5942,10,8,18,0.0,0
5943,10,8,18,0.0,0
5944,10,8,18,0.0,0
5945,10,8,18,0.0,0
5946,10,8,18,0.0,0
5947,10,8,18,0.0,0
5948,10,8,18,0.0,0
5949,10,8,18,0.0,0
5950,10,8,18,0.0,0
5951,10,8,18,0.0,0
5952,10,8,18,0.0,0
5953,10,8,18,0.0,0
5954,10,8,18,0.0,0
5955,10,8,18,0.0,0
5956,10,8,18,0.0,0
5957,10,8,18,0.0,0
5958,10,8,18,0.0,0
5959,10,8,18,0.0,0
5960,10,8,18,0.0,0
5961,10,8,18,0.0,0
5962,10,8,18,0.0,0
5963,10,8,18,0.0,0
5964,10,8,18,0.0,0
5965,10,8,18,0.0,0
5966,10,8,18,0.0,0
5967,10,8,18,0.0,0
5968,10,8,18,0.0,0
5969,10,8,18,0.0,0
5970,10,8,18,0.0,0
5971,10,8,18,0.0,0
5972,10,8,18,0.0,0
5973,10,8,18,0.0,0
5974,10,8,18,0.0,0
5975,10,8,18,0.0,0
5976,10,8,18,0.0,0
5977,10,8,18,0.0,0
5978,10,8,18,0.0,0
5979,10,8,18,0.0,0
5980,10,8,18,0.0,0
5981,10,8,18,0.0,0
5982,10,8,18,0.0,0
5983,10,8,18,0.0,0
5984,10,8,18,0.0,0
5985,10,8,18,0.0,0
5986,10,8,18,0.0,0
5987,10,8,18,0.0,0
5988,10,8,18,0.0,0
5989,10,8,18,0.0,0
5990,10,8,18,0.0,0
5991,10,8,18,0.0,0
5992,10,8,18,0.0,0
5993,10,8,18,0.0,0
5994,10,8,18,0.0,0
5995,10,8,18,0.0,0
5996,10,8,18,0.0,0
5997,10,8,18,0.0,0
5998,10,8,18,0.0,0
5999,10,8,18,0.0,0
6000,10,8,18,0.0,0
6001,10,8,18,0.0,0
6002,10,8,18,0.0,0
6003,10,8,18,0.0,0
6004,10,8,18,0.0,0
6005,10,8,18,0.0,0
6006,10,8,18,0.0,0
6007,10,8,18,0.0,0
6008,10,8,18,0.0,0
6009,10,8,18,0.0,0
6010,10,8,18,0.0,0
6011,10,8,18,0.0,0
6012,10,9,19,0.0,0
6013,10,9,19,0.0,0
6014,10,9,19,0.0,0
6015,10,9,19,0.0,0
6016,10,9,19,0.0,0
6017,10,9,19,0.0,0
6018,10,9,19,0.0,0
6019,10,9,19,0.0,0
6020,10,9,19,0.0,0
6021,10,9,19,0.0,0
6022,10,9,19,0.0,0
6023,10,9,19,0.0,0
6024,10,9,19,0.0,0
6025,10,9,19,0.0,0
6026,10,9,19,0.0,0
6027,10,9,19,0.0,0
6028,10,9,19,0.0,0
6029,10,9,19,0.0,0
6030,10,9,19,0.0,0
6031,10,9,19,0.0,0
6032,10,9,19,0.0,0
6033,10,9,19,0.0,0
6034,10,9,19,0.0,0
6035,10,9,19,0.0,0
6036,10,9,19,0.0,0
6037,10,9,19,0.0,0
6038,10,9,19,0.0,0
6039,10,9,19,0.0,0
6040,10,9,19,0.0,0
6041,10,9,19,0.0,0
6042,10,9,19,0.0,0
6043,10,9,19,0.0,0
6044,10,9,19,0.0,0
6045,10,9,19,0.0,0
6046,10,9,19,0.0,0
6047,10,9,19,0.0,0
6048,10,9,19,0.0,0
6049,10,9,19,0.0,0
6050,10,9,19,0.0,0
6051,10,9,19,0.0,0
6052,10,9,19,0.0,0
6053,10,9,19,0.0,0
6054,10,9,19,0.0,0
6055,10,9,19,0.0,0
6056,10,9,19,0.0,0
6057,10,9,19,0.0,0
6058,10,9,19,0.0,0
6059,10,9,19,0.0,0
6060,10,9,19,0.0,0
6061,10,9,19,0.0,0
6062,10,9,19,0.0,0
6063,10,9,19,0.0,0
6064,10,9,19,0.0,0
6065,10,9,19,0.0,0
6066,10,9,19,0.0,0
6067,10,9,19,0.0,0
6068,10,9,19,0.0,0
6069,10,9,19,0.0,0
6070,10,9,19,0.0,0
6071,10,9,19,0.0,0
6072,10,9,19,0.0,0
6073,10,9,19,0.0,0
6074,10,9,19,0.0,0
6075,10,9,19,0.0,0
6076,10,9,19,0.0,0
6077,10,9,19,0.0,0
6078,10,9,19,0.0,0
6079,10,9,19,0.0,0
6080,10,9,19,0.0,0
6081,10,9,19,0.0,0
6082,10,9,19,0.0,0
6083,10,9,19,0.0,0
6084,10,9,19,0.0,0
6085,10,9,19,0.0,0
6086,10,9,19,0.0,0
6087,10,9,19,0.0,0
6088,10,9,19,0.0,0
6089,10,9,19,0.0,0
6090,10,9,19,0.0,0
6091,10,9,19,0.0,0
6092,10,9,19,0.0,0
6093,10,9,19,0.0,0
6094,10,9,19,0.0,0
6095,10,9,19,0.0,0
6096,10,9,19,0.0,0
6097,10,9,19,0.0,0
6098,10,9,19,0.0,0
6099,10,9,19,0.0,0
6100,10,9,19,0.0,0
6101,10,9,19,0.0,0
6102,10,9,19,0.0,0
6103,10,9,19,0.0,0
6104,10,9,19,0.0,0
6105,10,9,19,0.0,0
6106,10,9,19,0.0,0
6107,10,9,19,0.0,0
6108,10,9,19,0.0,0
6109,10,9,19,0.0,0
6110,10,9,19,0.0,0
6111,10,9,19,0.0,0
6112,10,9,19,0.0,0
6113,10,9,19,0.0,0
6114,10,9,19,0.0,0
6115,10,9,19,0.0,0
6116,10,9,19,0.0,0
6117,10,9,19,0.0,0
6118,10,9,19,0.0,0
6119,10,9,19,0.0,0
6120,10,9,19,0.0,0
6121,10,9,19,0.0,0
6122,10,9,19,0.0,0
6123,10,9,19,0.0,0
6124,10,9,19,0.0,0
6125,10,9,19,0.0,0
6126,10,9,19,0.0,0
6127,10,9,19,0.0,0
6128,10,9,19,0.0,0
6129,10,9,19,0.0,0
6130,10,9,19,0.0,0
6131,10,9,19,0.0,0
6132,10,9,19,0.0,0
6133,10,9,19,0.0,0
6134,10,9,19,0.0,0
6135,10,9,19,0.0,0
6136,10,9,19,0.0,0
6137,10,9,19,0.0,0
6138,10,9,19,0.0,0
6139,10,9,19,0.0,0
6140,10,9,19,0.0,0
6141,10,9,19,0.0,0
6142,10,9,19,0.0,0
6143,10,9,19,0.0,0
6144,10,9,19,0.0,0
6145,10,9,19,0.0,0
6146,10,9,19,0.0,0
6147,10,9,19,0.0,0
6148,10,9,19,0.0,0
6149,10,9,19,0.0,0
6150,10,9,19,0.0,0
6151,10,9,19,0.0,0
6152,10,9,19,0.0,0
6153,10,9,19,0.0,0
6154,10,9,19,0.0,0
6155,10,9,19,0.0,0
6156,10,9,19,0.0,0
6157,10,9,19,0.0,0
6158,10,9,19,0.0,0
6159,10,9,19,0.0,0
6160,10,9,19,0.0,0
6161,10,9,19,0.0,0
6162,10,9,19,0.0,0
6163,10,9,19,0.0,0
6164,10,9,19,0.0,0
6165,10,9,19,0.0,0
6166,10,9,19,0.0,0
6167,10,9,19,0.0,0
6168,10,9,19,0.0,0
6169,10,9,19,0.0,0
6170,10,9,19,0.0,0
6171,10,9,19,0.0,0
6172,10,9,19,0.0,0
6173,10,9,19,0.0,0
6174,10,9,19,0.0,0
6175,10,9,19,0.0,0
6176,10,9,19,0.0,0
6177,10,9,19,0.0,0
6178,10,9,19,0.0,0
6179,10,9,19,0.0,0
6180,10,9,19,0.0,0
6181,10,9,19,0.0,0
6182,10,9,19,0.0,0
6183,10,9,19,0.0,0
6184,10,9,19,0.0,0
6185,10,9,19,0.0,0
6186,10,9,19,0.0,0
6187,10,9,19,0.0,0
6188,10,9,19,0.0,0
6189,10,9,19,0.0,0
6190,10,9,19,0.0,0
6191,10,9,19,0.0,0
6192,10,9,19,0.0,0
6193,10,9,19,0.0,0
6194,10,9,19,0.0,0
6195,10,9,19,0.0,0
6196,10,9,19,0.0,0
6197,10,9,19,0.0,0
6198,10,9,19,0.0,0
6199,10,9,19,0.0,0
6200,10,9,19,0.0,0
6201,10,9,19,0.0,0
6202,10,9,19,0.0,0
6203,10,9,19,0.0,0
6204,10,9,19,0.0,0
6205,10,9,19,0.0,0
6206,10,9,19,0.0,0
6207,10,9,19,0.0,0
6208,10,9,19,0.0,0
6209,10,9,19,0.0,0
6210,10,9,19,0.0,0
6211,10,9,19,0.0,0
6212,10,9,19,0.0,0
6213,10,9,19,0.0,0
6214,10,9,19,0.0,0
6215,10,9,19,0.0,0
6216,10,9,19,0.0,0
6217,10,9,19,0.0,0
6218,10,9,19,0.0,0
6219,10,9,19,0.0,0
6220,10,9,19,0.0,0
6221,10,9,19,0.0,0
6222,10,9,19,0.0,0
6223,10,9,19,0.0,0
6224,10,9,19,0.0,0
6225,10,9,19,0.0,0
6226,10,9,19,0.0,0
6227,10,9,19,0.0,0
6228,10,9,19,0.0,0
6229,10,9,19,0.0,0
6230,10,9,19,0.0,0
6231,10,9,19,0.0,0
6232,10,9,19,0.0,0
6233,10,9,19,0.0,0
6234,10,9,19,0.0,0
6235,10,9,19,0.0,0
6236,10,9,19,0.0,0
6237,10,9,19,0.0,0
6238,10,9,19,0.0,0
6239,10,9,19,0.0,0
6240,10,9,19,0.0,0
6241,10,9,19,0.0,0
6242,10,9,19,0.0,0
6243,10,9,19,0.0,0
6244,10,9,19,0.0,0
6245,10,9,19,0.0,0
6246,10,9,19,0.0,0
6247,10,9,19,0.0,0
6248,10,9,19,0.0,0
6249,10,9,19,0.0,0
6250,10,9,19,0.0,0
6251,10,9,19,0.0,0
6252,10,9,19,0.0,0
6253,10,9,19,0.0,0
6254,10,9,19,0.0,0
6255,10,9,19,0.0,0
6256,10,9,19,0.0,0
6257,10,9,19,0.0,0
6258,10,9,19,0.0,0
6259,10,9,19,0.0,0
6260,10,9,19,0.0,0
6261,10,9,19,0.0,0
6262,10,9,19,0.0,0
6263,10,9,19,0.0,0
6264,10,9,19,0.0,0
6265,10,9,19,0.0,0
6266,10,9,19,0.0,0
6267,10,9,19,0.0,0
6268,10,9,19,0.0,0
6269,10,9,19,0.0,0
6270,10,9,19,0.0,0
6271,10,9,19,0.0,0
6272,10,9,19,0.0,0
6273,10,9,19,0.0,0
6274,10,9,19,0.0,0
6275,10,9,19,0.0,0
6276,10,9,19,0.0,0
6277,10,9,19,0.0,0
6278,10,9,19,0.0,0
6279,10,9,19,0.0,0
6280,10,9,19,0.0,0
6281,10,9,19,0.0,0
6282,10,9,19,0.0,0
6283,10,9,19,0.0,0
6284,10,9,19,0.0,0
6285,10,9,19,0.0,0
6286,10,9,19,0.0,0
6287,10,9,19,0.0,0
6288,10,9,19,0.0,0
6289,10,9,19,0.0,0
6290,10,9,19,0.0,0
6291,10,9,19,0.0,0
6292,10,9,19,0.0,0
6293,10,9,19,0.0,0
6294,10,9,19,0.0,0
6295,10,9,19,0.0,0
6296,10,9,19,0.0,0
6297,10,9,19,0.0,0
6298,10,9,19,0.0,0
6299,10,9,19,0.0,0
6300,10,9,19,0.0,0
6301,10,9,19,0.0,0
6302,10,9,19,0.0,0
6303,10,9,19,0.0,0
6304,10,9,19,0.0,0
6305,10,9,19,0.0,0
6306,10,9,19,0.0,0
6307,10,9,19,0.0,0
6308,10,9,19,0.0,0
6309,10,9,19,0.0,0
6310,10,9,19,0.0,0
6311,10,9,19,0.0,0
6312,10,9,19,0.0,0
6313,10,9,19,0.0,0
6314,10,9,19,0.0,0
6315,10,9,19,0.0,0
6316,10,9,19,0.0,0
6317,10,9,19,0.0,0
6318,10,9,19,0.0,0
6319,10,9,19,0.0,0
6320,10,9,19,0.0,0
6321,10,9,19,0.0,0
6322,10,9,19,0.0,0
6323,10,9,19,0.0,0
6324,10,9,19,0.0,0
6325,10,9,19,0.0,0
6326,10,9,19,0.0,0
6327,10,9,19,0.0,0
6328,10,9,19,0.0,0
6329,10,9,19,0.0,0
6330,10,9,19,0.0,0
6331,10,9,19,0.0,0
6332,10,9,19,0.0,0
6333,10,9,19,0.0,0
6334,10,9,19,0.0,0
6335,10,9,19,0.0,0
6336,10,9,19,0.0,0
6337,10,9,19,0.0,0
6338,10,9,19,0.0,0
6339,10,9,19,0.0,0
6340,10,9,19,0.0,0
6341,10,9,19,0.0,0
6342,10,9,19,0.0,0
6343,10,9,19,0.0,0
6344,10,9,19,0.0,0
6345,10,9,19,0.0,0
6346,10,9,19,0.0,0
6347,10,9,19,0.0,0
6348,10,9,19,0.0,0
6349,10,9,19,0.0,0
6350,10,9,19,0.0,0
6351,10,9,19,0.0,0
6352,10,9,19,0.0,0
6353,10,9,19,0.0,0
6354,10,9,19,0.0,0
6355,10,9,19,0.0,0
6356,10,9,19,0.0,0
6357,10,9,19,0.0,0
6358,10,9,19,0.0,0
6359,10,9,19,0.0,0
6360,10,9,19,0.0,0
6361,10,9,19,0.0,0
6362,10,9,19,0.0,0
6363,10,9,19,0.0,0
6364,10,9,19,0.0,0
6365,10,9,19,0.0,0
6366,10,9,19,0.0,0
6367,10,9,19,0.0,0
6368,10,9,19,0.0,0
6369,10,9,19,0.0,0
6370,10,9,19,0.0,0
6371,10,9,19,0.0,0
6372,10,9,19,0.0,0
6373,10,9,19,0.0,0
6374,10,9,19,0.0,0
6375,10,9,19,0.0,0
6376,10,9,19,0.0,0
6377,10,9,19,0.0,0
6378,10,9,19,0.0,0
6379,10,9,19,0.0,0
6380,10,9,19,0.0,0
6381,10,9,19,0.0,0
6382,10,9,19,0.0,0
6383,10,9,19,0.0,0
6384,10,9,19,0.0,0
6385,10,9,19,0.0,0
6386,10,9,19,0.0,0
6387,10,9,19,0.0,0
6388,10,9,19,0.0,0
6389,10,9,19,0.0,0
6390,10,9,19,0.0,0
6391,10,9,19,0.0,0
6392,10,9,19,0.0,0
6393,10,9,19,0.0,0
6394,10,9,19,0.0,0
6395,10,9,19,0.0,0
6396,10,9,19,0.0,0
6397,10,9,19,0.0,0
6398,10,9,19,0.0,0
6399,10,9,19,0.0,0
6400,10,9,19,0.0,0
6401,10,9,19,0.0,0
6402,10,9,19,0.0,0
6403,10,9,19,0.0,0
6404,10,9,19,0.0,0
6405,10,9,19,0.0,0
6406,10,9,19,0.0,0
6407,10,9,19,0.0,0
6408,10,9,19,0.0,0
6409,10,9,19,0.0,0
6410,10,9,19,0.0,0
6411,10,9,19,0.0,0
6412,10,9,19,0.0,0
6413,10,9,19,0.0,0
6414,10,9,19,0.0,0
6415,10,9,19,0.0,0
6416,10,9,19,0.0,0
6417,10,9,19,0.0,0
6418,10,9,19,0.0,0
6419,10,9,19,0.0,0
6420,10,9,19,0.0,0
6421,10,9,19,0.0,0
6422,10,9,19,0.0,0
6423,10,9,19,0.0,0
6424,10,9,19,0.0,0
6425,10,9,19,0.0,0
6426,10,9,19,0.0,0
6427,10,9,19,0.0,0
6428,10,9,19,0.0,0
6429,10,9,19,0.0,0
6430,10,9,19,0.0,0
6431,10,9,19,0.0,0
6432,10,9,19,0.0,0
6433,10,9,19,0.0,0
6434,10,9,19,0.0,0
6435,10,9,19,0.0,0
6436,10,9,19,0.0,0
6437,10,9,19,0.0,0
6438,10,9,19,0.0,0
6439,10,9,19,0.0,0
6440,10,9,19,0.0,0
6441,10,9,19,0.0,0
6442,10,9,19,0.0,0
6443,10,9,19,0.0,0
6444,10,9,19,0.0,0
6445,10,9,19,0.0,0
6446,10,9,19,0.0,0
6447,10,9,19,0.0,0
6448,10,9,19,0.0,0
6449,10,9,19,0.0,0
6450,10,9,19,0.0,0
6451,10,9,19,0.0,0
6452,10,9,19,0.0,0
6453,10,9,19,0.0,0
6454,10,9,19,0.0,0
6455,10,10,20,0.0,0
6456,10,10,20,0.0,0
6457,10,10,20,0.0,0
6458,10,10,20,0.0,0
6459,10,10,20,0.0,0
6460,10,10,20,0.0,0
6461,10,10,20,0.0,0
6462,10,10,20,0.0,0
6463,10,10,20,0.0,0
6464,10,10,20,0.0,0
6465,10,10,20,0.0,0
6466,10,10,20,0.0,0
6467,10,10,20,0.0,0
6468,10,10,20,0.0,0
6469,10,10,20,0.0,0
6470,10,10,20,0.0,0
6471,10,10,20,0.0,0
6472,10,10,20,0.0,0
6473,10,10,20,0.0,0
6474,10,10,20,0.0,0
6475,10,10,20,0.0,0
6476,10,10,20,0.0,0
6477,10,10,20,0.0,0
6478,10,10,20,0.0,0
6479,10,10,20,0.0,0
6480,10,10,20,0.0,0
6481,10,10,20,0.0,0
6482,10,10,20,0.0,0
6483,10,10,20,0.0,0
6484,10,10,20,0.0,0
6485,10,10,20,0.0,0
6486,10,10,20,0.0,0
6487,10,10,20,0.0,0
6488,10,10,20,0.0,0
6489,10,10,20,0.0,0
6490,10,10,20,0.0,0
6491,10,10,20,0.0,0
6492,10,10,20,0.0,0
6493,10,10,20,0.0,0
6494,10,10,20,0.0,0
6495,10,10,20,0.0,0
6496,10,10,20,0.0,0
6497,10,10,20,0.0,0
6498,10,10,20,0.0,0
6499,10,10,20,0.0,0
6500,10,10,20,0.0,0
6501,10,10,20,0.0,0
6502,10,10,20,0.0,0
6503,10,10,20,0.0,0
6504,10,10,20,0.0,0
6505,10,10,20,0.0,0
6506,10,10,20,0.0,0
6507,10,10,20,0.0,0
6508,10,10,20,0.0,0
6509,10,10,20,0.0,0
6510,10,10,20,0.0,0
6511,10,10,20,0.0,0
6512,10,10,20,0.0,0
6513,10,10,20,0.0,0
6514,10,10,20,0.0,0
6515,10,10,20,0.0,0
6516,10,10,20,0.0,0
6517,10,10,20,0.0,0
6518,10,10,20,0.0,0
6519,10,10,20,0.0,0
6520,10,10,20,0.0,0
6521,10,10,20,0.0,0
6522,10,10,20,0.0,0
6523,10,10,20,0.0,0
6524,10,10,20,0.0,0
6525,10,10,20,0.0,0
6526,10,10,20,0.0,0
6527,10,10,20,0.0,0
6528,10,10,20,0.0,0
6529,10,10,20,0.0,0
6530,10,10,20,0.0,0
6531,10,10,20,0.0,0
6532,10,10,20,0.0,0
6533,10,10,20,0.0,0
6534,10,10,20,0.0,0
6535,10,10,20,0.0,0
6536,10,10,20,0.0,0
6537,10,10,20,0.0,0
6538,10,10,20,0.0,0
6539,10,10,20,0.0,0
6540,10,10,20,0.0,0
6541,10,10,20,0.0,0
6542,10,10,20,0.0,0
6543,10,10,20,0.0,0
6544,10,10,20,0.0,0
6545,10,10,20,0.0,0
6546,10,10,20,0.0,0
6547,10,10,20,0.0,0
6548,10,10,20,0.0,0
6549,10,10,20,0.0,0
6550,10,10,20,0.0,0
6551,10,10,20,0.0,0
6552,10,10,20,0.0,0
6553,10,10,20,0.0,0
6554,10,10,20,0.0,0
6555,10,10,20,0.0,0
6556,10,10,20,0.0,0
6557,10,10,20,0.0,0
6558,10,10,20,0.0,0
6559,10,10,20,0.0,0
6560,10,10,20,0.0,0
6561,10,10,20,0.0,0
6562,10,10,20,0.0,0
6563,10,10,20,0.0,0
6564,10,10,20,0.0,0
6565,10,10,20,0.0,0
6566,10,10,20,0.0,0
6567,10,10,20,0.0,0
6568,10,10,20,0.0,0
6569,10,10,20,0.0,0
6570,10,10,20,0.0,0
6571,10,10,20,0.0,0
6572,10,10,20,0.0,0
6573,10,10,20,0.0,0
6574,10,10,20,0.0,0
6575,10,10,20,0.0,0
6576,10,10,20,0.0,0
6577,10,10,20,0.0,0
6578,10,10,20,0.0,0
6579,10,10,20,0.0,0
6580,10,10,20,0.0,0
6581,10,10,20,0.0,0
6582,10,10,20,0.0,0
6583,10,10,20,0.0,0
6584,10,10,20,0.0,0
6585,10,10,20,0.0,0
6586,10,10,20,0.0,0
6587,10,10,20,0.0,0
6588,10,10,20,0.0,0
6589,10,10,20,0.0,0
6590,10,10,20,0.0,0
6591,10,10,20,0.0,0
6592,10,10,20,0.0,0
6593,10,10,20,0.0,0
6594,10,10,20,0.0,0
6595,10,10,20,0.0,0
6596,10,10,20,0.0,0
6597,10,10,20,0.0,0
6598,10,10,20,0.0,0
6599,10,10,20,0.0,0
6600,10,10,20,0.0,0
6601,10,10,20,0.0,0
6602,10,10,20,0.0,0
6603,10,10,20,0.0,0
6604,10,10,20,0.0,0
6605,10,10,20,0.0,0
6606,10,10,20,0.0,0
6607,10,10,20,0.0,0
6608,10,10,20,0.0,0
6609,10,10,20,0.0,0
6610,10,10,20,0.0,0
6611,10,10,20,0.0,0
6612,10,10,20,0.0,0
6613,10,10,20,0.0,0
6614,10,10,20,0.0,0
6615,10,10,20,0.0,0
6616,10,10,20,0.0,0
6617,10,10,20,0.0,0
6618,10,10,20,0.0,0
6619,10,10,20,0.0,0
6620,10,10,20,0.0,0
6621,10,10,20,0.0,0
6622,10,10,20,0.0,0
6623,10,10,20,0.0,0
6624,10,10,20,0.0,0
6625,10,10,20,0.0,0
6626,10,10,20,0.0,0
6627,10,10,20,0.0,0
6628,10,10,20,0.0,0
6629,10,10,20,0.0,0
6630,10,10,20,0.0,0
6631,10,10,20,0.0,0
6632,10,10,20,0.0,0
6633,10,10,20,0.0,0
6634,10,10,20,0.0,0
6635,10,10,20,0.0,0
6636,10,10,20,0.0,0
6637,10,10,20,0.0,0
6638,10,10,20,0.0,0
6639,10,10,20,0.0,0
6640,10,10,20,0.0,0
6641,10,10,20,0.0,0
6642,10,10,20,0.0,0
6643,10,10,20,0.0,0
6644,10,10,20,0.0,0
6645,10,10,20,0.0,0
6646,10,10,20,0.0,0
6647,10,10,20,0.0,0
6648,10,10,20,0.0,0
6649,10,10,20,0.0,0
6650,10,10,20,0.0,0
6651,10,10,20,0.0,0
6652,10,10,20,0.0,0
6653,10,10,20,0.0,0
6654,10,10,20,0.0,0
6655,10,10,20,0.0,0
6656,10,10,20,0.0,0
6657,10,10,20,0.0,0
6658,10,10,20,0.0,0
6659,10,10,20,0.0,0
6660,10,10,20,0.0,0
6661,10,10,20,0.0,0
6662,10,10,20,0.0,0
6663,10,10,20,0.0,0
6664,10,10,20,0.0,0
6665,10,10,20,0.0,0
6666,10,10,20,0.0,0
6667,10,10,20,0.0,0
6668,10,10,20,0.0,0
6669,10,10,20,0.0,0
6670,10,10,20,0.0,0
6671,10,10,20,0.0,0
6672,10,10,20,0.0,0
6673,10,10,20,0.0,0
6674,10,10,20,0.0,0
6675,10,10,20,0.0,0
6676,10,10,20,0.0,0
6677,10,10,20,0.0,0
6678,10,10,20,0.0,0
6679,10,10,20,0.0,0
6680,10,10,20,0.0,0
6681,10,10,20,0.0,0
6682,10,10,20,0.0,0
6683,10,10,20,0.0,0
6684,10,10,20,0.0,0
6685,10,10,20,0.0,0
6686,10,10,20,0.0,0
6687,10,10,20,0.0,0
6688,10,10,20,0.0,0
6689,10,10,20,0.0,0
6690,10,10,20,0.0,0
6691,10,10,20,0.0,0
6692,10,10,20,0.0,0
6693,10,10,20,0.0,0
6694,10,10,20,0.0,0
6695,10,10,20,0.0,0
6696,10,10,20,0.0,0
6697,10,10,20,0.0,0
6698,10,10,20,0.0,0
6699,10,10,20,0.0,0
6700,10,10,20,0.0,0
6701,10,10,20,0.0,0
6702,10,10,20,0.0,0
6703,10,10,20,0.0,0
6704,10,10,20,0.0,0
6705,10,10,20,0.0,0
6706,10,10,20,0.0,0
6707,10,10,20,0.0,0
6708,10,10,20,0.0,0
6709,10,10,20,0.0,0
6710,10,10,20,0.0,0
6711,10,10,20,0.0,0
6712,10,10,20,0.0,0
6713,10,10,20,0.0,0
6714,10,10,20,0.0,0
6715,10,10,20,0.0,0
6716,10,10,20,0.0,0
6717,10,10,20,0.0,0
6718,10,10,20,0.0,0
6719,10,10,20,0.0,0
6720,10,10,20,0.0,0
6721,10,10,20,0.0,0
6722,10,10,20,0.0,0
6723,10,10,20,0.0,0
6724,10,10,20,0.0,0
6725,10,10,20,0.0,0
6726,10,10,20,0.0,0
6727,10,10,20,0.0,0
6728,10,10,20,0.0,0
6729,10,10,20,0.0,0
6730,10,10,20,0.0,0
6731,10,10,20,0.0,0
6732,10,10,20,0.0,0
6733,10,10,20,0.0,0
6734,10,10,20,0.0,0
6735,10,10,20,0.0,0
6736,10,10,20,0.0,0
6737,10,10,20,0.0,0
6738,10,10,20,0.0,0
6739,10,10,20,0.0,0
6740,10,10,20,0.0,0
6741,10,10,20,0.0,0
6742,10,10,20,0.0,0
6743,10,10,20,0.0,0
6744,10,10,20,0.0,0
6745,10,10,20,0.0,0
6746,10,10,20,0.0,0
6747,10,10,20,0.0,0
6748,10,10,20,0.0,0
6749,10,10,20,0.0,0
6750,10,10,20,0.0,0
6751,10,10,20,0.0,0
6752,10,10,20,0.0,0
6753,10,10,20,0.0,0
6754,10,10,20,0.0,0
6755,10,10,20,0.0,0
6756,10,10,20,0.0,0
6757,10,10,20,0.0,0
6758,10,10,20,0.0,0
6759,10,10,20,0.0,0
6760,10,10,20,0.0,0
6761,10,10,20,0.0,0
6762,10,10,20,0.0,0
6763,10,10,20,0.0,0
6764,10,10,20,0.0,0
6765,10,10,20,0.0,0
6766,10,10,20,0.0,0
6767,10,10,20,0.0,0
6768,10,10,20,0.0,0
6769,10,10,20,0.0,0
6770,10,10,20,0.0,0
6771,10,10,20,0.0,0
6772,10,10,20,0.0,0
6773,10,10,20,0.0,0
6774,10,10,20,0.0,0
6775,10,10,20,0.0,0
6776,10,10,20,0.0,0
6777,10,10,20,0.0,0
6778,10,10,20,0.0,0
6779,10,10,20,0.0,0
6780,10,10,20,0.0,0
6781,10,10,20,0.0,0
6782,10,10,20,0.0,0
6783,10,10,20,0.0,0
6784,10,10,20,0.0,0
6785,10,10,20,0.0,0
6786,10,10,20,0.0,0
6787,10,10,20,0.0,0
6788,10,10,20,0.0,0
6789,10,10,20,0.0,0
6790,10,10,20,0.0,0
6791,10,10,20,0.0,0
6792,10,10,20,0.0,0
6793,10,10,20,0.0,0
6794,10,10,20,0.0,0
6795,10,10,20,0.0,0
6796,10,10,20,0.0,0
6797,10,10,20,0.0,0
6798,10,10,20,0.0,0
6799,10,10,20,0.0,0
6800,10,10,20,0.0,0
6801,10,10,20,0.0,0
6802,10,10,20,0.0,0
6803,10,10,20,0.0,0
6804,10,10,20,0.0,0
6805,10,10,20,0.0,0
6806,10,10,20,0.0,0
6807,10,10,20,0.0,0
6808,10,10,20,0.0,0
6809,10,10,20,0.0,0
6810,10,10,20,0.0,0
6811,10,10,20,0.0,0
6812,10,10,20,0.0,0
6813,10,10,20,0.0,0
6814,10,10,20,0.0,0
6815,10,10,20,0.0,0
6816,10,10,20,0.0,0
6817,10,10,20,0.0,0
6818,10,10,20,0.0,0
6819,10,10,20,0.0,0
6820,10,10,20,0.0,0
6821,10,10,20,0.0,0
6822,10,10,20,0.0,0
6823,10,10,20,0.0,0
6824,10,10,20,0.0,0
6825,10,10,20,0.0,0
6826,10,10,20,0.0,0
6827,10,10,20,0.0,0
6828,10,10,20,0.0,0
6829,10,10,20,0.0,0
6830,10,10,20,0.0,0
6831,10,10,20,0.0,0
6832,10,10,20,0.0,0
6833,10,10,20,0.0,0
6834,10,10,20,0.0,0
6835,10,10,20,0.0,0
6836,10,10,20,0.0,0
6837,10,10,20,0.0,0
6838,10,10,20,0.0,0
6839,10,10,20,0.0,0
6840,10,10,20,0.0,0
6841,10,10,20,0.0,0
6842,10,10,20,0.0,0
6843,10,10,20,0.0,0
6844,10,10,20,0.0,0
6845,10,10,20,0.0,0
6846,10,10,20,0.0,0
6847,10,10,20,0.0,0
6848,10,10,20,0.0,0
6849,10,10,20,0.0,0
6850,10,10,20,0.0,0
6851,10,10,20,0.0,0
6852,10,10,20,0.0,0
6853,10,10,20,0.0,0
6854,10,10,20,0.0,0
6855,10,10,20,0.0,0
6856,10,10,20,0.0,0
6857,10,10,20,0.0,0
6858,10,10,20,0.0,0
6859,10,10,20,0.0,0
6860,10,10,20,0.0,0
6861,10,10,20,0.0,0
6862,10,10,20,0.0,0
6863,10,10,20,0.0,0
6864,10,10,20,0.0,0
6865,10,10,20,0.0,0
6866,10,10,20,0.0,0
6867,10,10,20,0.0,0
6868,10,10,20,0.0,0
6869,10,10,20,0.0,0
6870,10,10,20,0.0,0
6871,10,10,20,0.0,0
6872,10,10,20,0.0,0
6873,10,10,20,0.0,0
6874,10,10,20,0.0,0
6875,10,10,20,0.0,0
6876,10,10,20,0.0,0
6877,10,10,20,0.0,0
6878,10,10,20,0.0,0
6879,10,10,20,0.0,0
6880,10,10,20,0.0,0
6881,10,10,20,0.0,0
6882,10,10,20,0.0,0
6883,10,10,20,0.0,0
6884,10,10,20,0.0,0
6885,10,10,20,0.0,0
6886,10,10,20,0.0,0
6887,10,10,20,0.0,0
6888,10,10,20,0.0,0
6889,10,10,20,0.0,0
6890,10,10,20,0.0,0
6891,10,10,20,0.0,0
6892,10,10,20,0.0,0
6893,10,10,20,0.0,0
6894,10,10,20,0.0,0
6895,10,10,20,0.0,0
6896,10,10,20,0.0,0
6897,10,10,20,0.0,0
6898,10,10,20,0.0,0
6899,10,10,20,0.0,0
6900,10,10,20,0.0,0
6901,10,10,20,0.0,0
6902,10,10,20,0.0,0
6903,10,11,21,0.0,0
6904,10,11,21,0.0,0
6905,10,11,21,0.0,0
6906,10,11,21,0.0,0
6907,10,11,21,0.0,0
6908,10,11,21,0.0,0
6909,10,11,21,0.0,0
6910,10,11,21,0.0,0
6911,10,11,21,0.0,0
6912,10,11,21,0.0,0
6913,10,11,21,0.0,0
6914,10,11,21,0.0,0
6915,10,11,21,0.0,0
6916,10,11,21,0.0,0
6917,10,11,21,0.0,0
6918,10,11,21,0.0,0
6919,10,11,21,0.0,0
6920,10,11,21,0.0,0
6921,10,11,21,0.0,0
6922,10,11,21,0.0,0
6923,10,11,21,0.0,0
6924,10,11,21,0.0,0
6925,10,11,21,0.0,0
6926,10,11,21,0.0,0
6927,10,11,21,0.0,0
6928,10,11,21,0.0,0
6929,10,11,21,0.0,0
6930,10,11,21,0.0,0
6931,10,11,21,0.0,0
6932,10,11,21,0.0,0
6933,10,11,21,0.0,0
6934,10,11,21,0.0,0
6935,10,11,21,0.0,0
6936,10,11,21,0.0,0
6937,10,11,21,0.0,0
6938,10,11,21,0.0,0
6939,10,11,21,0.0,0
6940,10,11,21,0.0,0
6941,10,11,21,0.0,0
6942,10,11,21,0.0,0
6943,10,11,21,0.0,0
6944,10,11,21,0.0,0
6945,10,11,21,0.0,0
6946,10,11,21,0.0,0
6947,10,11,21,0.0,0
6948,10,11,21,0.0,0
6949,10,11,21,0.0,0
6950,10,11,21,0.0,0
6951,10,11,21,0.0,0
6952,10,11,21,0.0,0
6953,10,11,21,0.0,0
6954,10,11,21,0.0,0
6955,10,11,21,0.0,0
6956,10,11,21,0.0,0
6957,10,11,21,0.0,0
6958,10,11,21,0.0,0
6959,10,11,21,0.0,0
6960,10,11,21,0.0,0
6961,10,11,21,0.0,0
6962,10,11,21,0.0,0
6963,10,11,21,0.0,0
6964,10,11,21,0.0,0
6965,10,11,21,0.0,0
6966,10,11,21,0.0,0
6967,10,11,21,0.0,0
6968,10,11,21,0.0,0
6969,10,11,21,0.0,0
6970,10,11,21,0.0,0
6971,10,11,21,0.0,0
6972,10,11,21,0.0,0
6973,10,11,21,0.0,0
6974,10,11,21,0.0,0
6975,10,11,21,0.0,0
6976,10,11,21,0.0,0
6977,10,11,21,0.0,0
6978,10,11,21,0.0,0
6979,10,11,21,0.0,0
6980,10,11,21,0.0,0
6981,10,11,21,0.0,0
6982,10,11,21,0.0,0
6983,10,11,21,0.0,0
6984,10,11,21,0.0,0
6985,10,11,21,0.0,0
6986,10,11,21,0.0,0
6987,10,11,21,0.0,0
6988,10,11,21,0.0,0
6989,10,11,21,0.0,0
6990,10,11,21,0.0,0
6991,10,11,21,0.0,0
6992,10,11,21,0.0,0
6993,10,11,21,0.0,0
6994,10,11,21,0.0,0
6995,10,11,21,0.0,0
6996,10,11,21,0.0,0
6997,10,11,21,0.0,0
6998,10,11,21,0.0,0
6999,10,11,21,0.0,0
7000,10,11,21,0.0,0
7001,10,11,21,0.0,0
7002,10,11,21,0.0,0
7003,10,11,21,0.0,0
7004,10,11,21,0.0,0
7005,10,11,21,0.0,0
7006,10,11,21,0.0,0
7007,10,11,21,0.0,0
7008,10,11,21,0.0,0
7009,10,11,21,0.0,0
7010,10,11,21,0.0,0
7011,10,11,21,0.0,0
7012,10,11,21,0.0,0
7013,10,11,21,0.0,0
7014,10,11,21,0.0,0
7015,10,11,21,0.0,0
7016,10,11,21,0.0,0
7017,10,11,21,0.0,0
7018,10,11,21,0.0,0
7019,10,11,21,0.0,0
7020,10,11,21,0.0,0
7021,10,11,21,0.0,0
7022,10,11,21,0.0,0
7023,10,11,21,0.0,0
7024,10,11,21,0.0,0
7025,10,11,21,0.0,0
7026,10,11,21,0.0,0
7027,10,11,21,0.0,0
7028,10,11,21,0.0,0
7029,10,11,21,0.0,0
7030,10,11,21,0.0,0
7031,10,11,21,0.0,0
7032,10,11,21,0.0,0
7033,10,11,21,0.0,0
7034,10,11,21,0.0,0
7035,10,11,21,0.0,0
7036,10,11,21,0.0,0
7037,10,11,21,0.0,0
7038,10,11,21,0.0,0
7039,10,11,21,0.0,0
7040,10,11,21,0.0,0
7041,10,11,21,0.0,0
7042,10,11,21,0.0,0
7043,10,11,21,0.0,0
7044,10,11,21,0.0,0
7045,10,11,21,0.0,0
7046,10,11,21,0.0,0
7047,10,11,21,0.0,0
7048,10,11,21,0.0,0
7049,10,11,21,0.0,0
7050,10,11,21,0.0,0
7051,10,11,21,0.0,0
7052,10,11,21,0.0,0
7053,10,11,21,0.0,0
7054,10,11,21,0.0,0
7055,10,11,21,0.0,0
7056,10,11,21,0.0,0
7057,10,11,21,0.0,0
7058,10,11,21,0.0,0
7059,10,11,21,0.0,0
7060,10,11,21,0.0,0
7061,10,11,21,0.0,0
7062,10,11,21,0.0,0
7063,10,11,21,0.0,0
7064,10,11,21,0.0,0
7065,10,11,21,0.0,0
7066,10,11,21,0.0,0
7067,10,11,21,0.0,0
7068,10,11,21,0.0,0
7069,10,11,21,0.0,0
7070,10,11,21,0.0,0
7071,10,11,21,0.0,0
7072,10,11,21,0.0,0
7073,10,11,21,0.0,0
7074,10,11,21,0.0,0
7075,10,11,21,0.0,0
7076,10,11,21,0.0,0
7077,10,11,21,0.0,0
7078,10,11,21,0.0,0
7079,10,11,21,0.0,0
7080,10,11,21,0.0,0
7081,10,11,21,0.0,0
7082,10,11,21,0.0,0
7083,10,11,21,0.0,0
7084,10,11,21,0.0,0
7085,10,11,21,0.0,0
7086,10,11,21,0.0,0
7087,10,11,21,0.0,0
7088,10,11,21,0.0,0
7089,10,11,21,0.0,0
7090,10,11,21,0.0,0
7091,10,11,21,0.0,0
7092,10,11,21,0.0,0
7093,10,11,21,0.0,0
7094,10,11,21,0.0,0
7095,10,11,21,0.0,0
7096,10,11,21,0.0,0
7097,10,11,21,0.0,0
7098,10,11,21,0.0,0
7099,10,11,21,0.0,0
7100,10,11,21,0.0,0
7101,10,11,21,0.0,0
7102,10,11,21,0.0,0
7103,10,11,21,0.0,0
7104,10,11,21,0.0,0
7105,10,11,21,0.0,0
7106,10,11,21,0.0,0
7107,10,11,21,0.0,0
7108,10,11,21,0.0,0
7109,10,11,21,0.0,0
7110,10,11,21,0.0,0
7111,10,11,21,0.0,0
7112,10,11,21,0.0,0
7113,10,11,21,0.0,0
7114,10,11,21,0.0,0
7115,10,11,21,0.0,0
7116,10,11,21,0.0,0
7117,10,11,21,0.0,0
7118,10,11,21,0.0,0
7119,10,11,21,0.0,0
7120,10,11,21,0.0,0
7121,10,11,21,0.0,0
7122,10,11,21,0.0,0
7123,10,11,21,0.0,0
7124,10,11,21,0.0,0
7125,10,11,21,0.0,0
7126,10,11,21,0.0,0
7127,10,11,21,0.0,0
7128,10,11,21,0.0,0
7129,10,11,21,0.0,0
7130,10,11,21,0.0,0
7131,10,11,21,0.0,0
7132,10,11,21,0.0,0
7133,10,11,21,0.0,0
7134,10,11,21,0.0,0
7135,10,11,21,0.0,0
7136,10,11,21,0.0,0
7137,10,11,21,0.0,0
7138,10,11,21,0.0,0
7139,10,11,21,0.0,0
7140,10,11,21,0.0,0
7141,10,11,21,0.0,0
7142,10,11,21,0.0,0
7143,10,11,21,0.0,0
7144,10,11,21,0.0,0
7145,10,11,21,0.0,0
7146,10,11,21,0.0,0
7147,10,11,21,0.0,0
7148,10,11,21,0.0,0
7149,10,11,21,0.0,0
7150,10,11,21,0.0,0
7151,10,11,21,0.0,0
7152,10,11,21,0.0,0
7153,10,11,21,0.0,0
7154,10,11,21,0.0,0
7155,10,11,21,0.0,0
7156,10,11,21,0.0,0
7157,10,11,21,0.0,0
7158,10,11,21,0.0,0
7159,10,11,21,0.0,0
7160,10,11,21,0.0,0
7161,10,11,21,0.0,0
7162,10,11,21,0.0,0
7163,10,11,21,0.0,0
7164,10,11,21,0.0,0
7165,10,11,21,0.0,0
7166,10,11,21,0.0,0
7167,10,11,21,0.0,0
7168,10,11,21,0.0,0
7169,10,11,21,0.0,0
7170,10,11,21,0.0,0
7171,10,11,21,0.0,0
7172,10,11,21,0.0,0
7173,10,11,21,0.0,0
7174,10,11,21,0.0,0
7175,10,11,21,0.0,0
7176,10,11,21,0.0,0
7177,10,11,21,0.0,0
7178,10,11,21,0.0,0
7179,10,11,21,0.0,0
7180,10,11,21,0.0,0
7181,10,11,21,0.0,0
7182,10,11,21,0.0,0
7183,10,11,21,0.0,0
7184,10,11,21,0.0,0
7185,10,11,21,0.0,0
7186,10,11,21,0.0,0
7187,10,11,21,0.0,0
7188,10,11,21,0.0,0
7189,10,11,21,0.0,0
7190,10,11,21,0.0,0
7191,10,11,21,0.0,0
7192,10,11,21,0.0,0
7193,10,11,21,0.0,0
7194,10,11,21,0.0,0
7195,10,11,21,0.0,0
7196,10,11,21,0.0,0
7197,10,11,21,0.0,0
7198,10,11,21,0.0,0
7199,10,11,21,0.0,0
7200,10,11,21,0.0,0
7201,10,11,21,0.0,0
7202,10,11,21,0.0,0
7203,10,11,21,0.0,0
7204,10,11,21,0.0,0
7205,10,11,21,0.0,0
7206,10,11,21,0.0,0
7207,10,11,21,0.0,0
7208,10,11,21,0.0,0
7209,10,11,21,0.0,0
7210,10,11,21,0.0,0
7211,10,11,21,0.0,0
7212,10,11,21,0.0,0
7213,10,11,21,0.0,0
7214,10,11,21,0.0,0
7215,10,11,21,0.0,0
7216,10,11,21,0.0,0
7217,10,11,21,0.0,0
7218,10,11,21,0.0,0
7219,10,11,21,0.0,0
7220,10,11,21,0.0,0
7221,10,11,21,0.0,0
7222,10,11,21,0.0,0
7223,10,11,21,0.0,0
7224,10,11,21,0.0,0
7225,10,11,21,0.0,0
7226,10,11,21,0.0,0
7227,10,11,21,0.0,0
7228,10,11,21,0.0,0
7229,10,11,21,0.0,0
7230,10,11,21,0.0,0
7231,10,11,21,0.0,0
7232,10,11,21,1.0,1
7233,10,11,21,2.0,2
7234,10,11,21,3.0,3
7235,10,11,21,4.0,4
7236,10,11,21,5.0,5
7237,10,11,21,6.0,6
7238,10,11,21,7.0,7
7239,10,11,21,8.0,8
7240,10,11,21,9.0,9
7241,10,11,21,10.0,10
7242,10,11,21,11.0,11
7243,10,11,21,12.0,12
7244,10,11,21,13.0,13
7245,10,11,21,14.0,14
7246,10,11,21,15.0,15
7247,10,11,21,16.0,16
7248,10,11,21,17.0,17
7249,10,11,21,18.0,18
7250,10,11,21,19.0,19
7251,10,11,21,20.0,20
7252,10,11,21,21.0,21
7253,10,11,21,22.0,22
7254,10,11,21,23.0,23
7255,10,11,21,24.0,24
7256,10,11,21,25.0,25
7257,10,11,21,26.0,26
7258,10,11,21,27.0,27
7259,10,11,21,28.0,28
7260,10,11,21,29.0,29
7261,10,11,21,30.0,30
7262,10,11,21,31.0,31
7263,10,11,21,32.0,32
7264,10,11,21,33.0,33
7265,10,11,21,34.0,34
7266,10,11,21,35.0,35
7267,10,11,21,36.0,36
7268,10,11,21,37.0,37
7269,10,11,21,38.0,38
7270,10,11,21,39.0,39
7271,10,11,21,40.0,40
7272,10,11,21,41.0,41
7273,10,11,21,42.0,42
7274,10,11,21,43.0,43
7275,10,11,21,44.0,44
7276,10,11,21,45.0,45
7277,10,11,21,46.0,46
7278,10,11,21,47.0,47
7279,10,11,21,48.0,48
7280,10,11,21,49.0,49
7281,10,11,21,50.0,50
7282,10,11,21,51.0,51
7283,10,11,21,52.0,52
7284,10,11,21,53.0,53
7285,10,11,21,54.0,54
7286,10,11,21,55.0,55
7287,10,11,21,56.0,56
7288,10,11,21,57.0,57
7289,10,11,21,58.0,58
7290,10,11,21,59.0,59
7291,10,11,21,60.0,60
7292,10,11,21,61.0,61
7293,10,11,21,62.0,62
7294,10,11,21,63.0,63
7295,10,11,21,64.0,64
7296,10,11,21,65.0,65
7297,10,11,21,66.0,66
7298,10,11,21,67.0,67
7299,10,11,21,68.0,68
7300,10,11,21,69.0,69
7301,10,11,21,70.0,70
7302,10,11,21,71.0,71
7303,10,11,21,72.0,72
7304,10,11,21,73.0,73
7305,10,11,21,74.0,74
7306,10,11,21,75.0,75
7307,10,11,21,76.0,76
7308,10,11,21,77.0,77
7309,10,11,21,78.0,78
7310,10,11,21,79.0,79
7311,10,11,21,80.0,80
7312,10,11,21,81.0,81
7313,10,11,21,82.0,82
7314,10,11,21,83.0,83
7315,10,11,21,84.0,84
7316,10,11,21,85.0,85
7317,10,11,21,86.0,86
7318,10,11,21,87.0,87
7319,10,11,21,88.0,88
7320,10,11,21,89.0,89
7321,10,11,21,90.0,90
7322,10,11,21,91.0,91
7323,10,11,21,92.0,92
7324,10,11,21,93.0,93
7325,10,11,21,94.0,94
7326,10,11,21,95.0,95
7327,10,11,21,96.0,96
7328,10,11,21,97.0,97
7329,10,11,21,98.0,98
7330,10,11,21,99.0,99
7331,10,11,21,100.0,100
7332,10,11,21,101.0,101
7333,10,11,21,102.0,102
7334,10,11,21,103.0,103
7335,10,11,21,104.0,104
7336,10,11,21,105.0,105
7337,10,11,21,106.0,106
7338,10,11,21,107.0,107
7339,10,11,21,108.0,108
7340,10,11,21,109.0,109
7341,10,11,21,110.0,110
7342,10,11,21,111.0,111
7343,10,11,21,112.0,112
7344,10,11,21,113.0,113
7345,10,11,21,114.0,114
7346,10,11,21,115.0,115
7347,10,11,21,116.0,116
7348,10,11,21,117.0,117
7349,10,11,21,118.0,118
7350,10,11,21,119.0,119
7351,10,11,21,120.0,120
7352,10,11,21,121.0,121
7353,10,11,21,122.0,122
7354,10,11,21,123.0,123
7355,10,11,21,124.0,124
7356,10,11,21,125.0,125
7357,10,11,21,126.0,126
7358,10,11,21,127.0,127
7359,10,11,21,128.0,128
7360,10,11,21,129.0,129
7361,10,11,21,130.0,130
7362,10,11,21,131.0,131
7363,10,11,21,132.0,132
7364,10,11,21,133.0,133
7365,10,11,21,134.0,134
7366,10,11,21,135.0,135
7367,10,11,21,136.0,136
7368,10,11,21,137.0,137
7369,10,11,21,138.0,138
7370,10,11,21,139.0,139
7371,10,11,21,140.0,140
7372,10,11,21,141.0,141
7373,10,11,21,142.0,142
7374,10,11,21,143.0,143
7375,10,11,21,144.0,144
7376,10,11,21,145.0,145
7377,10,11,21,146.0,146
7378,10,11,21,147.0,147
7379,10,11,21,148.0,148
7380,10,11,21,149.0,149
7381,10,11,21,150.0,150
7382,10,11,21,151.0,151
7383,10,11,21,152.0,152
7384,10,11,21,153.0,153
7385,10,11,21,154.0,154
7386,10,11,21,155.0,155
7387,10,11,21,156.0,156
7388,10,11,21,157.0,157
7389,10,11,21,158.0,158
7390,10,11,21,159.0,159
7391,10,11,21,160.0,160
7392,10,11,21,161.0,161
7393,10,11,21,162.0,162
7394,10,11,21,163.0,163
7395,10,11,21,164.0,164
7396,10,11,21,165.0,165
7397,10,11,21,166.0,166
7398,10,11,21,167.0,167
7399,10,11,21,168.0,168
7400,10,11,21,169.0,169
7401,10,11,21,170.0,170
7402,11,11,22,171.0,171
7403,11,11,22,171.0,171
7404,11,11,22,171.0,171
7405,11,11,22,171.0,171
7406,11,11,22,171.0,171
7407,11,11,22,171.0,171
7408,11,11,22,171.0,171
7409,11,11,22,171.0,171
7410,11,11,22,171.0,171
7411,11,11,22,171.0,171
7412,11,11,22,171.0,171
7413,11,11,22,171.0,171
7414,11,11,22,171.0,171
7415,11,11,22,171.0,171
7416,11,11,22,171.0,171
7417,11,11,22,171.0,171
7418,11,11,22,171.0,171
7419,11,11,22,171.0,171
7420,11,11,22,171.0,171
7421,11,11,22,171.0,171
7422,11,11,22,171.0,171
7423,11,11,22,171.0,171
7424,11,11,22,171.0,171
7425,11,11,22,171.0,171
7426,11,11,22,171.0,171
7427,11,11,22,171.0,171
7428,11,11,22,171.0,171
7429,11,11,22,171.0,171
7430,11,11,22,171.0,171
7431,11,11,22,171.0,171
7432,11,11,22,171.0,171
7433,11,11,22,171.0,171
7434,11,11,22,171.0,171
7435,11,11,22,171.0,171
7436,11,11,22,171.0,171
7437,11,11,22,171.0,171
7438,11,11,22,171.0,171
7439,11,11,22,171.0,171
7440,11,11,22,171.0,171
7441,11,11,22,171.0,171
7442,11,11,22,171.0,171
7443,11,11,22,171.0,171
7444,11,11,22,171.0,171
7445,11,11,22,171.0,171
7446,11,11,22,171.0,171
7447,11,11,22,171.0,171
7448,11,11,22,171.0,171
7449,11,11,22,171.0,171
7450,11,11,22,171.0,171
7451,11,11,22,171.0,171
7452,11,11,22,171.0,171
7453,11,11,22,171.0,171
7454,11,11,22,171.0,171
7455,11,11,22,171.0,171
7456,11,11,22,171.0,171
7457,11,11,22,171.0,171
7458,11,11,22,171.0,171
7459,11,11,22,171.0,171
7460,11,11,22,171.0,171
7461,11,11,22,171.0,171
7462,11,11,22,171.0,171
7463,11,11,22,171.0,171
7464,11,11,22,171.0,171
7465,11,11,22,171.0,171
7466,11,11,22,171.0,171
7467,11,11,22,171.0,171
7468,11,11,22,0.0,0
7469,11,11,22,0.0,0
7470,11,11,22,0.0,0
7471,11,11,22,0.0,0
7472,11,11,22,0.0,0
7473,11,11,22,0.0,0
7474,11,11,22,0.0,0
7475,11,11,22,0.0,0
7476,11,11,22,0.0,0
7477,11,11,22,0.0,0
7478,11,11,22,0.0,0
7479,11,11,22,0.0,0
7480,11,11,22,0.0,0
7481,11,11,22,0.0,0
7482,11,11,22,0.0,0
7483,11,11,22,0.0,0
7484,11,11,22,0.0,0
7485,11,11,22,0.0,0
7486,11,11,22,0.0,0
7487,11,11,22,0.0,0
7488,11,11,22,0.0,0
7489,11,11,22,0.0,0
7490,11,11,22,0.0,0
7491,11,11,22,0.0,0
7492,11,11,22,0.0,0
7493,11,11,22,0.0,0
7494,11,11,22,0.0,0
7495,11,11,22,0.0,0
7496,11,11,22,0.0,0
7497,11,11,22,0.0,0
7498,11,11,22,0.0,0
7499,11,11,22,0.0,0
7500,11,11,22,0.0,0
7501,11,11,22,0.0,0
7502,11,11,22,0.0,0
7503,11,11,22,0.0,0
7504,11,11,22,0.0,0
7505,11,11,22,0.0,0
7506,11,11,22,0.0,0
7507,11,11,22,0.0,0
7508,11,11,22,0.0,0
7509,11,11,22,0.0,0
7510,11,11,22,0.0,0
7511,11,11,22,0.0,0
7512,11,11,22,0.0,0
7513,11,11,22,0.0,0
7514,11,11,22,0.0,0
7515,11,11,22,0.0,0
7516,11,11,22,0.0,0
7517,11,11,22,0.0,0
7518,11,11,22,0.0,0
7519,11,11,22,0.0,0
7520,11,11,22,0.0,0
7521,11,11,22,0.0,0
7522,11,11,22,0.0,0
7523,11,11,22,0.0,0
7524,11,11,22,0.0,0
7525,11,11,22,0.0,0
7526,11,11,22,0.0,0
7527,11,11,22,0.0,0
7528,11,11,22,0.0,0
7529,11,11,22,0.0,0
7530,11,11,22,0.0,0
7531,11,11,22,0.0,0
7532,11,11,22,0.0,0
7533,11,11,22,0.0,0
7534,11,11,22,0.0,0
7535,11,11,22,0.0,0
7536,11,11,22,0.0,0
7537,11,11,22,0.0,0
7538,11,11,22,0.0,0
7539,11,11,22,0.0,0
7540,11,11,22,0.0,0
7541,11,11,22,0.0,0
7542,11,11,22,0.0,0
7543,11,11,22,0.0,0
7544,11,11,22,0.0,0
7545,11,11,22,0.0,0
7546,11,11,22,0.0,0
7547,11,11,22,0.0,0
7548,11,11,22,0.0,0
7549,11,11,22,0.0,0
7550,11,11,22,0.0,0
7551,11,11,22,0.0,0
7552,11,11,22,0.0,0
7553,11,11,22,0.0,0
7554,11,11,22,0.0,0
7555,11,11,22,0.0,0
7556,11,11,22,0.0,0
7557,11,11,22,0.0,0
7558,11,11,22,0.0,0
7559,11,11,22,0.0,0
7560,11,11,22,0.0,0
7561,11,11,22,0.0,0
7562,11,11,22,0.0,0
7563,11,11,22,0.0,0
7564,11,11,22,0.0,0
7565,11,11,22,0.0,0
7566,11,11,22,0.0,0
7567,11,11,22,0.0,0
7568,11,11,22,0.0,0
7569,11,11,22,0.0,0
7570,11,11,22,0.0,0
7571,11,11,22,0.0,0
7572,11,11,22,0.0,0
7573,11,11,22,0.0,0
7574,11,11,22,0.0,0
7575,11,11,22,0.0,0
7576,11,11,22,0.0,0
7577,11,11,22,0.0,0
7578,11,11,22,0.0,0
7579,11,11,22,0.0,0
7580,11,11,22,0.0,0
7581,11,11,22,0.0,0
7582,11,11,22,0.0,0
7583,11,11,22,0.0,0
7584,11,11,22,0.0,0
7585,11,11,22,0.0,0
7586,11,11,22,0.0,0
7587,11,11,22,0.0,0
7588,11,11,22,0.0,0
7589,11,11,22,0.0,0
7590,11,11,22,0.0,0
7591,11,11,22,0.0,0
7592,11,11,22,0.0,0
7593,11,11,22,0.0,0
7594,11,11,22,0.0,0
7595,11,11,22,0.0,0
7596,11,11,22,0.0,0
7597,11,11,22,0.0,0
7598,11,11,22,0.0,0
7599,11,11,22,0.0,0
7600,11,11,22,0.0,0
7601,11,11,22,0.0,0
7602,11,11,22,0.0,0
7603,11,11,22,0.0,0
7604,11,11,22,0.0,0
7605,11,11,22,0.0,0
7606,11,11,22,0.0,0
7607,11,11,22,0.0,0
7608,11,11,22,0.0,0
7609,11,11,22,0.0,0
7610,11,11,22,0.0,0
7611,11,11,22,0.0,0
7612,11,11,22,0.0,0
7613,11,11,22,0.0,0
7614,11,11,22,0.0,0
7615,11,11,22,0.0,0
7616,11,11,22,0.0,0
7617,11,11,22,0.0,0
7618,11,11,22,0.0,0
7619,11,11,22,0.0,0
7620,11,11,22,0.0,0
7621,11,11,22,0.0,0
7622,11,11,22,0.0,0
7623,11,11,22,0.0,0
7624,11,11,22,0.0,0
7625,11,11,22,0.0,0
7626,11,11,22,0.0,0
7627,11,11,22,0.0,0
7628,11,11,22,0.0,0
7629,11,11,22,0.0,0
7630,11,11,22,0.0,0
7631,11,11,22,0.0,0
7632,11,11,22,0.0,0
7633,11,11,22,0.0,0
7634,11,11,22,0.0,0
7635,11,11,22,0.0,0
7636,11,11,22,0.0,0
7637,11,11,22,0.0,0
7638,11,11,22,0.0,0
7639,11,11,22,0.0,0
7640,11,11,22,0.0,0
7641,11,11,22,0.0,0
7642,11,11,22,0.0,0
7643,11,11,22,0.0,0
7644,11,11,22,0.0,0
7645,11,11,22,0.0,0
7646,11,11,22,0.0,0
7647,11,11,22,0.0,0
7648,11,11,22,0.0,0
7649,11,11,22,0.0,0
7650,11,11,22,0.0,0
7651,11,11,22,0.0,0
7652,11,11,22,0.0,0
7653,11,11,22,0.0,0
7654,11,11,22,0.0,0
7655,11,11,22,0.0,0
7656,11,11,22,0.0,0
7657,11,11,22,0.0,0
7658,11,11,22,0.0,0
7659,11,11,22,0.0,0
7660,11,11,22,0.0,0
7661,11,11,22,0.0,0
7662,11,11,22,0.0,0
7663,11,11,22,0.0,0
7664,11,11,22,0.0,0
7665,11,11,22,0.0,0
7666,11,11,22,0.0,0
7667,11,11,22,0.0,0
7668,11,11,22,0.0,0
7669,11,11,22,0.0,0
7670,11,11,22,0.0,0
7671,11,11,22,0.0,0
7672,11,11,22,0.0,0
7673,11,11,22,0.0,0
7674,11,11,22,0.0,0
7675,11,11,22,0.0,0
7676,11,11,22,0.0,0
7677,11,11,22,0.0,0
7678,11,11,22,0.0,0
7679,11,11,22,0.0,0
7680,11,11,22,0.0,0
7681,11,11,22,0.0,0
7682,11,11,22,0.0,0
7683,11,11,22,0.0,0
7684,11,11,22,0.0,0
7685,11,11,22,0.0,0
7686,11,11,22,0.0,0
7687,11,11,22,0.0,0
7688,11,11,22,0.0,0
7689,11,11,22,0.0,0
7690,11,11,22,0.0,0
7691,11,11,22,0.0,0
7692,11,11,22,0.0,0
7693,11,11,22,0.0,0
7694,11,11,22,0.0,0
7695,11,11,22,0.0,0
7696,11,11,22,0.0,0
7697,11,11,22,0.0,0
7698,11,11,22,0.0,0
7699,11,11,22,0.0,0
7700,11,11,22,0.0,0
7701,11,11,22,0.0,0
7702,11,11,22,0.0,0
7703,11,11,22,0.0,0
7704,11,11,22,0.0,0
7705,11,11,22,0.0,0
7706,11,11,22,0.0,0
7707,11,11,22,0.0,0
7708,11,11,22,0.0,0
7709,11,11,22,0.0,0
7710,11,11,22,0.0,0
7711,11,11,22,0.0,0
7712,11,11,22,0.0,0
7713,11,11,22,0.0,0
7714,11,11,22,0.0,0
7715,11,11,22,0.0,0
7716,11,11,22,0.0,0
7717,11,11,22,0.0,0
7718,11,11,22,0.0,0
7719,11,11,22,0.0,0
7720,11,11,22,0.0,0
7721,11,11,22,0.0,0
7722,11,11,22,0.0,0
7723,11,11,22,0.0,0
7724,11,11,22,0.0,0
7725,11,11,22,0.0,0
7726,11,11,22,0.0,0
7727,11,11,22,0.0,0
7728,11,11,22,0.0,0
7729,11,11,22,0.0,0
7730,11,11,22,0.0,0
7731,11,11,22,0.0,0
7732,11,11,22,0.0,0
7733,11,11,22,0.0,0
7734,11,11,22,0.0,0
7735,11,11,22,0.0,0
7736,11,11,22,0.0,0
7737,11,11,22,0.0,0
7738,11,11,22,0.0,0
7739,11,11,22,0.0,0
7740,11,11,22,0.0,0
7741,11,11,22,0.0,0
7742,11,11,22,0.0,0
7743,11,11,22,0.0,0
7744,11,11,22,0.0,0
7745,11,11,22,0.0,0
7746,11,11,22,0.0,0
7747,11,11,22,0.0,0
7748,11,11,22,0.0,0
7749,11,11,22,0.0,0
7750,11,11,22,0.0,0
7751,11,11,22,0.0,0
7752,11,11,22,0.0,0
7753,11,11,22,0.0,0
7754,11,11,22,0.0,0
7755,11,11,22,0.0,0
7756,11,11,22,0.0,0
7757,11,11,22,0.0,0
7758,11,11,22,0.0,0
7759,11,11,22,0.0,0
7760,11,11,22,0.0,0
7761,11,11,22,0.0,0
7762,11,11,22,0.0,0
7763,11,11,22,0.0,0
7764,11,11,22,0.0,0
7765,11,11,22,0.0,0
7766,11,11,22,0.0,0
7767,11,11,22,0.0,0
7768,11,11,22,0.0,0
7769,11,11,22,0.0,0
7770,11,11,22,0.0,0
7771,11,11,22,0.0,0
7772,11,11,22,0.0,0
7773,11,11,22,0.0,0
7774,11,11,22,0.0,0
7775,11,11,22,0.0,0
7776,11,11,22,0.0,0
7777,11,11,22,0.0,0
7778,11,11,22,0.0,0
7779,11,11,22,0.0,0
7780,11,11,22,0.0,0
7781,11,11,22,0.0,0
7782,11,11,22,0.0,0
7783,11,11,22,0.0,0
7784,11,11,22,0.0,0
7785,11,11,22,0.0,0
7786,11,11,22,0.0,0
7787,11,11,22,0.0,0
7788,11,11,22,0.0,0
7789,11,11,22,0.0,0
7790,11,11,22,0.0,0
7791,11,11,22,0.0,0
7792,11,11,22,0.0,0
7793,11,11,22,0.0,0
7794,11,11,22,0.0,0
7795,11,11,22,0.0,0
7796,11,11,22,0.0,0
7797,11,11,22,0.0,0
7798,11,11,22,0.0,0
7799,11,11,22,0.0,0
7800,11,11,22,0.0,0
7801,11,11,22,0.0,0
7802,11,11,22,0.0,0
7803,11,11,22,0.0,0
7804,11,11,22,0.0,0
7805,11,11,22,0.0,0
7806,11,11,22,0.0,0
7807,11,11,22,0.0,0
7808,11,11,22,0.0,0
7809,11,11,22,0.0,0
7810,11,11,22,0.0,0
7811,11,11,22,0.0,0
7812,11,11,22,0.0,0
7813,11,11,22,0.0,0
7814,11,11,22,0.0,0
7815,11,11,22,0.0,0
7816,11,11,22,0.0,0
7817,11,11,22,0.0,0
7818,11,11,22,0.0,0
7819,11,11,22,0.0,0
7820,11,11,22,0.0,0
7821,11,11,22,0.0,0
7822,11,11,22,0.0,0
7823,11,11,22,0.0,0
7824,11,11,22,0.0,0
7825,11,11,22,0.0,0
7826,11,11,22,0.0,0
7827,11,11,22,0.0,0
7828,11,11,22,0.0,0
7829,11,11,22,0.0,0
7830,11,11,22,0.0,0
7831,11,11,22,0.0,0
7832,11,11,22,0.0,0
7833,11,11,22,0.0,0
7834,11,11,22,0.0,0
7835,11,11,22,0.0,0
7836,11,11,22,0.0,0
7837,11,11,22,0.0,0
7838,11,11,22,0.0,0
7839,11,11,22,0.0,0
7840,11,12,23,0.0,0
7841,11,12,23,0.0,0
7842,11,12,23,0.0,0
7843,11,12,23,0.0,0
7844,11,12,23,0.0,0
7845,11,12,23,0.0,0
7846,11,12,23,0.0,0
7847,11,12,23,0.0,0
7848,11,12,23,0.0,0
7849,11,12,23,0.0,0
7850,11,12,23,0.0,0
7851,11,12,23,0.0,0
7852,11,12,23,0.0,0
7853,11,12,23,0.0,0
7854,11,12,23,0.0,0
7855,11,12,23,0.0,0
7856,11,12,23,0.0,0
7857,11,12,23,0.0,0
7858,11,12,23,0.0,0
7859,11,12,23,0.0,0
7860,11,12,23,0.0,0
7861,11,12,23,0.0,0
7862,11,12,23,0.0,0
7863,11,12,23,0.0,0
7864,11,12,23,0.0,0
7865,11,12,23,0.0,0
7866,11,12,23,0.0,0
7867,11,12,23,0.0,0
7868,11,12,23,0.0,0
7869,11,12,23,0.0,0
7870,11,12,23,0.0,0
7871,11,12,23,0.0,0
7872,11,12,23,0.0,0
7873,11,12,23,0.0,0
7874,11,12,23,0.0,0
7875,11,12,23,0.0,0
7876,11,12,23,0.0,0
7877,11,12,23,0.0,0
7878,11,12,23,0.0,0
7879,11,12,23,0.0,0
7880,11,12,23,0.0,0
7881,11,12,23,0.0,0
7882,11,12,23,0.0,0
7883,11,12,23,0.0,0
7884,11,12,23,0.0,0
7885,11,12,23,0.0,0
7886,11,12,23,0.0,0
7887,11,12,23,0.0,0
7888,11,12,23,0.0,0
7889,11,12,23,0.0,0
7890,11,12,23,0.0,0
7891,11,12,23,0.0,0
7892,11,12,23,0.0,0
7893,11,12,23,0.0,0
7894,11,12,23,0.0,0
7895,11,12,23,0.0,0
7896,11,12,23,0.0,0
7897,11,12,23,0.0,0
7898,11,12,23,0.0,0
7899,11,12,23,0.0,0
7900,11,12,23,0.0,0
7901,11,12,23,0.0,0
7902,11,12,23,0.0,0
7903,11,12,23,0.0,0
7904,11,12,23,0.0,0
7905,11,12,23,0.0,0
7906,11,12,23,0.0,0
7907,11,12,23,0.0,0
7908,11,12,23,0.0,0
7909,11,12,23,0.0,0
7910,11,12,23,0.0,0
7911,11,12,23,0.0,0
7912,11,12,23,0.0,0
7913,11,12,23,0.0,0
7914,11,12,23,0.0,0
7915,11,12,23,0.0,0
7916,11,12,23,0.0,0
7917,11,12,23,0.0,0
7918,11,12,23,0.0,0
7919,11,12,23,0.0,0
7920,11,12,23,0.0,0
7921,11,12,23,0.0,0
7922,11,12,23,0.0,0
7923,11,12,23,0.0,0
7924,11,12,23,0.0,0
7925,11,12,23,0.0,0
7926,11,12,23,0.0,0
7927,11,12,23,0.0,0
7928,11,12,23,0.0,0
7929,11,12,23,0.0,0
7930,11,12,23,0.0,0
7931,11,12,23,0.0,0
7932,11,12,23,0.0,0
7933,11,12,23,0.0,0
7934,11,12,23,0.0,0
7935,11,12,23,0.0,0
7936,11,12,23,0.0,0
7937,11,12,23,0.0,0
7938,11,12,23,0.0,0
7939,11,12,23,0.0,0
7940,11,12,23,0.0,0
7941,11,12,23,0.0,0
7942,11,12,23,0.0,0
7943,11,12,23,0.0,0
7944,11,12,23,0.0,0
7945,11,12,23,0.0,0
7946,11,12,23,0.0,0
7947,11,12,23,0.0,0
7948,11,12,23,0.0,0
7949,11,12,23,0.0,0
7950,11,12,23,0.0,0
7951,11,12,23,0.0,0
7952,11,12,23,0.0,0
7953,11,12,23,0.0,0
7954,11,12,23,0.0,0
7955,11,12,23,0.0,0
7956,11,12,23,0.0,0
7957,11,12,23,0.0,0
7958,11,12,23,0.0,0
7959,11,12,23,0.0,0
7960,11,12,23,0.0,0
7961,11,12,23,0.0,0
7962,11,12,23,0.0,0
7963,11,12,23,0.0,0
7964,11,12,23,0.0,0
7965,11,12,23,0.0,0
7966,11,12,23,0.0,0
7967,11,12,23,0.0,0
7968,11,12,23,0.0,0
7969,11,12,23,0.0,0
7970,11,12,23,0.0,0
7971,11,12,23,0.0,0
7972,11,12,23,0.0,0
7973,11,12,23,0.0,0
7974,11,12,23,0.0,0
7975,11,12,23,0.0,0
7976,11,12,23,0.0,0
7977,11,12,23,0.0,0
7978,11,12,23,0.0,0
7979,11,12,23,0.0,0
7980,11,12,23,0.0,0
7981,11,12,23,0.0,0
7982,11,12,23,0.0,0
7983,11,12,23,0.0,0
7984,11,12,23,0.0,0
7985,11,12,23,0.0,0
7986,11,12,23,0.0,0
7987,11,12,23,0.0,0
7988,11,12,23,0.0,0
7989,11,12,23,0.0,0
7990,11,12,23,0.0,0
7991,11,12,23,0.0,0
7992,11,12,23,0.0,0
7993,11,12,23,0.0,0
7994,11,12,23,0.0,0
7995,11,12,23,0.0,0
7996,11,12,23,0.0,0
7997,11,12,23,0.0,0
7998,11,12,23,0.0,0
7999,11,12,23,0.0,0
8000,11,12,23,0.0,0
8001,11,12,23,0.0,0
8002,11,12,23,0.0,0
8003,11,12,23,0.0,0
8004,11,12,23,0.0,0
8005,11,12,23,0.0,0
8006,11,12,23,0.0,0
8007,11,12,23,0.0,0
8008,11,12,23,0.0,0
8009,11,12,23,0.0,0
8010,11,12,23,0.0,0
8011,11,12,23,0.0,0
8012,11,12,23,0.0,0
8013,11,12,23,0.0,0
8014,11,12,23,0.0,0
8015,11,12,23,0.0,0
8016,11,12,23,0.0,0
8017,11,12,23,0.0,0
8018,11,12,23,0.0,0
8019,11,12,23,0.0,0
8020,11,12,23,0.0,0
8021,11,12,23,0.0,0
8022,11,12,23,0.0,0
8023,11,12,23,0.0,0
8024,11,12,23,0.0,0
8025,11,12,23,0.0,0
8026,11,12,23,0.0,0
8027,11,12,23,0.0,0
8028,11,12,23,0.0,0
8029,11,12,23,0.0,0
8030,11,12,23,0.0,0
8031,11,12,23,0.0,0
8032,11,12,23,0.0,0
8033,11,12,23,0.0,0
8034,11,12,23,0.0,0
8035,11,12,23,0.0,0
8036,11,12,23,0.0,0
8037,11,12,23,0.0,0
8038,11,12,23,0.0,0
8039,11,12,23,0.0,0
8040,11,12,23,0.0,0
8041,11,12,23,0.0,0
8042,11,12,23,0.0,0
8043,11,12,23,0.0,0
8044,11,12,23,0.0,0
8045,11,12,23,0.0,0
8046,11,12,23,0.0,0
8047,11,12,23,0.0,0
8048,11,12,23,0.0,0
8049,11,12,23,0.0,0
8050,11,12,23,0.0,0
8051,11,12,23,0.0,0
8052,11,12,23,0.0,0
8053,11,12,23,0.0,0
8054,11,12,23,0.0,0
8055,11,12,23,0.0,0
8056,11,12,23,0.0,0
8057,11,12,23,0.0,0
8058,11,12,23,0.0,0
8059,11,12,23,0.0,0
8060,11,12,23,0.0,0
8061,11,12,23,0.0,0
8062,11,12,23,0.0,0
8063,11,12,23,0.0,0
8064,11,12,23,0.0,0
8065,11,12,23,0.0,0
8066,11,12,23,0.0,0
8067,11,12,23,0.0,0
8068,11,12,23,0.0,0
8069,11,12,23,0.0,0
8070,11,12,23,0.0,0
8071,11,12,23,0.0,0
8072,11,12,23,0.0,0
8073,11,12,23,0.0,0
8074,11,12,23,0.0,0
8075,11,12,23,0.0,0
8076,11,12,23,0.0,0
8077,11,12,23,0.0,0
8078,11,12,23,0.0,0
8079,11,12,23,0.0,0
8080,11,12,23,0.0,0
8081,11,12,23,0.0,0
8082,11,12,23,0.0,0
8083,11,12,23,0.0,0
8084,11,12,23,0.0,0
8085,11,12,23,0.0,0
8086,11,12,23,0.0,0
8087,11,12,23,0.0,0
8088,11,12,23,0.0,0
8089,11,12,23,0.0,0
8090,11,12,23,0.0,0
8091,11,12,23,0.0,0
8092,11,12,23,0.0,0
8093,11,12,23,0.0,0
8094,11,12,23,0.0,0
8095,11,12,23,0.0,0
8096,11,12,23,0.0,0
8097,11,12,23,0.0,0
8098,11,12,23,0.0,0
8099,11,12,23,0.0,0
8100,11,12,23,0.0,0
8101,11,12,23,0.0,0
8102,11,12,23,0.0,0
8103,11,12,23,0.0,0
8104,11,12,23,0.0,0
8105,11,12,23,0.0,0
8106,11,12,23,0.0,0
8107,11,12,23,0.0,0
8108,11,12,23,0.0,0
8109,11,12,23,0.0,0
8110,11,12,23,0.0,0
8111,11,12,23,0.0,0
8112,11,12,23,0.0,0
8113,11,12,23,0.0,0
8114,11,12,23,0.0,0
8115,11,12,23,0.0,0
8116,11,12,23,0.0,0
8117,11,12,23,0.0,0
8118,11,12,23,0.0,0
8119,11,12,23,0.0,0
8120,11,12,23,0.0,0
8121,11,12,23,0.0,0
8122,11,12,23,0.0,0
8123,11,12,23,0.0,0
8124,11,12,23,0.0,0
8125,11,12,23,0.0,0
8126,11,12,23,1.0,1
8127,11,12,23,2.0,2
8128,11,12,23,3.0,3
8129,11,12,23,4.0,4
8130,11,12,23,5.0,5
8131,11,12,23,6.0,6
8132,11,12,23,7.0,7
8133,11,12,23,8.0,8
8134,11,12,23,9.0,9
8135,11,12,23,10.0,10
8136,11,12,23,11.0,11
8137,11,12,23,12.0,12
8138,11,12,23,13.0,13
8139,11,12,23,14.0,14
8140,11,12,23,15.0,15
8141,11,12,23,16.0,16
8142,11,12,23,17.0,17
8143,11,12,23,18.0,18
8144,11,12,23,19.0,19
8145,11,12,23,20.0,20
8146,11,12,23,21.0,21
8147,11,12,23,22.0,22
8148,11,12,23,23.0,23
8149,11,12,23,24.0,24
8150,11,12,23,25.0,25
8151,11,12,23,26.0,26
8152,11,12,23,27.0,27
8153,11,12,23,28.0,28
8154,11,12,23,29.0,29
8155,11,12,23,30.0,30
8156,11,12,23,31.0,31
8157,11,12,23,32.0,32
8158,11,12,23,33.0,33
8159,11,12,23,34.0,34
8160,11,12,23,35.0,35
8161,11,12,23,36.0,36
8162,11,12,23,37.0,37
8163,11,12,23,38.0,38
8164,11,12,23,39.0,39
8165,11,12,23,40.0,40
8166,11,12,23,41.0,41
8167,11,12,23,42.0,42
8168,11,12,23,43.0,43
8169,11,12,23,44.0,44
8170,11,12,23,45.0,45
8171,11,12,23,46.0,46
8172,11,12,23,47.0,47
8173,11,12,23,48.0,48
8174,11,12,23,49.0,49
8175,11,12,23,50.0,50
8176,11,12,23,51.0,51
8177,11,12,23,52.0,52
8178,11,12,23,53.0,53
8179,11,12,23,54.0,54
8180,11,12,23,55.0,55
8181,11,12,23,56.0,56
8182,11,12,23,57.0,57
8183,11,12,23,58.0,58
8184,11,12,23,59.0,59
8185,11,12,23,60.0,60
8186,11,12,23,61.0,61
8187,11,12,23,62.0,62
8188,11,12,23,63.0,63
8189,11,12,23,64.0,64
8190,11,12,23,65.0,65
8191,11,12,23,66.0,66
8192,11,12,23,67.0,67
8193,11,12,23,68.0,68
8194,11,12,23,69.0,69
8195,11,12,23,70.0,70
8196,11,12,23,71.0,71
8197,11,12,23,72.0,72
8198,11,12,23,73.0,73
8199,11,12,23,74.0,74
8200,11,12,23,75.0,75
8201,11,12,23,76.0,76
8202,11,12,23,77.0,77
8203,11,12,23,78.0,78
8204,11,12,23,79.0,79
8205,11,12,23,80.0,80
8206,11,12,23,81.0,81
8207,11,12,23,82.0,82
8208,11,12,23,83.0,83
8209,11,12,23,84.0,84
8210,11,12,23,85.0,85
8211,11,12,23,86.0,86
8212,11,12,23,87.0,87
8213,11,12,23,88.0,88
8214,11,12,23,89.0,89
8215,11,12,23,90.0,90
8216,11,12,23,91.0,91
8217,11,12,23,92.0,92
8218,11,12,23,93.0,93
8219,11,12,23,94.0,94
8220,11,12,23,95.0,95
8221,11,12,23,96.0,96
8222,11,12,23,97.0,97
8223,11,12,23,98.0,98
8224,11,12,23,99.0,99
8225,11,12,23,100.0,100
8226,11,12,23,101.0,101
8227,11,12,23,102.0,102
8228,11,12,23,103.0,103
8229,11,12,23,104.0,104
8230,11,12,23,105.0,105
8231,11,12,23,106.0,106
8232,11,12,23,107.0,107
8233,11,12,23,108.0,108
8234,11,12,23,109.0,109
8235,11,12,23,110.0,110
8236,11,12,23,111.0,111
8237,11,12,23,112.0,112
8238,11,12,23,113.0,113
8239,11,12,23,114.0,114
8240,11,12,23,115.0,115
8241,11,12,23,116.0,116
8242,11,12,23,117.0,117
8243,11,12,23,118.0,118
8244,11,12,23,119.0,119
8245,11,12,23,120.0,120
8246,11,12,23,121.0,121
8247,11,12,23,122.0,122
8248,11,12,23,123.0,123
8249,11,12,23,124.0,124
8250,11,12,23,125.0,125
8251,11,12,23,126.0,126
8252,11,12,23,127.0,127
8253,11,12,23,128.0,128
8254,11,12,23,129.0,129
8255,11,12,23,130.0,130
8256,11,12,23,131.0,131
8257,11,12,23,132.0,132
8258,11,12,23,133.0,133
8259,11,12,23,134.0,134
8260,11,12,23,135.0,135
8261,11,12,23,136.0,136
8262,11,12,23,137.0,137
8263,11,12,23,138.0,138
8264,11,12,23,139.0,139
8265,11,12,23,140.0,140
8266,11,12,23,141.0,141
8267,11,12,23,142.0,142
8268,11,12,23,143.0,143
8269,11,12,23,144.0,144
8270,11,12,23,145.0,145
8271,11,12,23,146.0,146
8272,11,12,23,147.0,147
8273,11,12,23,148.0,148
8274,11,12,23,149.0,149
8275,11,12,23,150.0,150
8276,11,12,23,151.0,151
8277,11,12,23,152.0,152
8278,11,12,23,153.0,153
8279,11,12,23,154.0,154
8280,11,12,23,155.0,155
8281,11,12,23,156.0,156
8282,11,12,23,157.0,157
8283,11,12,23,158.0,158
8284,11,12,23,159.0,159
8285,11,12,23,160.0,160
8286,11,12,23,161.0,161
8287,11,12,23,162.0,162
8288,11,12,23,163.0,163
8289,11,12,23,164.0,164
8290,11,12,23,165.0,165
8291,11,12,23,166.0,166
8292,11,12,23,167.0,167
8293,11,12,23,168.0,168
8294,11,12,23,169.0,169
8295,11,12,23,170.0,170
8296,11,12,23,171.0,171
8297,11,12,23,172.0,172
8298,11,12,23,173.0,173
8299,11,12,23,174.0,174
8300,11,12,23,175.0,175
8301,11,12,23,176.0,176
8302,11,12,23,177.0,177
8303,11,12,23,178.0,178
8304,11,12,23,179.0,179
8305,11,12,23,180.0,180
8306,11,12,23,181.0,181
8307,11,12,23,182.0,182
8308,11,12,23,183.0,183
8309,11,12,23,184.0,184
8310,11,12,23,185.0,185
8311,11,12,23,186.0,186
8312,11,12,23,187.0,187
8313,11,12,23,188.0,188
8314,11,12,23,189.0,189
8315,11,12,23,190.0,190
8316,11,12,23,191.0,191
8317,11,12,23,192.0,192
8318,11,12,23,193.0,193
8319,11,12,23,194.0,194
8320,11,12,23,195.0,195
8321,11,12,23,196.0,196
8322,11,12,23,197.0,197
8323,11,12,23,198.0,198
8324,11,12,23,199.0,199
8325,11,12,23,200.0,200
8326,11,12,23,201.0,201
8327,11,12,23,202.0,202
8328,12,12,24,203.0,203
8329,12,12,24,203.0,203
8330,12,12,24,203.0,203
8331,12,12,24,203.0,203
8332,12,12,24,203.0,203
8333,12,12,24,203.0,203
8334,12,12,24,203.0,203
8335,12,12,24,203.0,203
8336,12,12,24,203.0,203
8337,12,12,24,203.0,203
8338,12,12,24,203.0,203
8339,12,12,24,203.0,203
8340,12,12,24,203.0,203
8341,12,12,24,203.0,203
8342,12,12,24,203.0,203
8343,12,12,24,203.0,203
8344,12,12,24,203.0,203
8345,12,12,24,203.0,203
8346,12,12,24,203.0,203
8347,12,12,24,203.0,203
8348,12,12,24,203.0,203
8349,12,12,24,203.0,203
8350,12,12,24,203.0,203
8351,12,12,24,203.0,203
8352,12,12,24,203.0,203
8353,12,12,24,203.0,203
8354,12,12,24,203.0,203
8355,12,12,24,203.0,203
8356,12,12,24,203.0,203
8357,12,12,24,203.0,203
8358,12,12,24,203.0,203
8359,12,12,24,203.0,203
8360,12,12,24,203.0,203
8361,12,12,24,203.0,203
8362,12,12,24,203.0,203
8363,12,12,24,203.0,203
8364,12,12,24,203.0,203
8365,12,12,24,203.0,203
8366,12,12,24,203.0,203
8367,12,12,24,203.0,203
8368,12,12,24,203.0,203
8369,12,12,24,203.0,203
8370,12,12,24,203.0,203
8371,12,12,24,203.0,203
8372,12,12,24,203.0,203
8373,12,12,24,203.0,203
8374,12,12,24,203.0,203
8375,12,12,24,203.0,203
8376,12,12,24,203.0,203
8377,12,12,24,203.0,203
8378,12,12,24,203.0,203
8379,12,12,24,203.0,203
8380,12,12,24,203.0,203
8381,12,12,24,203.0,203
8382,12,12,24,203.0,203
8383,12,12,24,203.0,203
8384,12,12,24,203.0,203
8385,12,12,24,203.0,203
8386,12,12,24,203.0,203
8387,12,12,24,203.0,203
8388,12,12,24,203.0,203
8389,12,12,24,203.0,203
8390,12,12,24,203.0,203
8391,12,12,24,203.0,203
8392,12,12,24,203.0,203
8393,12,12,24,203.0,203
8394,12,12,24,203.0,203
8395,12,12,24,203.0,203
8396,12,12,24,203.0,203
8397,12,12,24,203.0,203
8398,12,12,24,203.0,203
8399,12,12,24,203.0,203
8400,12,12,24,203.0,203
8401,12,12,24,203.0,203
8402,12,12,24,203.0,203
8403,12,12,24,203.0,203
8404,12,12,24,203.0,203
8405,12,12,24,203.0,203
8406,12,12,24,203.0,203
8407,12,12,24,0.0,0
8408,12,12,24,0.0,0
8409,12,12,24,0.0,0
8410,12,12,24,0.0,0
8411,12,12,24,0.0,0
8412,12,12,24,0.0,0
8413,12,12,24,0.0,0
8414,12,12,24,0.0,0
8415,12,12,24,0.0,0
8416,12,12,24,0.0,0
8417,12,12,24,0.0,0
8418,12,12,24,0.0,0
8419,12,12,24,0.0,0
8420,12,12,24,0.0,0
8421,12,12,24,0.0,0
8422,12,12,24,0.0,0
8423,12,12,24,0.0,0
8424,12,12,24,0.0,0
8425,12,12,24,0.0,0
8426,12,12,24,0.0,0
8427,12,12,24,0.0,0
8428,12,12,24,0.0,0
8429,12,12,24,0.0,0
8430,12,12,24,0.0,0
8431,12,12,24,0.0,0
8432,12,12,24,0.0,0
8433,12,12,24,0.0,0
8434,12,12,24,0.0,0
8435,12,12,24,0.0,0
8436,12,12,24,0.0,0
8437,12,12,24,0.0,0
8438,12,12,24,0.0,0
8439,12,12,24,0.0,0
8440,12,12,24,0.0,0
8441,12,12,24,0.0,0
8442,12,12,24,0.0,0
8443,12,12,24,0.0,0
8444,12,12,24,0.0,0
8445,12,12,24,0.0,0
8446,12,12,24,0.0,0
8447,12,12,24,0.0,0
8448,12,12,24,0.0,0
8449,12,12,24,0.0,0
8450,12,12,24,0.0,0
8451,12,12,24,0.0,0
8452,12,12,24,0.0,0
8453,12,12,24,0.0,0
8454,12,12,24,0.0,0
8455,12,12,24,0.0,0
8456,12,12,24,0.0,0
8457,12,12,24,0.0,0
8458,12,12,24,0.0,0
8459,12,12,24,0.0,0
8460,12,12,24,0.0,0
8461,12,12,24,0.0,0
8462,12,12,24,0.0,0
8463,12,12,24,0.0,0
8464,12,12,24,0.0,0
8465,12,12,24,0.0,0
8466,12,12,24,0.0,0
8467,12,12,24,0.0,0
8468,12,12,24,0.0,0
8469,12,12,24,0.0,0
8470,12,12,24,0.0,0
8471,12,12,24,0.0,0
8472,12,12,24,0.0,0
8473,12,12,24,0.0,0
8474,12,12,24,0.0,0
8475,12,12,24,0.0,0
8476,12,12,24,0.0,0
8477,12,12,24,0.0,0
8478,12,12,24,0.0,0
8479,12,12,24,0.0,0
8480,12,12,24,0.0,0
8481,12,12,24,0.0,0
8482,12,12,24,0.0,0
8483,12,12,24,0.0,0
8484,12,12,24,0.0,0
8485,12,12,24,0.0,0
8486,12,12,24,0.0,0
8487,12,12,24,0.0,0
8488,12,12,24,0.0,0
8489,12,12,24,0.0,0
8490,12,12,24,0.0,0
8491,12,12,24,0.0,0
8492,12,12,24,0.0,0
8493,12,12,24,0.0,0
8494,12,12,24,0.0,0
8495,12,12,24,0.0,0
8496,12,12,24,0.0,0
8497,12,12,24,0.0,0
8498,12,12,24,0.0,0
8499,12,12,24,0.0,0
8500,12,12,24,0.0,0
8501,12,12,24,0.0,0
8502,12,12,24,0.0,0
8503,12,12,24,0.0,0
8504,12,12,24,0.0,0
8505,12,12,24,0.0,0
8506,12,12,24,0.0,0
8507,12,12,24,0.0,0
8508,12,12,24,0.0,0
8509,12,12,24,0.0,0
8510,12,12,24,0.0,0
8511,12,12,24,0.0,0
8512,12,12,24,0.0,0
8513,12,12,24,0.0,0
8514,12,12,24,0.0,0
8515,12,12,24,0.0,0
8516,12,12,24,0.0,0
8517,12,12,24,0.0,0
8518,12,12,24,0.0,0
8519,12,12,24,0.0,0
8520,12,12,24,0.0,0
8521,12,12,24,0.0,0
8522,12,12,24,0.0,0
8523,12,12,24,0.0,0
8524,12,12,24,0.0,0
8525,12,12,24,0.0,0
8526,12,12,24,0.0,0
8527,12,12,24,0.0,0
8528,12,12,24,0.0,0
8529,12,12,24,0.0,0
8530,12,12,24,0.0,0
8531,12,12,24,0.0,0
8532,12,12,24,0.0,0
8533,12,12,24,0.0,0
8534,12,12,24,0.0,0
8535,12,12,24,0.0,0
8536,12,12,24,0.0,0
8537,12,12,24,0.0,0
8538,12,12,24,0.0,0
8539,12,12,24,0.0,0
8540,12,12,24,0.0,0
8541,12,12,24,0.0,0
8542,12,12,24,0.0,0
8543,12,12,24,0.0,0
8544,12,12,24,0.0,0
8545,12,12,24,0.0,0
8546,12,12,24,0.0,0
8547,12,12,24,0.0,0
8548,12,12,24,0.0,0
8549,12,12,24,0.0,0
8550,12,12,24,0.0,0
8551,12,12,24,0.0,0
8552,12,12,24,0.0,0
8553,12,12,24,0.0,0
8554,12,12,24,0.0,0
8555,12,12,24,0.0,0
8556,12,12,24,0.0,0
8557,12,12,24,0.0,0
8558,12,12,24,0.0,0
8559,12,12,24,0.0,0
8560,12,12,24,0.0,0
8561,12,12,24,0.0,0
8562,12,12,24,0.0,0
8563,12,12,24,0.0,0
8564,12,12,24,0.0,0
8565,12,12,24,0.0,0
8566,12,12,24,0.0,0
8567,12,12,24,0.0,0
8568,12,12,24,0.0,0
8569,12,12,24,0.0,0
8570,12,12,24,0.0,0
8571,12,12,24,0.0,0
8572,12,12,24,0.0,0
8573,12,12,24,0.0,0
8574,12,12,24,0.0,0
8575,12,12,24,0.0,0
8576,12,12,24,0.0,0
8577,12,12,24,0.0,0
8578,12,12,24,0.0,0
8579,12,12,24,0.0,0
8580,12,12,24,0.0,0
8581,12,12,24,0.0,0
8582,12,12,24,0.0,0
8583,12,12,24,0.0,0
8584,12,12,24,0.0,0
8585,12,12,24,0.0,0
8586,12,12,24,0.0,0
8587,12,12,24,0.0,0
8588,12,12,24,0.0,0
8589,12,12,24,0.0,0
8590,12,12,24,0.0,0
8591,12,12,24,0.0,0
8592,12,12,24,0.0,0
8593,12,12,24,0.0,0
8594,12,12,24,0.0,0
8595,12,12,24,0.0,0
8596,12,12,24,0.0,0
8597,12,12,24,0.0,0
8598,12,12,24,0.0,0
8599,12,12,24,0.0,0
8600,12,12,24,0.0,0
8601,12,12,24,0.0,0
8602,12,12,24,0.0,0
8603,12,12,24,0.0,0
8604,12,12,24,0.0,0
8605,12,12,24,0.0,0
8606,12,12,24,0.0,0
8607,12,12,24,0.0,0
8608,12,12,24,0.0,0
8609,12,12,24,0.0,0
8610,12,12,24,0.0,0
8611,12,12,24,0.0,0
8612,12,12,24,0.0,0
8613,12,12,24,0.0,0
8614,12,12,24,0.0,0
8615,12,12,24,0.0,0
8616,12,12,24,0.0,0
8617,12,12,24,0.0,0
8618,12,12,24,0.0,0
8619,12,12,24,0.0,0
8620,12,12,24,0.0,0
8621,12,12,24,0.0,0
8622,12,12,24,0.0,0
8623,12,12,24,0.0,0
8624,12,12,24,0.0,0
8625,12,12,24,0.0,0
8626,12,12,24,0.0,0
8627,12,12,24,0.0,0
8628,12,12,24,0.0,0
8629,12,12,24,0.0,0
8630,12,12,24,0.0,0
8631,12,12,24,0.0,0
8632,12,12,24,0.0,0
8633,12,12,24,0.0,0
8634,12,12,24,0.0,0
8635,12,12,24,0.0,0
8636,12,12,24,0.0,0
8637,12,12,24,0.0,0
8638,12,12,24,0.0,0
8639,12,12,24,0.0,0
8640,12,12,24,0.0,0
8641,12,12,24,0.0,0
8642,12,12,24,0.0,0
8643,12,12,24,0.0,0
8644,12,12,24,0.0,0
8645,12,12,24,0.0,0
8646,12,12,24,0.0,0
8647,12,12,24,0.0,0
8648,12,12,24,0.0,0
8649,12,12,24,0.0,0
8650,12,12,24,0.0,0
8651,12,12,24,0.0,0
8652,12,12,24,0.0,0
8653,12,12,24,0.0,0
8654,12,12,24,0.0,0
8655,12,12,24,0.0,0
8656,12,12,24,0.0,0
8657,12,12,24,0.0,0
8658,12,12,24,0.0,0
8659,12,12,24,0.0,0
8660,12,12,24,0.0,0
8661,12,12,24,0.0,0
8662,12,12,24,0.0,0
8663,12,12,24,0.0,0
8664,12,12,24,0.0,0
8665,12,12,24,0.0,0
8666,12,12,24,0.0,0
8667,12,12,24,0.0,0
8668,12,12,24,0.0,0
8669,12,12,24,0.0,0
8670,12,12,24,0.0,0
8671,12,12,24,0.0,0
8672,12,12,24,0.0,0
8673,12,12,24,0.0,0
8674,12,12,24,0.0,0
8675,12,12,24,0.0,0
8676,12,12,24,0.0,0
8677,12,12,24,0.0,0
8678,12,12,24,0.0,0
8679,12,12,24,0.0,0
8680,12,12,24,0.0,0
8681,12,12,24,0.0,0
8682,12,12,24,0.0,0
8683,12,12,24,0.0,0
8684,12,12,24,0.0,0
8685,12,12,24,0.0,0
8686,12,12,24,0.0,0
8687,12,12,24,0.0,0
8688,12,12,24,0.0,0
8689,12,12,24,0.0,0
8690,12,12,24,0.0,0
8691,12,12,24,0.0,0
8692,12,12,24,0.0,0
8693,12,12,24,0.0,0
8694,12,12,24,0.0,0
8695,12,12,24,0.0,0
8696,12,12,24,0.0,0
8697,12,12,24,0.0,0
8698,12,12,24,0.0,0
8699,12,12,24,0.0,0
8700,12,12,24,0.0,0
8701,12,12,24,0.0,0
8702,12,12,24,0.0,0
8703,12,12,24,0.0,0
8704,12,12,24,0.0,0
8705,12,12,24,0.0,0
8706,12,12,24,0.0,0
8707,12,12,24,0.0,0
8708,12,12,24,0.0,0
8709,12,12,24,0.0,0
8710,12,12,24,0.0,0
8711,12,12,24,0.0,0
8712,12,12,24,0.0,0
8713,12,12,24,0.0,0
8714,12,12,24,0.0,0
8715,12,12,24,0.0,0
8716,12,12,24,0.0,0
8717,12,12,24,0.0,0
8718,12,12,24,0.0,0
8719,12,12,24,0.0,0
8720,12,12,24,0.0,0
8721,12,12,24,0.0,0
8722,12,12,24,0.0,0
8723,12,12,24,0.0,0
8724,12,12,24,0.0,0
8725,12,12,24,0.0,0
8726,12,12,24,0.0,0
8727,12,12,24,0.0,0
8728,12,12,24,0.0,0
8729,12,12,24,0.0,0
8730,12,12,24,0.0,0
8731,12,12,24,0.0,0
8732,12,12,24,0.0,0
8733,12,12,24,0.0,0
8734,12,12,24,0.0,0
8735,12,12,24,0.0,0
8736,12,12,24,0.0,0
8737,12,12,24,0.0,0
8738,12,12,24,0.0,0
8739,12,12,24,0.0,0
8740,12,12,24,0.0,0
8741,12,12,24,0.0,0
8742,12,12,24,0.0,0
8743,12,12,24,0.0,0
8744,12,12,24,0.0,0
8745,12,12,24,0.0,0
8746,12,12,24,0.0,0
8747,12,12,24,0.0,0
8748,12,12,24,0.0,0
8749,12,12,24,0.0,0
8750,12,12,24,0.0,0
8751,12,12,24,0.0,0
8752,12,12,24,0.0,0
8753,12,12,24,0.0,0
8754,12,12,24,0.0,0
8755,12,12,24,0.0,0
8756,12,12,24,0.0,0
8757,12,12,24,0.0,0
8758,12,12,24,0.0,0
8759,12,12,24,0.0,0
8760,12,12,24,0.0,0
8761,12,12,24,0.0,0
8762,12,12,24,0.0,0
8763,12,12,24,0.0,0
8764,12,12,24,0.0,0
8765,12,12,24,0.0,0
8766,12,12,24,0.0,0
8767,12,12,24,0.0,0
8768,12,12,24,0.0,0
8769,12,12,24,0.0,0
8770,12,12,24,0.0,0
8771,12,12,24,0.0,0
8772,12,12,24,0.0,0
8773,12,12,24,0.0,0
8774,12,12,24,0.0,0
8775,12,12,24,0.0,0
8776,12,12,24,0.0,0
8777,12,12,24,0.0,0
8778,12,12,24,0.0,0
8779,12,12,24,0.0,0
8780,12,12,24,0.0,0
8781,12,12,24,0.0,0
8782,12,12,24,0.0,0
8783,12,12,24,0.0,0
8784,12,12,24,0.0,0
8785,12,12,24,0.0,0
8786,12,12,24,0.0,0
8787,12,12,24,0.0,0
8788,12,12,24,0.0,0
8789,12,12,24,0.0,0
8790,12,12,24,0.0,0
8791,12,12,24,0.0,0
8792,12,12,24,0.0,0
8793,12,12,24,0.0,0
8794,12,12,24,0.0,0
8795,12,12,24,0.0,0
8796,12,12,24,0.0,0
8797,12,12,24,0.0,0
8798,12,12,24,0.0,0
8799,12,12,24,0.0,0
8800,12,12,24,0.0,0
8801,12,12,24,0.0,0
8802,12,12,24,0.0,0
8803,12,12,24,0.0,0
8804,12,12,24,0.0,0
8805,12,12,24,0.0,0
8806,12,12,24,0.0,0
8807,12,12,24,0.0,0
8808,12,12,24,0.0,0
8809,12,12,24,0.0,0
8810,12,12,24,0.0,0
8811,12,12,24,0.0,0
8812,12,12,24,0.0,0
8813,12,12,24,0.0,0
8814,12,12,24,0.0,0
8815,12,12,24,0.0,0
8816,12,12,24,0.0,0
8817,12,12,24,0.0,0
8818,12,12,24,0.0,0
8819,12,12,24,0.0,0
8820,12,12,24,0.0,0
8821,12,12,24,0.0,0
8822,12,12,24,0.0,0
8823,12,12,24,0.0,0
8824,12,12,24,0.0,0
8825,12,12,24,0.0,0
8826,12,12,24,0.0,0
8827,12,12,24,0.0,0
8828,12,12,24,0.0,0
8829,12,12,24,0.0,0
8830,12,12,24,0.0,0
8831,12,12,24,0.0,0
8832,12,12,24,0.0,0
8833,12,12,24,0.0,0
8834,12,12,24,0.0,0
8835,12,12,24,0.0,0
8836,12,12,24,0.0,0
8837,12,12,24,0.0,0
8838,12,12,24,0.0,0
8839,12,12,24,0.0,0
8840,12,12,24,0.0,0
8841,12,12,24,0.0,0
8842,12,12,24,0.0,0
8843,12,12,24,0.0,0
8844,12,12,24,0.0,0
8845,12,12,24,0.0,0
8846,12,12,24,0.0,0
8847,12,12,24,0.0,0
8848,12,12,24,0.0,0
8849,12,12,24,0.0,0
8850,12,12,24,0.0,0
8851,12,12,24,0.0,0
8852,12,12,24,0.0,0
8853,12,12,24,0.0,0
8854,12,12,24,0.0,0
8855,12,12,24,0.0,0
8856,12,12,24,0.0,0
8857,12,12,24,0.0,0
8858,12,12,24,0.0,0
8859,12,12,24,0.0,0
8860,12,12,24,0.0,0
8861,12,12,24,0.0,0
8862,12,12,24,0.0,0
8863,12,12,24,0.0,0
8864,12,12,24,0.0,0
8865,12,12,24,0.0,0
8866,12,12,24,0.0,0
8867,12,12,24,0.0,0
8868,12,12,24,0.0,0
8869,12,13,25,0.0,0
8870,12,13,25,0.0,0
8871,12,13,25,0.0,0
8872,12,13,25,0.0,0
8873,12,13,25,0.0,0
8874,12,13,25,0.0,0
8875,12,13,25,0.0,0
8876,12,13,25,0.0,0
8877,12,13,25,0.0,0
8878,12,13,25,0.0,0
8879,12,13,25,0.0,0
8880,12,13,25,0.0,0
8881,12,13,25,0.0,0
8882,12,13,25,0.0,0
8883,12,13,25,0.0,0
8884,12,13,25,0.0,0
8885,12,13,25,0.0,0
8886,12,13,25,0.0,0
8887,12,13,25,0.0,0
8888,12,13,25,0.0,0
8889,12,13,25,0.0,0
8890,12,13,25,0.0,0
8891,12,13,25,0.0,0
8892,12,13,25,0.0,0
8893,12,13,25,0.0,0
8894,12,13,25,0.0,0
8895,12,13,25,0.0,0
8896,12,13,25,0.0,0
8897,12,13,25,0.0,0
8898,12,13,25,0.0,0
8899,12,13,25,0.0,0
8900,12,13,25,0.0,0
8901,12,13,25,0.0,0
8902,12,13,25,0.0,0
8903,12,13,25,0.0,0
8904,12,13,25,0.0,0
8905,12,13,25,0.0,0
8906,12,13,25,0.0,0
8907,12,13,25,0.0,0
8908,12,13,25,0.0,0
8909,12,13,25,0.0,0
8910,12,13,25,0.0,0
8911,12,13,25,0.0,0
8912,12,13,25,0.0,0
8913,12,13,25,0.0,0
8914,12,13,25,0.0,0
8915,12,13,25,0.0,0
8916,12,13,25,0.0,0
8917,12,13,25,0.0,0
8918,12,13,25,0.0,0
8919,12,13,25,0.0,0
8920,12,13,25,0.0,0
8921,12,13,25,0.0,0
8922,12,13,25,0.0,0
8923,12,13,25,0.0,0
8924,12,13,25,0.0,0
8925,12,13,25,0.0,0
8926,12,13,25,0.0,0
8927,12,13,25,0.0,0
8928,12,13,25,0.0,0
8929,12,13,25,0.0,0
8930,12,13,25,0.0,0
8931,12,13,25,0.0,0
8932,12,13,25,0.0,0
8933,12,13,25,0.0,0
8934,12,13,25,0.0,0
8935,12,13,25,0.0,0
8936,12,13,25,0.0,0
8937,12,13,25,0.0,0
8938,12,13,25,0.0,0
8939,12,13,25,0.0,0
8940,12,13,25,0.0,0
8941,12,13,25,0.0,0
8942,12,13,25,0.0,0
8943,12,13,25,0.0,0
8944,12,13,25,0.0,0
8945,12,13,25,0.0,0
8946,12,13,25,0.0,0
8947,12,13,25,0.0,0
8948,12,13,25,0.0,0
8949,12,13,25,0.0,0
8950,12,13,25,0.0,0
8951,12,13,25,0.0,0
8952,12,13,25,0.0,0
8953,12,13,25,0.0,0
8954,12,13,25,0.0,0
8955,12,13,25,0.0,0
8956,12,13,25,0.0,0
8957,12,13,25,0.0,0
8958,12,13,25,0.0,0
8959,12,13,25,0.0,0
8960,12,13,25,0.0,0
8961,12,13,25,0.0,0
8962,12,13,25,0.0,0
8963,12,13,25,0.0,0
8964,12,13,25,0.0,0
8965,12,13,25,0.0,0
8966,12,13,25,0.0,0
8967,12,13,25,0.0,0
8968,12,13,25,0.0,0
8969,12,13,25,0.0,0
8970,12,13,25,0.0,0
8971,12,13,25,0.0,0
8972,12,13,25,0.0,0
8973,12,13,25,0.0,0
8974,12,13,25,0.0,0
8975,12,13,25,0.0,0
8976,12,13,25,0.0,0
8977,12,13,25,0.0,0
8978,12,13,25,0.0,0
8979,12,13,25,0.0,0
8980,12,13,25,0.0,0
8981,12,13,25,0.0,0
8982,12,13,25,0.0,0
8983,12,13,25,0.0,0
8984,12,13,25,0.0,0
8985,12,13,25,0.0,0
8986,12,13,25,0.0,0
8987,12,13,25,0.0,0
8988,12,13,25,0.0,0
8989,12,13,25,0.0,0
8990,12,13,25,0.0,0
8991,12,13,25,0.0,0
8992,12,13,25,0.0,0
8993,12,13,25,0.0,0
8994,12,13,25,0.0,0
8995,12,13,25,0.0,0
8996,12,13,25,0.0,0
8997,12,13,25,0.0,0
8998,12,13,25,0.0,0
8999,12,13,25,0.0,0
9000,12,13,25,0.0,0
9001,12,13,25,0.0,0
9002,12,13,25,0.0,0
9003,12,13,25,0.0,0
9004,12,13,25,0.0,0
9005,12,13,25,0.0,0
9006,12,13,25,0.0,0
9007,12,13,25,0.0,0
9008,12,13,25,0.0,0
9009,12,13,25,0.0,0
9010,12,13,25,0.0,0
9011,12,13,25,0.0,0
9012,12,13,25,0.0,0
9013,12,13,25,0.0,0
9014,12,13,25,0.0,0
9015,12,13,25,0.0,0
9016,12,13,25,0.0,0
9017,12,13,25,0.0,0
9018,12,13,25,0.0,0
9019,12,13,25,0.0,0
9020,12,13,25,0.0,0
9021,12,13,25,0.0,0
9022,12,13,25,0.0,0
9023,12,13,25,0.0,0
9024,12,13,25,0.0,0
9025,12,13,25,0.0,0
9026,12,13,25,0.0,0
9027,12,13,25,0.0,0
9028,12,13,25,0.0,0
9029,12,13,25,0.0,0
9030,12,13,25,0.0,0
9031,12,13,25,0.0,0
9032,12,13,25,0.0,0
9033,12,13,25,0.0,0
9034,12,13,25,0.0,0
9035,12,13,25,0.0,0
9036,12,13,25,0.0,0
9037,12,13,25,0.0,0
9038,12,13,25,0.0,0
9039,12,13,25,0.0,0
9040,12,13,25,0.0,0
9041,12,13,25,0.0,0
9042,12,13,25,0.0,0
9043,12,13,25,0.0,0
9044,12,13,25,0.0,0
9045,12,13,25,0.0,0
9046,12,13,25,0.0,0
9047,12,13,25,0.0,0
9048,12,13,25,0.0,0
9049,12,13,25,0.0,0
9050,12,13,25,0.0,0
9051,12,13,25,0.0,0
9052,12,13,25,0.0,0
9053,12,13,25,0.0,0
9054,12,13,25,0.0,0
9055,12,13,25,0.0,0
9056,12,13,25,0.0,0
9057,12,13,25,0.0,0
9058,12,13,25,0.0,0
9059,12,13,25,0.0,0
9060,12,13,25,0.0,0
9061,12,13,25,0.0,0
9062,12,13,25,0.0,0
9063,12,13,25,0.0,0
9064,12,13,25,0.0,0
9065,12,13,25,0.0,0
9066,12,13,25,0.0,0
9067,12,13,25,0.0,0
9068,12,13,25,0.0,0
9069,12,13,25,0.0,0
9070,12,13,25,0.0,0
9071,12,13,25,0.0,0
9072,12,13,25,0.0,0
9073,12,13,25,0.0,0
9074,12,13,25,0.0,0
9075,12,13,25,0.0,0
9076,12,13,25,0.0,0
9077,12,13,25,0.0,0
9078,12,13,25,0.0,0
9079,12,13,25,0.0,0
9080,12,13,25,0.0,0
9081,12,13,25,0.0,0
9082,12,13,25,0.0,0
9083,12,13,25,0.0,0
9084,12,13,25,0.0,0
9085,12,13,25,0.0,0
9086,12,13,25,0.0,0
9087,12,13,25,0.0,0
9088,12,13,25,0.0,0
9089,12,13,25,0.0,0
9090,12,13,25,0.0,0
9091,12,13,25,0.0,0
9092,12,13,25,0.0,0
9093,12,13,25,0.0,0
9094,12,13,25,0.0,0
9095,12,13,25,0.0,0
9096,12,13,25,0.0,0
9097,12,13,25,0.0,0
9098,12,13,25,0.0,0
9099,12,13,25,0.0,0
9100,12,13,25,0.0,0
9101,12,13,25,0.0,0
9102,12,13,25,0.0,0
9103,12,13,25,0.0,0
9104,12,13,25,0.0,0
9105,12,13,25,0.0,0
9106,12,13,25,0.0,0
9107,12,13,25,0.0,0
9108,12,13,25,0.0,0
9109,12,13,25,0.0,0
9110,12,13,25,0.0,0
9111,12,13,25,0.0,0
9112,12,13,25,0.0,0
9113,12,13,25,0.0,0
9114,12,13,25,0.0,0
9115,12,13,25,0.0,0
9116,12,13,25,0.0,0
9117,12,13,25,0.0,0
9118,12,13,25,0.0,0
9119,12,13,25,0.0,0
9120,12,13,25,0.0,0
9121,12,13,25,0.0,0
9122,12,13,25,0.0,0
9123,12,13,25,0.0,0
9124,12,13,25,0.0,0
9125,12,13,25,0.0,0
9126,12,13,25,0.0,0
9127,12,13,25,0.0,0
9128,12,13,25,0.0,0
9129,12,13,25,0.0,0
9130,12,13,25,0.0,0
9131,12,13,25,0.0,0
9132,12,13,25,0.0,0
9133,12,13,25,0.0,0
9134,12,13,25,0.0,0
9135,12,13,25,0.0,0
9136,12,13,25,0.0,0
9137,12,13,25,0.0,0
9138,12,13,25,0.0,0
9139,12,13,25,0.0,0
9140,12,13,25,0.0,0
9141,12,13,25,0.0,0
9142,12,13,25,0.0,0
9143,12,13,25,0.0,0
9144,12,13,25,0.0,0
9145,12,13,25,0.0,0
9146,12,13,25,0.0,0
9147,12,13,25,0.0,0
9148,12,13,25,0.0,0
9149,12,13,25,0.0,0
9150,12,13,25,0.0,0
9151,12,13,25,0.0,0
9152,12,13,25,0.0,0
9153,12,13,25,0.0,0
9154,12,13,25,0.0,0
9155,12,13,25,0.0,0
9156,12,13,25,0.0,0
9157,12,13,25,0.0,0
9158,12,13,25,0.0,0
9159,12,13,25,0.0,0
9160,12,13,25,0.0,0
9161,12,13,25,0.0,0
9162,12,13,25,0.0,0
9163,12,13,25,0.0,0
9164,12,13,25,0.0,0
9165,12,13,25,0.0,0
9166,12,13,25,0.0,0
9167,12,13,25,0.0,0
9168,12,13,25,0.0,0
9169,12,13,25,0.0,0
9170,12,13,25,0.0,0
9171,12,13,25,0.0,0
9172,12,13,25,0.0,0
9173,12,13,25,0.0,0
9174,12,13,25,0.0,0
9175,12,13,25,0.0,0
9176,12,13,25,0.0,0
9177,12,13,25,0.0,0
9178,12,13,25,0.0,0
9179,12,13,25,0.0,0
9180,12,13,25,0.0,0
9181,12,13,25,0.0,0
9182,12,13,25,0.0,0
9183,12,13,25,0.0,0
9184,12,13,25,0.0,0
9185,12,13,25,0.0,0
9186,12,13,25,0.0,0
9187,12,13,25,0.0,0
9188,12,13,25,0.0,0
9189,12,13,25,0.0,0
9190,12,13,25,0.0,0
9191,12,13,25,0.0,0
9192,12,13,25,0.0,0
9193,12,13,25,0.0,0
9194,12,13,25,0.0,0
9195,12,13,25,0.0,0
9196,12,13,25,0.0,0
9197,12,13,25,0.0,0
9198,12,13,25,0.0,0
9199,12,13,25,0.0,0
9200,12,13,25,0.0,0
9201,12,13,25,0.0,0
9202,12,13,25,0.0,0
9203,12,13,25,0.0,0
9204,12,13,25,0.0,0
9205,12,13,25,0.0,0
9206,12,13,25,0.0,0
9207,12,13,25,0.0,0
9208,12,13,25,0.0,0
9209,12,13,25,0.0,0
9210,12,13,25,0.0,0
9211,12,13,25,0.0,0
9212,12,13,25,0.0,0
9213,12,13,25,0.0,0
9214,12,13,25,0.0,0
9215,12,13,25,0.0,0
9216,12,13,25,0.0,0
9217,12,13,25,0.0,0
9218,12,13,25,0.0,0
9219,12,13,25,1.0,1
9220,12,13,25,2.0,2
9221,12,13,25,3.0,3
9222,12,13,25,4.0,4
9223,12,13,25,5.0,5
9224,12,13,25,6.0,6
9225,12,13,25,7.0,7
9226,12,13,25,8.0,8
9227,12,13,25,9.0,9
9228,12,13,25,10.0,10
9229,12,13,25,11.0,11
9230,12,13,25,12.0,12
9231,12,13,25,13.0,13
9232,12,13,25,14.0,14
9233,12,13,25,15.0,15
9234,12,13,25,16.0,16
9235,12,13,25,17.0,17
9236,12,13,25,18.0,18
9237,12,13,25,19.0,19
9238,12,13,25,20.0,20
9239,12,13,25,21.0,21
9240,12,13,25,22.0,22
9241,12,13,25,23.0,23
9242,12,13,25,24.0,24
9243,12,13,25,25.0,25
9244,12,13,25,26.0,26
9245,12,13,25,27.0,27
9246,12,13,25,28.0,28
9247,12,13,25,29.0,29
9248,12,13,25,30.0,30
9249,12,13,25,31.0,31
9250,12,13,25,32.0,32
9251,12,13,25,33.0,33
9252,12,13,25,34.0,34
9253,12,13,25,35.0,35
9254,12,13,25,36.0,36
9255,12,13,25,37.0,37
9256,12,13,25,38.0,38
9257,12,13,25,39.0,39
9258,12,13,25,40.0,40
9259,12,13,25,41.0,41
9260,12,13,25,42.0,42
9261,12,13,25,43.0,43
9262,12,13,25,44.0,44
9263,12,13,25,45.0,45
9264,12,13,25,46.0,46
9265,12,13,25,47.0,47
9266,12,13,25,48.0,48
9267,12,13,25,49.0,49
9268,12,13,25,50.0,50
9269,12,13,25,51.0,51
9270,12,13,25,52.0,52
9271,12,13,25,53.0,53
9272,12,13,25,54.0,54
9273,12,13,25,55.0,55
9274,12,13,25,56.0,56
9275,12,13,25,57.0,57
9276,12,13,25,58.0,58
9277,12,13,25,59.0,59
9278,12,13,25,60.0,60
9279,12,13,25,61.0,61
9280,12,13,25,62.0,62
9281,12,13,25,63.0,63
9282,12,13,25,64.0,64
9283,12,13,25,65.0,65
9284,12,13,25,66.0,66
9285,12,13,25,67.0,67
9286,12,13,25,68.0,68
9287,12,13,25,69.0,69
9288,12,13,25,70.0,70
9289,12,13,25,71.0,71
9290,12,13,25,72.0,72
9291,12,13,25,73.0,73
9292,12,13,25,74.0,74
9293,12,13,25,75.0,75
9294,12,13,25,76.0,76
9295,12,13,25,77.0,77
9296,12,13,25,78.0,78
9297,12,13,25,79.0,79
9298,12,13,25,80.0,80
9299,12,13,25,81.0,81
9300,12,13,25,82.0,82
9301,12,13,25,83.0,83
9302,12,13,25,84.0,84
9303,12,13,25,85.0,85
9304,12,13,25,86.0,86
9305,12,13,25,87.0,87
9306,12,13,25,88.0,88
9307,12,13,25,89.0,89
9308,12,13,25,90.0,90
9309,12,13,25,91.0,91
9310,12,13,25,92.0,92
9311,12,13,25,93.0,93
9312,12,13,25,94.0,94
9313,12,13,25,95.0,95
9314,12,13,25,96.0,96
9315,12,13,25,97.0,97
9316,12,13,25,98.0,98
9317,12,13,25,99.0,99
9318,12,13,25,100.0,100
9319,12,13,25,101.0,101
9320,12,13,25,102.0,102
9321,12,13,25,103.0,103
9322,12,13,25,104.0,104
9323,12,13,25,105.0,105
9324,12,13,25,106.0,106
9325,12,13,25,107.0,107
9326,12,13,25,108.0,108
9327,12,13,25,109.0,109
9328,12,13,25,110.0,110
9329,12,13,25,111.0,111
9330,12,13,25,112.0,112
9331,12,13,25,113.0,113
9332,12,13,25,114.0,114
9333,12,13,25,115.0,115
9334,12,13,25,116.0,116
9335,12,13,25,117.0,117
9336,12,13,25,118.0,118
9337,12,13,25,119.0,119
9338,12,13,25,120.0,120
9339,12,13,25,121.0,121
9340,12,13,25,122.0,122
9341,12,13,25,123.0,123
9342,12,13,25,124.0,124
9343,12,13,25,125.0,125
9344,12,13,25,126.0,126
9345,12,13,25,127.0,127
9346,12,13,25,128.0,128
9347,12,13,25,129.0,129
9348,12,13,25,130.0,130
9349,12,13,25,131.0,131
9350,12,13,25,132.0,132
9351,12,13,25,133.0,133
9352,12,13,25,134.0,134
9353,12,13,25,135.0,135
9354,12,13,25,136.0,136
9355,12,13,25,137.0,137
9356,12,13,25,138.0,138
9357,12,13,25,139.0,139
9358,12,13,25,140.0,140
9359,12,13,25,141.0,141
9360,12,13,25,142.0,142
9361,12,13,25,143.0,143
9362,12,13,25,144.0,144
9363,12,13,25,145.0,145
9364,12,13,25,146.0,146
9365,12,13,25,147.0,147
9366,12,13,25,148.0,148
9367,12,13,25,149.0,149
9368,12,13,25,150.0,150
9369,12,13,25,151.0,151
9370,12,13,25,152.0,152
9371,12,13,25,153.0,153
9372,12,13,25,154.0,154
9373,12,13,25,155.0,155
9374,12,13,25,156.0,156
9375,12,13,25,157.0,157
9376,12,13,25,158.0,158
9377,12,13,25,159.0,159
9378,12,13,25,160.0,160
9379,12,13,25,161.0,161
9380,12,13,25,162.0,162
9381,12,13,25,163.0,163
9382,12,13,25,164.0,164
9383,12,13,25,165.0,165
9384,12,13,25,166.0,166
9385,12,13,25,167.0,167
9386,12,13,25,168.0,168
9387,12,13,25,169.0,169
9388,12,13,25,170.0,170
9389,12,13,25,171.0,171
9390,13,13,26,172.0,172
9391,13,13,26,172.0,172
9392,13,13,26,172.0,172
9393,13,13,26,172.0,172
9394,13,13,26,172.0,172
9395,13,13,26,172.0,172
9396,13,13,26,172.0,172
9397,13,13,26,172.0,172
9398,13,13,26,172.0,172
9399,13,13,26,172.0,172
9400,13,13,26,172.0,172
9401,13,13,26,172.0,172
9402,13,13,26,172.0,172
9403,13,13,26,172.0,172
9404,13,13,26,172.0,172
9405,13,13,26,172.0,172
9406,13,13,26,172.0,172
9407,13,13,26,172.0,172
9408,13,13,26,172.0,172
9409,13,13,26,172.0,172
9410,13,13,26,172.0,172
9411,13,13,26,172.0,172
9412,13,13,26,172.0,172
9413,13,13,26,172.0,172
9414,13,13,26,172.0,172
9415,13,13,26,172.0,172
9416,13,13,26,172.0,172
9417,13,13,26,172.0,172
9418,13,13,26,172.0,172
9419,13,13,26,172.0,172
9420,13,13,26,172.0,172
9421,13,13,26,172.0,172
9422,13,13,26,172.0,172
9423,13,13,26,172.0,172
9424,13,13,26,172.0,172
9425,13,13,26,172.0,172
9426,13,13,26,172.0,172
9427,13,13,26,172.0,172
9428,13,13,26,172.0,172
9429,13,13,26,172.0,172
9430,13,13,26,172.0,172
9431,13,13,26,172.0,172
9432,13,13,26,172.0,172
9433,13,13,26,172.0,172
9434,13,13,26,172.0,172
9435,13,13,26,172.0,172
9436,13,13,26,172.0,172
9437,13,13,26,172.0,172
9438,13,13,26,172.0,172
9439,13,13,26,172.0,172
9440,13,13,26,172.0,172
9441,13,13,26,172.0,172
9442,13,13,26,172.0,172
9443,13,13,26,172.0,172
9444,13,13,26,172.0,172
9445,13,13,26,172.0,172
9446,13,13,26,172.0,172
9447,13,13,26,172.0,172
9448,13,13,26,172.0,172
9449,13,13,26,172.0,172
9450,13,13,26,172.0,172
9451,13,13,26,172.0,172
9452,13,13,26,172.0,172
9453,13,13,26,172.0,172
9454,13,13,26,172.0,172
9455,13,13,26,172.0,172
9456,13,13,26,172.0,172
9457,13,13,26,172.0,172
9458,13,13,26,172.0,172
9459,13,13,26,172.0,172
9460,13,13,26,172.0,172
9461,13,13,26,172.0,172
9462,13,13,26,0.0,0
9463,13,13,26,0.0,0
9464,13,13,26,0.0,0
9465,13,13,26,0.0,0
9466,13,13,26,0.0,0
9467,13,13,26,0.0,0
9468,13,13,26,0.0,0
9469,13,13,26,0.0,0
9470,13,13,26,0.0,0
9471,13,13,26,0.0,0
9472,13,13,26,0.0,0
9473,13,13,26,0.0,0
9474,13,13,26,0.0,0
9475,13,13,26,0.0,0
9476,13,13,26,0.0,0
9477,13,13,26,0.0,0
9478,13,13,26,0.0,0
9479,13,13,26,0.0,0
9480,13,13,26,0.0,0
9481,13,13,26,0.0,0
9482,13,13,26,0.0,0
9483,13,13,26,0.0,0
9484,13,13,26,0.0,0
9485,13,13,26,0.0,0
9486,13,13,26,0.0,0
9487,13,13,26,0.0,0
9488,13,13,26,0.0,0
9489,13,13,26,0.0,0
9490,13,13,26,0.0,0
9491,13,13,26,0.0,0
9492,13,13,26,0.0,0
9493,13,13,26,0.0,0
9494,13,13,26,0.0,0
9495,13,13,26,0.0,0
9496,13,13,26,0.0,0
9497,13,13,26,0.0,0
9498,13,13,26,0.0,0
9499,13,13,26,0.0,0
9500,13,13,26,0.0,0
9501,13,13,26,0.0,0
9502,13,13,26,0.0,0
9503,13,13,26,0.0,0
9504,13,13,26,0.0,0
9505,13,13,26,0.0,0
9506,13,13,26,0.0,0
9507,13,13,26,0.0,0
9508,13,13,26,0.0,0
9509,13,13,26,0.0,0
9510,13,13,26,0.0,0
9511,13,13,26,0.0,0
9512,13,13,26,0.0,0
9513,13,13,26,0.0,0
9514,13,13,26,0.0,0
9515,13,13,26,0.0,0
9516,13,13,26,0.0,0
9517,13,13,26,0.0,0
9518,13,13,26,0.0,0
9519,13,13,26,0.0,0
9520,13,13,26,0.0,0
9521,13,13,26,0.0,0
9522,13,13,26,0.0,0
9523,13,13,26,0.0,0
9524,13,13,26,0.0,0
9525,13,13,26,0.0,0
9526,13,13,26,0.0,0
9527,13,13,26,0.0,0
9528,13,13,26,0.0,0
9529,13,13,26,0.0,0
9530,13,13,26,0.0,0
9531,13,13,26,0.0,0
9532,13,13,26,0.0,0
9533,13,13,26,0.0,0
9534,13,13,26,0.0,0
9535,13,13,26,0.0,0
9536,13,13,26,0.0,0
9537,13,13,26,0.0,0
9538,13,13,26,0.0,0
9539,13,13,26,0.0,0
9540,13,13,26,0.0,0
9541,13,13,26,0.0,0
9542,13,13,26,0.0,0
9543,13,13,26,0.0,0
9544,13,13,26,0.0,0
9545,13,13,26,0.0,0
9546,13,13,26,0.0,0
9547,13,13,26,0.0,0
9548,13,13,26,0.0,0
9549,13,13,26,0.0,0
9550,13,13,26,0.0,0
9551,13,13,26,0.0,0
9552,13,13,26,0.0,0
9553,13,13,26,0.0,0
9554,13,13,26,0.0,0
9555,13,13,26,0.0,0
9556,13,13,26,0.0,0
9557,13,13,26,0.0,0
9558,13,13,26,0.0,0
9559,13,13,26,0.0,0
9560,13,13,26,0.0,0
9561,13,13,26,0.0,0
9562,13,13,26,0.0,0
9563,13,13,26,0.0,0
9564,13,13,26,0.0,0
9565,13,13,26,0.0,0
9566,13,13,26,0.0,0
9567,13,13,26,0.0,0
9568,13,13,26,0.0,0
9569,13,13,26,0.0,0
9570,13,13,26,0.0,0
9571,13,13,26,0.0,0
9572,13,13,26,0.0,0
9573,13,13,26,0.0,0
9574,13,13,26,0.0,0
9575,13,13,26,0.0,0
9576,13,13,26,0.0,0
9577,13,13,26,0.0,0
9578,13,13,26,0.0,0
9579,13,13,26,0.0,0
9580,13,13,26,0.0,0
9581,13,13,26,0.0,0
9582,13,13,26,0.0,0
9583,13,13,26,0.0,0
9584,13,13,26,0.0,0
9585,13,13,26,0.0,0
9586,13,13,26,0.0,0
9587,13,13,26,0.0,0
9588,13,13,26,0.0,0
9589,13,13,26,0.0,0
9590,13,13,26,0.0,0
9591,13,13,26,0.0,0
9592,13,13,26,0.0,0
9593,13,13,26,0.0,0
9594,13,13,26,0.0,0
9595,13,13,26,0.0,0
9596,13,13,26,0.0,0
9597,13,13,26,0.0,0
9598,13,13,26,0.0,0
9599,13,13,26,0.0,0
9600,13,13,26,0.0,0
9601,13,13,26,0.0,0
9602,13,13,26,0.0,0
9603,13,13,26,0.0,0
9604,13,13,26,0.0,0
9605,13,13,26,0.0,0
9606,13,13,26,0.0,0
9607,13,13,26,0.0,0
9608,13,13,26,0.0,0
9609,13,13,26,0.0,0
9610,13,13,26,0.0,0
9611,13,13,26,0.0,0
9612,13,13,26,0.0,0
9613,13,13,26,0.0,0
9614,13,13,26,0.0,0
9615,13,13,26,0.0,0
9616,13,13,26,0.0,0
9617,13,13,26,0.0,0
9618,13,13,26,0.0,0
9619,13,13,26,0.0,0
9620,13,13,26,0.0,0
9621,13,13,26,0.0,0
9622,13,13,26,0.0,0
9623,13,13,26,0.0,0
9624,13,13,26,0.0,0
9625,13,13,26,0.0,0
9626,13,13,26,0.0,0
9627,13,13,26,0.0,0
9628,13,13,26,0.0,0
9629,13,13,26,0.0,0
9630,13,13,26,0.0,0
9631,13,13,26,0.0,0
9632,13,13,26,0.0,0
9633,13,13,26,0.0,0
9634,13,13,26,0.0,0
9635,13,13,26,0.0,0
9636,13,13,26,0.0,0
9637,13,13,26,0.0,0
9638,13,13,26,0.0,0
9639,13,13,26,0.0,0
9640,13,13,26,0.0,0
9641,13,13,26,0.0,0
9642,13,13,26,0.0,0
9643,13,13,26,0.0,0
9644,13,13,26,0.0,0
9645,13,13,26,0.0,0
9646,13,13,26,0.0,0
9647,13,13,26,0.0,0
9648,13,13,26,0.0,0
9649,13,13,26,0.0,0
9650,13,13,26,0.0,0
9651,13,13,26,0.0,0
9652,13,13,26,0.0,0
9653,13,13,26,0.0,0
9654,13,13,26,0.0,0
9655,13,13,26,0.0,0
9656,13,13,26,0.0,0
9657,13,13,26,0.0,0
9658,13,13,26,0.0,0
9659,13,13,26,0.0,0
9660,13,13,26,0.0,0
9661,13,13,26,0.0,0
9662,13,13,26,0.0,0
9663,13,13,26,0.0,0
9664,13,13,26,0.0,0
9665,13,13,26,0.0,0
9666,13,13,26,0.0,0
9667,13,13,26,0.0,0
9668,13,13,26,0.0,0
9669,13,13,26,0.0,0
9670,13,13,26,0.0,0
9671,13,13,26,0.0,0
9672,13,13,26,0.0,0
9673,13,13,26,0.0,0
9674,13,13,26,0.0,0
9675,13,13,26,0.0,0
9676,13,13,26,0.0,0
9677,13,13,26,0.0,0
9678,13,13,26,0.0,0
9679,13,13,26,0.0,0
9680,13,13,26,0.0,0
9681,13,13,26,0.0,0
9682,13,13,26,0.0,0
9683,13,13,26,0.0,0
9684,13,13,26,0.0,0
9685,13,13,26,0.0,0
9686,13,13,26,0.0,0
9687,13,13,26,0.0,0
9688,13,13,26,0.0,0
9689,13,13,26,0.0,0
9690,13,13,26,0.0,0
9691,13,13,26,0.0,0
9692,13,13,26,0.0,0
9693,13,13,26,0.0,0
9694,13,13,26,0.0,0
9695,13,13,26,0.0,0
9696,13,13,26,0.0,0
9697,13,13,26,0.0,0
9698,13,13,26,0.0,0
9699,13,13,26,0.0,0
9700,13,13,26,0.0,0
9701,13,13,26,0.0,0
9702,13,13,26,0.0,0
9703,13,13,26,0.0,0
9704,13,13,26,0.0,0
9705,13,13,26,0.0,0
9706,13,13,26,0.0,0
9707,13,13,26,0.0,0
9708,13,13,26,0.0,0
9709,13,13,26,0.0,0
9710,13,13,26,0.0,0
9711,13,13,26,0.0,0
9712,13,13,26,0.0,0
9713,13,13,26,0.0,0
9714,13,13,26,0.0,0
9715,13,13,26,0.0,0
9716,13,13,26,0.0,0
9717,13,13,26,0.0,0
9718,13,13,26,0.0,0
9719,13,13,26,0.0,0
9720,13,13,26,0.0,0
9721,13,13,26,0.0,0
9722,13,13,26,0.0,0
9723,13,13,26,0.0,0
9724,13,13,26,0.0,0
9725,13,13,26,0.0,0
9726,13,13,26,0.0,0
9727,13,13,26,0.0,0
9728,13,13,26,0.0,0
9729,13,13,26,0.0,0
9730,13,13,26,0.0,0
9731,13,13,26,0.0,0
9732,13,13,26,0.0,0
9733,13,13,26,0.0,0
9734,13,13,26,0.0,0
9735,13,13,26,0.0,0
9736,13,13,26,0.0,0
9737,13,13,26,0.0,0
9738,13,13,26,0.0,0
9739,13,13,26,0.0,0
9740,13,13,26,0.0,0
9741,13,13,26,0.0,0
9742,13,13,26,0.0,0
9743,13,13,26,0.0,0
9744,13,13,26,0.0,0
9745,13,13,26,0.0,0
9746,13,13,26,0.0,0
9747,13,13,26,0.0,0
9748,13,13,26,0.0,0
9749,13,13,26,0.0,0
9750,13,13,26,0.0,0
9751,13,13,26,0.0,0
9752,13,13,26,0.0,0
9753,13,13,26,0.0,0
9754,13,13,26,0.0,0
9755,13,13,26,0.0,0
9756,13,13,26,0.0,0
9757,13,13,26,0.0,0
9758,13,13,26,0.0,0
9759,13,13,26,0.0,0
9760,13,13,26,0.0,0
9761,13,13,26,0.0,0
9762,13,13,26,0.0,0
9763,13,13,26,0.0,0
9764,13,13,26,0.0,0
9765,13,13,26,0.0,0
9766,13,13,26,0.0,0
9767,13,13,26,0.0,0
9768,13,13,26,0.0,0
9769,13,13,26,0.0,0
9770,13,13,26,0.0,0
9771,13,13,26,0.0,0
9772,13,13,26,0.0,0
9773,13,13,26,0.0,0
9774,13,13,26,0.0,0
9775,13,13,26,0.0,0
9776,13,13,26,0.0,0
9777,13,13,26,0.0,0
9778,13,13,26,0.0,0
9779,13,13,26,0.0,0
9780,13,13,26,0.0,0
9781,13,13,26,0.0,0
9782,13,13,26,0.0,0
9783,13,13,26,0.0,0
9784,13,13,26,0.0,0
9785,13,13,26,0.0,0
9786,13,13,26,0.0,0
9787,13,13,26,0.0,0
9788,13,13,26,0.0,0
9789,13,13,26,0.0,0
9790,13,13,26,0.0,0
9791,13,13,26,0.0,0
9792,13,13,26,0.0,0
9793,13,13,26,0.0,0
9794,13,13,26,0.0,0
9795,13,13,26,0.0,0
9796,13,13,26,0.0,0
9797,13,13,26,0.0,0
9798,13,13,26,0.0,0
9799,13,13,26,0.0,0
9800,13,13,26,0.0,0
9801,13,13,26,0.0,0
9802,13,13,26,0.0,0
9803,13,13,26,0.0,0
9804,13,13,26,0.0,0
9805,13,13,26,0.0,0
9806,13,13,26,0.0,0
9807,13,13,26,0.0,0
9808,13,13,26,0.0,0
9809,13,13,26,0.0,0
9810,13,13,26,0.0,0
9811,13,13,26,0.0,0
9812,13,13,26,0.0,0
9813,13,13,26,0.0,0
9814,13,13,26,0.0,0
9815,13,13,26,0.0,0
9816,13,13,26,0.0,0
9817,13,13,26,0.0,0
9818,13,13,26,0.0,0
9819,13,13,26,0.0,0
9820,13,13,26,0.0,0
9821,13,13,26,0.0,0
9822,13,13,26,0.0,0
9823,13,13,26,0.0,0
9824,13,13,26,0.0,0
9825,13,13,26,0.0,0
9826,13,13,26,0.0,0
9827,13,13,26,0.0,0
9828,13,13,26,0.0,0
9829,13,13,26,0.0,0
9830,13,13,26,0.0,0
9831,13,13,26,0.0,0
9832,13,13,26,0.0,0
9833,13,13,26,0.0,0
9834,13,13,26,0.0,0
9835,13,13,26,0.0,0
9836,13,13,26,0.0,0
9837,13,13,26,0.0,0
9838,13,13,26,0.0,0
9839,13,13,26,0.0,0
9840,13,13,26,0.0,0
9841,13,13,26,0.0,0
9842,13,13,26,0.0,0
9843,13,13,26,0.0,0
9844,13,13,26,0.0,0
9845,13,13,26,0.0,0
9846,13,13,26,0.0,0
9847,13,13,26,0.0,0
9848,13,13,26,0.0,0
9849,13,13,26,0.0,0
9850,13,13,26,0.0,0
9851,13,13,26,0.0,0
9852,13,13,26,0.0,0
9853,13,13,26,0.0,0
9854,13,13,26,0.0,0
9855,13,13,26,0.0,0
9856,13,13,26,0.0,0
9857,13,13,26,0.0,0
9858,13,13,26,0.0,0
9859,13,13,26,0.0,0
9860,13,13,26,0.0,0
9861,13,13,26,0.0,0
9862,13,13,26,0.0,0
9863,13,13,26,0.0,0
9864,13,13,26,0.0,0
9865,13,13,26,0.0,0
9866,13,13,26,0.0,0
9867,13,13,26,0.0,0
9868,13,13,26,0.0,0
9869,13,13,26,0.0,0
9870,13,13,26,0.0,0
9871,13,13,26,0.0,0
9872,13,13,26,0.0,0
9873,13,13,26,0.0,0
9874,13,13,26,0.0,0
9875,13,13,26,0.0,0
9876,13,13,26,0.0,0
9877,13,13,26,0.0,0
9878,13,13,26,0.0,0
9879,13,13,26,0.0,0
9880,13,13,26,0.0,0
9881,13,13,26,0.0,0
9882,13,13,26,0.0,0
9883,13,13,26,0.0,0
9884,13,13,26,0.0,0
9885,13,13,26,0.0,0
9886,13,13,26,0.0,0
9887,13,13,26,0.0,0
9888,13,13,26,0.0,0
9889,13,13,26,0.0,0
9890,13,13,26,0.0,0
9891,13,13,26,0.0,0
9892,13,13,26,0.0,0
9893,13,13,26,0.0,0
9894,13,13,26,0.0,0
9895,13,13,26,0.0,0
9896,13,13,26,0.0,0
9897,13,13,26,0.0,0
9898,13,13,26,0.0,0
9899,13,13,26,0.0,0
9900,13,13,26,0.0,0
9901,13,13,26,0.0,0
9902,13,13,26,0.0,0
9903,13,13,26,0.0,0
9904,13,13,26,0.0,0
9905,13,13,26,0.0,0
9906,13,13,26,0.0,0
9907,13,13,26,0.0,0
9908,13,13,26,0.0,0
9909,13,13,26,0.0,0
9910,13,13,26,0.0,0
9911,13,13,26,0.0,0
9912,13,13,26,0.0,0
9913,13,13,26,0.0,0
9914,13,13,26,0.0,0
9915,13,13,26,0.0,0
9916,13,13,26,0.0,0
9917,13,13,26,0.0,0
9918,13,13,26,0.0,0
9919,13,13,26,0.0,0
9920,13,13,26,0.0,0
9921,13,13,26,0.0,0
9922,13,13,26,0.0,0
9923,13,13,26,0.0,0
9924,13,13,26,0.0,0
9925,13,13,26,0.0,0
9926,13,13,26,0.0,0
9927,13,13,26,0.0,0
9928,13,13,26,0.0,0
9929,13,13,26,0.0,0
9930,13,13,26,0.0,0
9931,13,13,26,0.0,0
9932,13,13,26,0.0,0
9933,13,13,26,0.0,0
9934,13,13,26,0.0,0
9935,13,13,26,0.0,0
9936,13,13,26,0.0,0
9937,13,13,26,0.0,0
9938,13,13,26,0.0,0
9939,13,13,26,0.0,0
9940,13,13,26,0.0,0
9941,13,13,26,0.0,0
9942,13,13,26,0.0,0
9943,13,13,26,0.0,0
9944,13,13,26,0.0,0
9945,13,13,26,0.0,0
9946,13,13,26,0.0,0
9947,13,13,26,0.0,0
9948,13,13,26,0.0,0
9949,13,13,26,0.0,0
9950,13,13,26,0.0,0
9951,13,13,26,0.0,0
9952,13,13,26,0.0,0
9953,13,13,26,0.0,0
9954,13,13,26,0.0,0
9955,13,13,26,0.0,0
9956,13,13,26,0.0,0
9957,13,13,26,0.0,0
9958,13,13,26,0.0,0
9959,13,13,26,0.0,0
9960,13,13,26,0.0,0
9961,13,13,26,0.0,0
9962,13,13,26,0.0,0
9963,13,13,26,0.0,0
9964,13,13,26,0.0,0
9965,13,13,26,0.0,0
9966,13,13,26,0.0,0
9967,13,13,26,0.0,0
9968,13,13,26,0.0,0
9969,13,13,26,0.0,0
9970,13,13,26,0.0,0
9971,13,13,26,0.0,0
9972,13,13,26,0.0,0
9973,13,13,26,0.0,0
9974,13,13,26,0.0,0
9975,13,13,26,0.0,0
9976,13,13,26,0.0,0
9977,13,13,26,0.0,0
9978,13,13,26,0.0,0
9979,13,13,26,0.0,0
9980,13,13,26,0.0,0
9981,13,13,26,0.0,0
9982,13,13,26,0.0,0
9983,13,13,26,0.0,0
9984,13,13,26,0.0,0
9985,13,13,26,0.0,0
9986,13,13,26,0.0,0
9987,13,13,26,0.0,0
9988,13,13,26,0.0,0
9989,13,14,27,0.0,0
9990,13,14,27,0.0,0
9991,13,14,27,0.0,0
9992,13,14,27,0.0,0
9993,13,14,27,0.0,0
9994,13,14,27,0.0,0
9995,13,14,27,0.0,0
9996,13,14,27,0.0,0
9997,13,14,27,0.0,0
9998,13,14,27,0.0,0
9999,13,14,27,0.0,0
10000,13,14,27,0.0,0
10001,13,14,27,0.0,0
10002,13,14,27,0.0,0
10003,13,14,27,0.0,0
10004,13,14,27,0.0,0
10005,13,14,27,0.0,0
10006,13,14,27,0.0,0
10007,13,14,27,0.0,0
10008,13,14,27,0.0,0
10009,13,14,27,0.0,0
10010,13,14,27,0.0,0
10011,13,14,27,0.0,0
10012,13,14,27,0.0,0
10013,13,14,27,0.0,0
10014,13,14,27,0.0,0
10015,13,14,27,0.0,0
10016,13,14,27,0.0,0
10017,13,14,27,0.0,0
10018,13,14,27,0.0,0
10019,13,14,27,0.0,0
10020,13,14,27,0.0,0
10021,13,14,27,0.0,0
10022,13,14,27,0.0,0
10023,13,14,27,0.0,0
10024,13,14,27,0.0,0
10025,13,14,27,0.0,0
10026,13,14,27,0.0,0
10027,13,14,27,0.0,0
10028,13,14,27,0.0,0
10029,13,14,27,0.0,0
10030,13,14,27,0.0,0
10031,13,14,27,0.0,0
10032,13,14,27,0.0,0
10033,13,14,27,0.0,0
10034,13,14,27,0.0,0
10035,13,14,27,0.0,0
10036,13,14,27,0.0,0
10037,13,14,27,0.0,0
10038,13,14,27,0.0,0
10039,13,14,27,0.0,0
10040,13,14,27,0.0,0
10041,13,14,27,0.0,0
10042,13,14,27,0.0,0
10043,13,14,27,0.0,0
10044,13,14,27,0.0,0
10045,13,14,27,0.0,0
10046,13,14,27,0.0,0
10047,13,14,27,0.0,0
10048,13,14,27,0.0,0
10049,13,14,27,0.0,0
10050,13,14,27,0.0,0
10051,13,14,27,0.0,0
10052,13,14,27,0.0,0
10053,13,14,27,0.0,0
10054,13,14,27,0.0,0
10055,13,14,27,0.0,0
10056,13,14,27,0.0,0
10057,13,14,27,0.0,0
10058,13,14,27,0.0,0
10059,13,14,27,0.0,0
10060,13,14,27,0.0,0
10061,13,14,27,0.0,0
10062,13,14,27,0.0,0
10063,13,14,27,0.0,0
10064,13,14,27,0.0,0
10065,13,14,27,0.0,0
10066,13,14,27,0.0,0
10067,13,14,27,0.0,0
10068,13,14,27,0.0,0
10069,13,14,27,0.0,0
10070,13,14,27,0.0,0
10071,13,14,27,0.0,0
10072,13,14,27,0.0,0
10073,13,14,27,0.0,0
10074,13,14,27,0.0,0
10075,13,14,27,0.0,0
10076,13,14,27,0.0,0
10077,13,14,27,0.0,0
10078,13,14,27,0.0,0
10079,13,14,27,0.0,0
10080,13,14,27,0.0,0
10081,13,14,27,0.0,0
10082,13,14,27,0.0,0
10083,13,14,27,0.0,0
10084,13,14,27,0.0,0
10085,13,14,27,0.0,0
10086,13,14,27,0.0,0
10087,13,14,27,0.0,0
10088,13,14,27,0.0,0
10089,13,14,27,0.0,0
10090,13,14,27,0.0,0
10091,13,14,27,0.0,0
10092,13,14,27,0.0,0
10093,13,14,27,0.0,0
10094,13,14,27,0.0,0
10095,13,14,27,0.0,0
10096,13,14,27,0.0,0
10097,13,14,27,0.0,0
10098,13,14,27,0.0,0
10099,13,14,27,0.0,0
10100,13,14,27,0.0,0
10101,13,14,27,0.0,0
10102,13,14,27,0.0,0
10103,13,14,27,0.0,0
10104,13,14,27,0.0,0
10105,13,14,27,0.0,0
10106,13,14,27,0.0,0
10107,13,14,27,0.0,0
10108,13,14,27,0.0,0
10109,13,14,27,0.0,0
10110,13,14,27,0.0,0
10111,13,14,27,0.0,0
10112,13,14,27,0.0,0
10113,13,14,27,0.0,0
10114,13,14,27,0.0,0
10115,13,14,27,0.0,0
10116,13,14,27,0.0,0
10117,13,14,27,0.0,0
10118,13,14,27,0.0,0
10119,13,14,27,0.0,0
10120,13,14,27,0.0,0
10121,13,14,27,0.0,0
10122,13,14,27,0.0,0
10123,13,14,27,0.0,0
10124,13,14,27,0.0,0
10125,13,14,27,0.0,0
10126,13,14,27,0.0,0
10127,13,14,27,0.0,0
10128,13,14,27,0.0,0
10129,13,14,27,0.0,0
10130,13,14,27,0.0,0
10131,13,14,27,0.0,0
10132,13,14,27,0.0,0
10133,13,14,27,0.0,0
10134,13,14,27,0.0,0
10135,13,14,27,0.0,0
10136,13,14,27,0.0,0
10137,13,14,27,0.0,0
10138,13,14,27,0.0,0
10139,13,14,27,0.0,0
10140,13,14,27,0.0,0
10141,13,14,27,0.0,0
10142,13,14,27,0.0,0
10143,13,14,27,0.0,0
10144,13,14,27,0.0,0
10145,13,14,27,0.0,0
10146,13,14,27,0.0,0
10147,13,14,27,0.0,0
10148,13,14,27,0.0,0
10149,13,14,27,0.0,0
10150,13,14,27,0.0,0
10151,13,14,27,0.0,0
10152,13,14,27,0.0,0
10153,13,14,27,0.0,0
10154,13,14,27,0.0,0
10155,13,14,27,0.0,0
10156,13,14,27,0.0,0
10157,13,14,27,0.0,0
10158,13,14,27,0.0,0
10159,13,14,27,0.0,0
10160,13,14,27,0.0,0
10161,13,14,27,0.0,0
10162,13,14,27,0.0,0
10163,13,14,27,0.0,0
10164,13,14,27,0.0,0
10165,13,14,27,0.0,0
10166,13,14,27,0.0,0
10167,13,14,27,0.0,0
10168,13,14,27,0.0,0
10169,13,14,27,0.0,0
10170,13,14,27,0.0,0
10171,13,14,27,0.0,0
10172,13,14,27,0.0,0
10173,13,14,27,0.0,0
10174,13,14,27,0.0,0
10175,13,14,27,0.0,0
10176,13,14,27,0.0,0
10177,13,14,27,0.0,0
10178,13,14,27,0.0,0
10179,13,14,27,0.0,0
10180,13,14,27,0.0,0
10181,13,14,27,0.0,0
10182,13,14,27,0.0,0
10183,13,14,27,0.0,0
10184,13,14,27,0.0,0
10185,13,14,27,0.0,0
10186,13,14,27,0.0,0
10187,13,14,27,0.0,0
10188,13,14,27,0.0,0
10189,13,14,27,0.0,0
10190,13,14,27,0.0,0
10191,13,14,27,0.0,0
10192,13,14,27,0.0,0
10193,13,14,27,0.0,0
10194,13,14,27,0.0,0
10195,13,14,27,0.0,0
10196,13,14,27,0.0,0
10197,13,14,27,0.0,0
10198,13,14,27,0.0,0
10199,13,14,27,0.0,0
10200,13,14,27,0.0,0
10201,13,14,27,0.0,0
10202,13,14,27,0.0,0
10203,13,14,27,0.0,0
10204,13,14,27,0.0,0
10205,13,14,27,0.0,0
10206,13,14,27,0.0,0
10207,13,14,27,0.0,0
10208,13,14,27,0.0,0
10209,13,14,27,0.0,0
10210,13,14,27,0.0,0
10211,13,14,27,0.0,0
10212,13,14,27,0.0,0
10213,13,14,27,0.0,0
10214,13,14,27,0.0,0
10215,13,14,27,0.0,0
10216,13,14,27,0.0,0
10217,13,14,27,0.0,0
10218,13,14,27,0.0,0
10219,13,14,27,0.0,0
10220,13,14,27,0.0,0
10221,13,14,27,0.0,0
10222,13,14,27,0.0,0
10223,13,14,27,0.0,0
10224,13,14,27,0.0,0
10225,13,14,27,0.0,0
10226,13,14,27,0.0,0
10227,13,14,27,0.0,0
10228,13,14,27,0.0,0
10229,13,14,27,0.0,0
10230,13,14,27,0.0,0
10231,13,14,27,0.0,0
10232,13,14,27,0.0,0
10233,13,14,27,0.0,0
10234,13,14,27,0.0,0
10235,13,14,27,0.0,0
10236,13,14,27,0.0,0
10237,13,14,27,0.0,0
10238,13,14,27,0.0,0
10239,13,14,27,0.0,0
10240,13,14,27,0.0,0
10241,13,14,27,0.0,0
10242,13,14,27,0.0,0
10243,13,14,27,0.0,0
10244,13,14,27,0.0,0
10245,13,14,27,0.0,0
10246,13,14,27,0.0,0
10247,13,14,27,0.0,0
10248,13,14,27,0.0,0
10249,13,14,27,0.0,0
10250,13,14,27,0.0,0
10251,13,14,27,0.0,0
10252,13,14,27,0.0,0
10253,13,14,27,0.0,0
10254,13,14,27,0.0,0
10255,13,14,27,0.0,0
10256,13,14,27,0.0,0
10257,13,14,27,0.0,0
10258,13,14,27,0.0,0
10259,13,14,27,0.0,0
10260,13,14,27,0.0,0
10261,13,14,27,0.0,0
10262,13,14,27,0.0,0
10263,13,14,27,0.0,0
10264,13,14,27,0.0,0
10265,13,14,27,0.0,0
10266,13,14,27,0.0,0
10267,13,14,27,0.0,0
10268,13,14,27,0.0,0
10269,13,14,27,0.0,0
10270,13,14,27,0.0,0
10271,13,14,27,0.0,0
10272,13,14,27,0.0,0
10273,13,14,27,0.0,0
10274,13,14,27,0.0,0
10275,13,14,27,0.0,0
10276,13,14,27,0.0,0
10277,13,14,27,0.0,0
10278,13,14,27,0.0,0
10279,13,14,27,0.0,0
10280,13,14,27,0.0,0
10281,13,14,27,0.0,0
10282,13,14,27,0.0,0
10283,13,14,27,0.0,0
10284,13,14,27,0.0,0
10285,13,14,27,0.0,0
10286,13,14,27,0.0,0
10287,13,14,27,0.0,0
10288,13,14,27,0.0,0
10289,13,14,27,0.0,0
10290,13,14,27,0.0,0
10291,13,14,27,0.0,0
10292,13,14,27,0.0,0
10293,13,14,27,0.0,0
10294,13,14,27,0.0,0
10295,13,14,27,0.0,0
10296,13,14,27,0.0,0
10297,13,14,27,0.0,0
10298,13,14,27,0.0,0
10299,13,14,27,0.0,0
10300,13,14,27,0.0,0
10301,13,14,27,0.0,0
10302,13,14,27,0.0,0
10303,13,14,27,0.0,0
10304,13,14,27,0.0,0
10305,13,14,27,0.0,0
10306,13,14,27,0.0,0
10307,13,14,27,0.0,0
10308,13,14,27,0.0,0
10309,13,14,27,0.0,0
10310,13,14,27,0.0,0
10311,13,14,27,0.0,0
10312,13,14,27,0.0,0
10313,13,14,27,0.0,0
10314,13,14,27,0.0,0
10315,13,14,27,0.0,0
10316,13,14,27,0.0,0
10317,13,14,27,0.0,0
10318,13,14,27,0.0,0
10319,13,14,27,0.0,0
10320,13,14,27,0.0,0
10321,13,14,27,0.0,0
10322,13,14,27,0.0,0
10323,13,14,27,0.0,0
10324,13,14,27,0.0,0
10325,13,14,27,0.0,0
10326,13,14,27,0.0,0
10327,13,14,27,0.0,0
10328,13,14,27,0.0,0
10329,13,14,27,0.0,0
10330,13,14,27,0.0,0
10331,13,14,27,0.0,0
10332,13,14,27,0.0,0
10333,13,14,27,0.0,0
10334,13,14,27,0.0,0
10335,13,14,27,0.0,0
10336,13,14,27,0.0,0
10337,13,14,27,0.0,0
10338,13,14,27,0.0,0
10339,13,14,27,0.0,0
10340,13,14,27,0.0,0
10341,13,14,27,0.0,0
10342,13,14,27,0.0,0
10343,13,14,27,0.0,0
10344,13,14,27,0.0,0
10345,13,14,27,0.0,0
10346,13,14,27,0.0,0
10347,13,14,27,0.0,0
10348,13,14,27,0.0,0
10349,13,14,27,0.0,0
10350,13,14,27,0.0,0
10351,13,14,27,0.0,0
10352,13,14,27,0.0,0
10353,13,14,27,0.0,0
10354,13,14,27,0.0,0
10355,13,14,27,0.0,0
10356,13,14,27,0.0,0
10357,13,14,27,0.0,0
10358,13,14,27,0.0,0
10359,13,14,27,0.0,0
10360,13,14,27,0.0,0
10361,13,14,27,0.0,0
10362,13,14,27,0.0,0
10363,13,14,27,0.0,0
10364,13,14,27,0.0,0
10365,13,14,27,0.0,0
10366,13,14,27,0.0,0
10367,13,14,27,0.0,0
10368,13,14,27,0.0,0
10369,13,14,27,0.0,0
10370,13,14,27,0.0,0
10371,13,14,27,0.0,0
10372,13,14,27,0.0,0
10373,13,14,27,0.0,0
10374,13,14,27,0.0,0
10375,13,14,27,0.0,0
10376,13,14,27,0.0,0
10377,13,14,27,0.0,0
10378,13,14,27,0.0,0
10379,13,14,27,0.0,0
10380,13,14,27,0.0,0
10381,13,14,27,0.0,0
10382,13,14,27,0.0,0
10383,13,14,27,0.0,0
10384,13,14,27,0.0,0
10385,13,14,27,0.0,0
10386,13,14,27,0.0,0
10387,13,14,27,1.0,1
10388,13,14,27,2.0,2
10389,13,14,27,3.0,3
10390,13,14,27,4.0,4
10391,13,14,27,5.0,5
10392,13,14,27,6.0,6
10393,13,14,27,7.0,7
10394,13,14,27,8.0,8
10395,13,14,27,9.0,9
10396,13,14,27,10.0,10
10397,13,14,27,11.0,11
10398,13,14,27,12.0,12
10399,13,14,27,13.0,13
10400,13,14,27,14.0,14
10401,13,14,27,15.0,15
10402,13,14,27,16.0,16
10403,13,14,27,17.0,17
10404,13,14,27,18.0,18
10405,13,14,27,19.0,19
10406,13,14,27,20.0,20
10407,13,14,27,21.0,21
10408,13,14,27,22.0,22
10409,13,14,27,23.0,23
10410,13,14,27,24.0,24
10411,13,14,27,25.0,25
10412,13,14,27,26.0,26
10413,13,14,27,27.0,27
10414,13,14,27,28.0,28
10415,13,14,27,29.0,29
10416,13,14,27,30.0,30
10417,13,14,27,31.0,31
10418,13,14,27,32.0,32
10419,13,14,27,33.0,33
10420,13,14,27,34.0,34
10421,13,14,27,35.0,35
10422,13,14,27,36.0,36
10423,13,14,27,37.0,37
10424,13,14,27,38.0,38
10425,13,14,27,39.0,39
10426,13,14,27,40.0,40
10427,13,14,27,41.0,41
10428,13,14,27,42.0,42
10429,13,14,27,43.0,43
10430,13,14,27,44.0,44
10431,13,14,27,45.0,45
10432,13,14,27,46.0,46
10433,13,14,27,47.0,47
10434,13,14,27,48.0,48
10435,13,14,27,49.0,49
10436,13,14,27,50.0,50
10437,13,14,27,51.0,51
10438,13,14,27,52.0,52
10439,13,14,27,53.0,53
10440,13,14,27,54.0,54
10441,13,14,27,55.0,55
10442,13,14,27,56.0,56
10443,13,14,27,57.0,57
10444,13,14,27,58.0,58
10445,13,14,27,59.0,59
10446,13,14,27,60.0,60
10447,13,14,27,61.0,61
10448,13,14,27,62.0,62
10449,13,14,27,63.0,63
10450,13,14,27,64.0,64
10451,13,14,27,65.0,65
10452,13,14,27,66.0,66
10453,13,14,27,67.0,67
10454,13,14,27,68.0,68
10455,13,14,27,69.0,69
10456,13,14,27,70.0,70
10457,13,14,27,71.0,71
10458,13,14,27,72.0,72
10459,13,14,27,73.0,73
10460,13,14,27,74.0,74
10461,13,14,27,75.0,75
10462,13,14,27,76.0,76
10463,13,14,27,77.0,77
10464,13,14,27,78.0,78
10465,13,14,27,79.0,79
10466,13,14,27,80.0,80
10467,13,14,27,81.0,81
10468,13,14,27,82.0,82
10469,13,14,27,83.0,83
10470,13,14,27,84.0,84
10471,13,14,27,85.0,85
10472,13,14,27,86.0,86
10473,13,14,27,87.0,87
10474,13,14,27,88.0,88
10475,13,14,27,89.0,89
10476,13,14,27,90.0,90
10477,13,14,27,91.0,91
10478,13,14,27,92.0,92
10479,13,14,27,93.0,93
10480,13,14,27,94.0,94
10481,13,14,27,95.0,95
10482,13,14,27,96.0,96
10483,13,14,27,97.0,97
10484,13,14,27,98.0,98
10485,13,14,27,99.0,99
10486,13,14,27,100.0,100
10487,13,14,27,101.0,101
10488,13,14,27,102.0,102
10489,13,14,27,103.0,103
10490,13,14,27,104.0,104
10491,13,14,27,105.0,105
10492,13,14,27,106.0,106
10493,13,14,27,107.0,107
10494,13,14,27,108.0,108
10495,13,14,27,109.0,109
10496,13,14,27,110.0,110
10497,13,14,27,111.0,111
10498,13,14,27,112.0,112
10499,13,14,27,113.0,113
10500,13,14,27,114.0,114
10501,13,14,27,115.0,115
10502,13,14,27,116.0,116
10503,13,14,27,117.0,117
10504,13,14,27,118.0,118
10505,13,14,27,119.0,119
10506,13,14,27,120.0,120
10507,13,14,27,121.0,121
10508,13,14,27,122.0,122
10509,13,14,27,123.0,123
10510,13,14,27,124.0,124
10511,13,14,27,125.0,125
10512,13,14,27,126.0,126
10513,13,14,27,127.0,127
10514,13,14,27,128.0,128
10515,13,14,27,129.0,129
10516,13,14,27,130.0,130
10517,13,14,27,131.0,131
10518,13,14,27,132.0,132
10519,13,14,27,133.0,133
10520,13,14,27,134.0,134
10521,13,14,27,135.0,135
10522,13,14,27,136.0,136
10523,13,14,27,137.0,137
10524,13,14,27,138.0,138
10525,13,14,27,139.0,139
10526,13,14,27,140.0,140
10527,13,14,27,141.0,141
10528,13,14,27,142.0,142
10529,13,14,27,143.0,143
10530,13,14,27,144.0,144
10531,13,14,27,145.0,145
10532,13,14,27,146.0,146
10533,13,14,27,147.0,147
10534,13,14,27,148.0,148
10535,13,14,27,149.0,149
10536,13,14,27,150.0,150
10537,13,14,27,151.0,151
10538,13,14,27,152.0,152
10539,13,14,27,153.0,153
10540,13,14,27,154.0,154
10541,13,14,27,155.0,155
10542,13,14,27,156.0,156
10543,13,14,27,157.0,157
10544,13,14,27,158.0,158
10545,13,14,27,159.0,159
10546,13,14,27,160.0,160
10547,13,14,27,161.0,161
10548,13,14,27,162.0,162
10549,13,14,27,163.0,163
10550,13,14,27,164.0,164
10551,13,14,27,165.0,165
10552,13,14,27,166.0,166
10553,13,14,27,167.0,167
10554,13,14,27,168.0,168
10555,13,14,27,169.0,169
10556,13,14,27,170.0,170
10557,13,14,27,171.0,171
10558,13,14,27,172.0,172
10559,13,14,27,173.0,173
10560,13,14,27,174.0,174
10561,13,14,27,175.0,175
10562,13,14,27,176.0,176
10563,13,14,27,177.0,177
10564,13,14,27,178.0,178
10565,13,14,27,179.0,179
10566,13,14,27,180.0,180
10567,13,14,27,181.0,181
10568,13,14,27,182.0,182
10569,13,14,27,183.0,183
10570,13,14,27,184.0,184
10571,13,14,27,185.0,185
10572,13,14,27,186.0,186
10573,13,14,27,187.0,187
10574,13,14,27,188.0,188
10575,13,14,27,189.0,189
10576,13,14,27,190.0,190
10577,13,14,27,191.0,191
10578,14,14,28,192.0,192
10579,14,14,28,192.0,192
10580,14,14,28,192.0,192
10581,14,14,28,192.0,192
10582,14,14,28,192.0,192
10583,14,14,28,192.0,192
10584,14,14,28,192.0,192
10585,14,14,28,192.0,192
10586,14,14,28,192.0,192
10587,14,14,28,192.0,192
10588,14,14,28,192.0,192
10589,14,14,28,192.0,192
10590,14,14,28,192.0,192
10591,14,14,28,192.0,192
10592,14,14,28,192.0,192
10593,14,14,28,192.0,192
10594,14,14,28,192.0,192
10595,14,14,28,192.0,192
10596,14,14,28,192.0,192
10597,14,14,28,192.0,192
10598,14,14,28,192.0,192
10599,14,14,28,192.0,192
10600,14,14,28,192.0,192
10601,14,14,28,192.0,192
10602,14,14,28,192.0,192
10603,14,14,28,192.0,192
10604,14,14,28,192.0,192
10605,14,14,28,192.0,192
10606,14,14,28,192.0,192
10607,14,14,28,192.0,192
10608,14,14,28,192.0,192
10609,14,14,28,192.0,192
10610,14,14,28,192.0,192
10611,14,14,28,192.0,192
10612,14,14,28,192.0,192
10613,14,14,28,192.0,192
10614,14,14,28,192.0,192
10615,14,14,28,192.0,192
10616,14,14,28,192.0,192
10617,14,14,28,192.0,192
10618,14,14,28,192.0,192
10619,14,14,28,192.0,192
10620,14,14,28,192.0,192
10621,14,14,28,192.0,192
10622,14,14,28,192.0,192
10623,14,14,28,192.0,192
10624,14,14,28,192.0,192
10625,14,14,28,192.0,192
10626,14,14,28,192.0,192
10627,14,14,28,192.0,192
10628,14,14,28,192.0,192
10629,14,14,28,192.0,192
10630,14,14,28,192.0,192
10631,14,14,28,192.0,192
10632,14,14,28,192.0,192
10633,14,14,28,192.0,192
10634,14,14,28,192.0,192
10635,14,14,28,192.0,192
10636,14,14,28,192.0,192
10637,14,14,28,192.0,192
10638,14,14,28,192.0,192
10639,14,14,28,192.0,192
10640,14,14,28,192.0,192
10641,14,14,28,192.0,192
10642,14,14,28,192.0,192
10643,14,14,28,192.0,192
10644,14,14,28,192.0,192
10645,14,14,28,192.0,192
10646,14,14,28,192.0,192
10647,14,14,28,192.0,192
10648,14,14,28,192.0,192
10649,14,14,28,192.0,192
10650,14,14,28,192.0,192
10651,14,14,28,192.0,192
10652,14,14,28,192.0,192
10653,14,14,28,192.0,192
10654,14,14,28,192.0,192
10655,14,14,28,192.0,192
10656,14,14,28,192.0,192
10657,14,14,28,0.0,0
10658,14,14,28,0.0,0
10659,14,14,28,0.0,0
10660,14,14,28,0.0,0
10661,14,14,28,0.0,0
10662,14,14,28,0.0,0
10663,14,14,28,0.0,0
10664,14,14,28,0.0,0
10665,14,14,28,0.0,0
10666,14,14,28,0.0,0
10667,14,14,28,0.0,0
10668,14,14,28,0.0,0
10669,14,14,28,0.0,0
10670,14,14,28,0.0,0
10671,14,14,28,0.0,0
10672,14,14,28,0.0,0
10673,14,14,28,0.0,0
10674,14,14,28,0.0,0
10675,14,14,28,0.0,0
10676,14,14,28,0.0,0
10677,14,14,28,0.0,0
10678,14,14,28,0.0,0
10679,14,14,28,0.0,0
10680,14,14,28,0.0,0
10681,14,14,28,0.0,0
10682,14,14,28,0.0,0
10683,14,14,28,0.0,0
10684,14,14,28,0.0,0
10685,14,14,28,0.0,0
10686,14,14,28,0.0,0
10687,14,14,28,0.0,0
10688,14,14,28,0.0,0
10689,14,14,28,0.0,0
10690,14,14,28,0.0,0
10691,14,14,28,0.0,0
10692,14,14,28,0.0,0
10693,14,14,28,0.0,0
10694,14,14,28,0.0,0
10695,14,14,28,0.0,0
10696,14,14,28,0.0,0
10697,14,14,28,0.0,0
10698,14,14,28,0.0,0
10699,14,14,28,0.0,0
10700,14,14,28,0.0,0
10701,14,14,28,0.0,0
10702,14,14,28,0.0,0
10703,14,14,28,0.0,0
10704,14,14,28,0.0,0
10705,14,14,28,0.0,0
10706,14,14,28,0.0,0
10707,14,14,28,0.0,0
10708,14,14,28,0.0,0
10709,14,14,28,0.0,0
10710,14,14,28,0.0,0
10711,14,14,28,0.0,0
10712,14,14,28,0.0,0
10713,14,14,28,0.0,0
10714,14,14,28,0.0,0
10715,14,14,28,0.0,0
10716,14,14,28,0.0,0
10717,14,14,28,0.0,0
10718,14,14,28,0.0,0
10719,14,14,28,0.0,0
10720,14,14,28,0.0,0
10721,14,14,28,0.0,0
10722,14,14,28,0.0,0
10723,14,14,28,0.0,0
10724,14,14,28,0.0,0
10725,14,14,28,0.0,0
10726,14,14,28,0.0,0
10727,14,14,28,0.0,0
10728,14,14,28,0.0,0
10729,14,14,28,0.0,0
10730,14,14,28,0.0,0
10731,14,14,28,0.0,0
10732,14,14,28,0.0,0
10733,14,14,28,0.0,0
10734,14,14,28,0.0,0
10735,14,14,28,0.0,0
10736,14,14,28,0.0,0
10737,14,14,28,0.0,0
10738,14,14,28,0.0,0
10739,14,14,28,0.0,0
10740,14,14,28,0.0,0
10741,14,14,28,0.0,0
10742,14,14,28,0.0,0
10743,14,14,28,0.0,0
10744,14,14,28,0.0,0
10745,14,14,28,0.0,0
10746,14,14,28,0.0,0
10747,14,14,28,0.0,0
10748,14,14,28,0.0,0
10749,14,14,28,0.0,0
10750,14,14,28,0.0,0
10751,14,14,28,0.0,0
10752,14,14,28,0.0,0
10753,14,14,28,0.0,0
10754,14,14,28,0.0,0
10755,14,14,28,0.0,0
10756,14,14,28,0.0,0
10757,14,14,28,0.0,0
10758,14,14,28,0.0,0
10759,14,14,28,0.0,0
10760,14,14,28,0.0,0
10761,14,14,28,0.0,0
10762,14,14,28,0.0,0
10763,14,14,28,0.0,0
10764,14,14,28,0.0,0
10765,14,14,28,0.0,0
10766,14,14,28,0.0,0
10767,14,14,28,0.0,0
10768,14,14,28,0.0,0
10769,14,14,28,0.0,0
10770,14,14,28,0.0,0
10771,14,14,28,0.0,0
10772,14,14,28,0.0,0
10773,14,14,28,0.0,0
10774,14,14,28,0.0,0
10775,14,14,28,0.0,0
10776,14,14,28,0.0,0
10777,14,14,28,0.0,0
10778,14,14,28,0.0,0
10779,14,14,28,0.0,0
10780,14,14,28,0.0,0
10781,14,14,28,0.0,0
10782,14,14,28,0.0,0
10783,14,14,28,0.0,0
10784,14,14,28,0.0,0
10785,14,14,28,0.0,0
10786,14,14,28,0.0,0
10787,14,14,28,0.0,0
10788,14,14,28,0.0,0
10789,14,14,28,0.0,0
10790,14,14,28,0.0,0
10791,14,14,28,0.0,0
10792,14,14,28,0.0,0
10793,14,14,28,0.0,0
10794,14,14,28,0.0,0
10795,14,14,28,0.0,0
10796,14,14,28,0.0,0
10797,14,14,28,0.0,0
10798,14,14,28,0.0,0
10799,14,14,28,0.0,0
10800,14,14,28,0.0,0
10801,14,14,28,0.0,0
10802,14,14,28,0.0,0
10803,14,14,28,0.0,0
10804,14,14,28,0.0,0
10805,14,14,28,0.0,0
10806,14,14,28,0.0,0
10807,14,14,28,0.0,0
10808,14,14,28,0.0,0
10809,14,14,28,0.0,0
10810,14,14,28,0.0,0
10811,14,14,28,0.0,0
10812,14,14,28,0.0,0
10813,14,14,28,0.0,0
10814,14,14,28,0.0,0
10815,14,14,28,0.0,0
10816,14,14,28,0.0,0
10817,14,14,28,0.0,0
10818,14,14,28,0.0,0
10819,14,14,28,0.0,0
10820,14,14,28,0.0,0
10821,14,14,28,0.0,0
10822,14,14,28,0.0,0
10823,14,14,28,0.0,0
10824,14,14,28,0.0,0
10825,14,14,28,0.0,0
10826,14,14,28,0.0,0
10827,14,14,28,0.0,0
10828,14,14,28,0.0,0
10829,14,14,28,0.0,0
10830,14,14,28,0.0,0
10831,14,14,28,0.0,0
10832,14,14,28,0.0,0
10833,14,14,28,0.0,0
10834,14,14,28,0.0,0
10835,14,14,28,0.0,0
10836,14,14,28,0.0,0
10837,14,14,28,0.0,0
10838,14,14,28,0.0,0
10839,14,14,28,0.0,0
10840,14,14,28,0.0,0
10841,14,14,28,0.0,0
10842,14,14,28,0.0,0
10843,14,14,28,0.0,0
10844,14,14,28,0.0,0
10845,14,14,28,0.0,0
10846,14,14,28,0.0,0
10847,14,14,28,0.0,0
10848,14,14,28,0.0,0
10849,14,14,28,0.0,0
10850,14,14,28,0.0,0
10851,14,14,28,0.0,0
10852,14,14,28,0.0,0
10853,14,14,28,0.0,0
10854,14,14,28,0.0,0
10855,14,14,28,0.0,0
10856,14,14,28,0.0,0
10857,14,14,28,0.0,0
10858,14,14,28,0.0,0
10859,14,14,28,0.0,0
10860,14,14,28,0.0,0
10861,14,14,28,0.0,0
10862,14,14,28,0.0,0
10863,14,14,28,0.0,0
10864,14,14,28,0.0,0
10865,14,14,28,0.0,0
10866,14,14,28,0.0,0
10867,14,14,28,0.0,0
10868,14,14,28,0.0,0
10869,14,14,28,0.0,0
10870,14,14,28,0.0,0
10871,14,14,28,0.0,0
10872,14,14,28,0.0,0
10873,14,14,28,0.0,0
10874,14,14,28,0.0,0
10875,14,14,28,0.0,0
10876,14,14,28,0.0,0
10877,14,14,28,0.0,0
10878,14,14,28,0.0,0
10879,14,14,28,0.0,0
10880,14,14,28,0.0,0
10881,14,14,28,0.0,0
10882,14,14,28,0.0,0
10883,14,14,28,0.0,0
10884,14,14,28,0.0,0
10885,14,14,28,0.0,0
10886,14,14,28,0.0,0
10887,14,14,28,0.0,0
10888,14,14,28,0.0,0
10889,14,14,28,0.0,0
10890,14,14,28,0.0,0
10891,14,14,28,0.0,0
10892,14,14,28,0.0,0
10893,14,14,28,0.0,0
10894,14,14,28,0.0,0
10895,14,14,28,0.0,0
10896,14,14,28,0.0,0
10897,14,14,28,0.0,0
10898,14,14,28,0.0,0
10899,14,14,28,0.0,0
10900,14,14,28,0.0,0
10901,14,14,28,0.0,0
10902,14,14,28,0.0,0
10903,14,14,28,0.0,0
10904,14,14,28,0.0,0
10905,14,14,28,0.0,0
10906,14,14,28,0.0,0
10907,14,14,28,0.0,0
10908,14,14,28,0.0,0
10909,14,14,28,0.0,0
10910,14,14,28,0.0,0
10911,14,14,28,0.0,0
10912,14,14,28,0.0,0
10913,14,14,28,0.0,0
10914,14,14,28,0.0,0
10915,14,14,28,0.0,0
10916,14,14,28,0.0,0
10917,14,14,28,0.0,0
10918,14,14,28,0.0,0
10919,14,14,28,0.0,0
10920,14,14,28,0.0,0
10921,14,14,28,0.0,0
10922,14,14,28,0.0,0
10923,14,14,28,0.0,0
10924,14,14,28,0.0,0
10925,14,14,28,0.0,0
10926,14,14,28,0.0,0
10927,14,14,28,0.0,0
10928,14,14,28,0.0,0
10929,14,14,28,0.0,0
10930,14,14,28,0.0,0
10931,14,14,28,0.0,0
10932,14,14,28,0.0,0
10933,14,14,28,0.0,0
10934,14,14,28,0.0,0
10935,14,14,28,0.0,0
10936,14,14,28,0.0,0
10937,14,14,28,0.0,0
10938,14,14,28,0.0,0
10939,14,14,28,0.0,0
10940,14,14,28,0.0,0
10941,14,14,28,0.0,0
10942,14,14,28,0.0,0
10943,14,14,28,0.0,0
10944,14,14,28,0.0,0
10945,14,14,28,0.0,0
10946,14,14,28,0.0,0
10947,14,14,28,0.0,0
10948,14,14,28,0.0,0
10949,14,14,28,0.0,0
10950,14,14,28,0.0,0
10951,14,14,28,0.0,0
10952,14,14,28,0.0,0
10953,14,14,28,0.0,0
10954,14,14,28,0.0,0
10955,14,14,28,0.0,0
10956,14,14,28,0.0,0
10957,14,14,28,0.0,0
10958,14,14,28,0.0,0
10959,14,14,28,0.0,0
10960,14,14,28,0.0,0
10961,14,14,28,0.0,0
10962,14,14,28,0.0,0
10963,14,14,28,0.0,0
10964,14,14,28,0.0,0
10965,14,14,28,0.0,0
10966,14,14,28,0.0,0
10967,14,14,28,0.0,0
10968,14,14,28,0.0,0
10969,14,14,28,0.0,0
10970,14,14,28,0.0,0
10971,14,14,28,0.0,0
10972,14,14,28,0.0,0
10973,14,14,28,0.0,0
10974,14,14,28,0.0,0
10975,14,14,28,0.0,0
10976,14,14,28,0.0,0
10977,14,14,28,0.0,0
10978,14,14,28,0.0,0
10979,14,14,28,0.0,0
10980,14,14,28,0.0,0
10981,14,14,28,0.0,0
10982,14,14,28,0.0,0
10983,14,14,28,0.0,0
10984,14,14,28,0.0,0
10985,14,14,28,0.0,0
10986,14,14,28,0.0,0
10987,14,14,28,0.0,0
10988,14,14,28,0.0,0
10989,14,14,28,0.0,0
10990,14,14,28,0.0,0
10991,14,14,28,0.0,0
10992,14,14,28,0.0,0
10993,14,14,28,0.0,0
10994,14,14,28,0.0,0
10995,14,14,28,0.0,0
10996,14,14,28,0.0,0
10997,14,14,28,0.0,0
10998,14,14,28,0.0,0
10999,14,14,28,0.0,0
11000,14,14,28,0.0,0
11001,14,14,28,0.0,0
11002,14,14,28,0.0,0
11003,14,14,28,0.0,0
11004,14,14,28,0.0,0
11005,14,14,28,0.0,0
11006,14,14,28,0.0,0
11007,14,14,28,0.0,0
11008,14,14,28,0.0,0
11009,14,14,28,0.0,0
11010,14,14,28,0.0,0
11011,14,14,28,0.0,0
11012,14,14,28,0.0,0
11013,14,14,28,0.0,0
11014,14,14,28,0.0,0
11015,14,14,28,0.0,0
11016,14,14,28,0.0,0
11017,14,14,28,0.0,0
11018,14,14,28,0.0,0
11019,14,14,28,0.0,0
11020,14,14,28,0.0,0
11021,14,14,28,0.0,0
11022,14,14,28,0.0,0
11023,14,14,28,0.0,0
11024,14,14,28,0.0,0
11025,14,14,28,0.0,0
11026,14,14,28,0.0,0
11027,14,14,28,0.0,0
11028,14,14,28,0.0,0
11029,14,14,28,0.0,0
11030,14,14,28,0.0,0
11031,14,14,28,0.0,0
11032,14,14,28,0.0,0
11033,14,14,28,0.0,0
11034,14,14,28,0.0,0
11035,14,14,28,0.0,0
11036,14,14,28,0.0,0
11037,14,14,28,0.0,0
11038,14,14,28,0.0,0
11039,14,14,28,0.0,0
11040,14,14,28,0.0,0
11041,14,14,28,0.0,0
11042,14,14,28,0.0,0
11043,14,14,28,0.0,0
11044,14,14,28,0.0,0
11045,14,14,28,0.0,0
11046,14,14,28,0.0,0
11047,14,14,28,0.0,0
11048,14,14,28,0.0,0
11049,14,14,28,0.0,0
11050,14,14,28,0.0,0
11051,14,14,28,0.0,0
11052,14,14,28,0.0,0
11053,14,14,28,0.0,0
11054,14,14,28,0.0,0
11055,14,14,28,0.0,0
11056,14,14,28,0.0,0
11057,14,14,28,0.0,0
11058,14,14,28,0.0,0
11059,14,14,28,0.0,0
11060,14,14,28,0.0,0
11061,14,14,28,0.0,0
11062,14,14,28,0.0,0
11063,14,14,28,0.0,0
11064,14,14,28,0.0,0
11065,14,14,28,0.0,0
11066,14,14,28,0.0,0
11067,14,14,28,0.0,0
11068,14,14,28,0.0,0
11069,14,14,28,0.0,0
11070,14,14,28,0.0,0
11071,14,14,28,0.0,0
11072,14,14,28,0.0,0
11073,14,14,28,0.0,0
11074,14,14,28,0.0,0
11075,14,14,28,0.0,0
11076,14,14,28,0.0,0
11077,14,14,28,0.0,0
11078,14,14,28,0.0,0
11079,14,14,28,0.0,0
11080,14,14,28,0.0,0
11081,14,14,28,0.0,0
11082,14,14,28,0.0,0
11083,14,14,28,0.0,0
11084,14,14,28,0.0,0
11085,14,14,28,0.0,0
11086,14,14,28,0.0,0
11087,14,14,28,0.0,0
11088,14,14,28,0.0,0
11089,14,14,28,0.0,0
11090,14,14,28,0.0,0
11091,14,14,28,0.0,0
11092,14,14,28,0.0,0
11093,14,14,28,0.0,0
11094,14,14,28,0.0,0
11095,14,14,28,0.0,0
11096,14,14,28,0.0,0
11097,14,14,28,0.0,0
11098,14,14,28,0.0,0
11099,14,14,28,0.0,0
11100,14,14,28,0.0,0
11101,14,14,28,0.0,0
11102,14,14,28,0.0,0
11103,14,14,28,0.0,0
11104,14,14,28,0.0,0
11105,14,14,28,0.0,0
11106,14,14,28,0.0,0
11107,14,14,28,0.0,0
11108,14,14,28,0.0,0
11109,14,14,28,0.0,0
11110,14,14,28,0.0,0
11111,14,14,28,0.0,0
11112,14,14,28,0.0,0
11113,14,14,28,0.0,0
11114,14,14,28,0.0,0
11115,14,14,28,0.0,0
11116,14,14,28,0.0,0
11117,14,14,28,0.0,0
11118,14,14,28,0.0,0
11119,14,14,28,0.0,0
11120,14,14,28,0.0,0
11121,14,14,28,0.0,0
11122,14,14,28,0.0,0
11123,14,14,28,0.0,0
11124,14,14,28,0.0,0
11125,14,14,28,0.0,0
11126,14,14,28,0.0,0
11127,14,14,28,0.0,0
11128,14,14,28,0.0,0
11129,14,14,28,0.0,0
11130,14,14,28,0.0,0
11131,14,14,28,0.0,0
11132,14,14,28,0.0,0
11133,14,14,28,0.0,0
11134,14,14,28,0.0,0
11135,14,14,28,0.0,0
11136,14,14,28,0.0,0
11137,14,14,28,0.0,0
11138,14,14,28,0.0,0
11139,14,14,28,0.0,0
11140,14,14,28,0.0,0
11141,14,14,28,0.0,0
11142,14,14,28,0.0,0
11143,14,14,28,0.0,0
11144,14,14,28,0.0,0
11145,14,14,28,0.0,0
11146,14,14,28,0.0,0
11147,14,14,28,0.0,0
11148,14,14,28,0.0,0
11149,14,14,28,0.0,0
11150,14,14,28,0.0,0
11151,14,14,28,0.0,0
11152,14,14,28,0.0,0
11153,14,14,28,0.0,0
11154,14,14,28,0.0,0
11155,14,14,28,0.0,0
11156,14,14,28,0.0,0
11157,14,14,28,0.0,0
11158,14,14,28,0.0,0
11159,14,14,28,0.0,0
11160,14,14,28,0.0,0
11161,14,14,28,0.0,0
11162,14,14,28,0.0,0
11163,14,14,28,0.0,0
11164,14,14,28,0.0,0
11165,14,14,28,0.0,0
11166,14,14,28,0.0,0
11167,14,14,28,0.0,0
11168,14,14,28,0.0,0
11169,14,14,28,0.0,0
11170,14,14,28,0.0,0
11171,14,14,28,0.0,0
11172,14,14,28,0.0,0
11173,14,14,28,0.0,0
11174,14,14,28,0.0,0
11175,14,14,28,0.0,0
11176,14,14,28,0.0,0
11177,14,14,28,0.0,0
11178,14,14,28,0.0,0
11179,14,14,28,0.0,0
11180,14,14,28,0.0,0
11181,14,14,28,0.0,0
11182,14,14,28,0.0,0
11183,14,14,28,0.0,0
11184,14,14,28,0.0,0
11185,14,14,28,0.0,0
11186,14,14,28,0.0,0
11187,14,14,28,0.0,0
11188,14,14,28,0.0,0
11189,14,14,28,0.0,0
11190,14,14,28,0.0,0
11191,14,14,28,0.0,0
11192,14,14,28,0.0,0
11193,14,14,28,0.0,0
11194,14,14,28,0.0,0
11195,14,14,28,0.0,0
11196,14,14,28,0.0,0
11197,14,14,28,0.0,0
11198,14,14,28,0.0,0
11199,14,14,28,0.0,0
11200,14,14,28,0.0,0
11201,14,14,28,0.0,0
11202,14,14,28,0.0,0
11203,14,14,28,0.0,0
11204,14,14,28,0.0,0
11205,14,14,28,0.0,0
11206,14,14,28,0.0,0
11207,14,14,28,0.0,0
11208,14,14,28,0.0,0
11209,14,14,28,0.0,0
11210,14,14,28,0.0,0
11211,14,14,28,0.0,0
11212,14,14,28,0.0,0
11213,14,14,28,0.0,0
11214,14,14,28,0.0,0
11215,14,14,28,0.0,0
11216,14,14,28,0.0,0
11217,14,14,28,0.0,0
11218,14,14,28,0.0,0
11219,14,14,28,0.0,0
11220,14,14,28,0.0,0
11221,14,14,28,0.0,0
11222,14,14,28,0.0,0
11223,14,14,28,0.0,0
11224,14,14,28,0.0,0
11225,14,14,28,0.0,0
11226,14,14,28,0.0,0
11227,14,14,28,0.0,0
11228,14,14,28,0.0,0
11229,14,14,28,0.0,0
11230,14,14,28,0.0,0
11231,14,14,28,0.0,0
11232,14,14,28,0.0,0
11233,14,14,28,0.0,0
11234,14,14,28,0.0,0
11235,14,14,28,0.0,0
11236,14,14,28,0.0,0
11237,14,14,28,0.0,0
11238,14,14,28,0.0,0
11239,14,14,28,0.0,0
11240,14,14,28,0.0,0
11241,14,14,28,0.0,0
11242,14,14,28,0.0,0
11243,14,14,28,0.0,0
11244,14,14,28,0.0,0
11245,14,14,28,0.0,0
11246,14,14,28,0.0,0
11247,14,14,28,0.0,0
11248,14,14,28,0.0,0
11249,14,14,28,0.0,0
11250,14,14,28,0.0,0
11251,14,14,28,0.0,0
11252,14,14,28,0.0,0
11253,14,14,28,0.0,0
11254,14,14,28,0.0,0
11255,14,14,28,0.0,0
11256,14,14,28,0.0,0
11257,14,14,28,0.0,0
11258,14,14,28,0.0,0
11259,14,15,29,0.0,0
11260,14,15,29,0.0,0
11261,14,15,29,0.0,0
11262,14,15,29,0.0,0
11263,14,15,29,0.0,0
11264,14,15,29,0.0,0
11265,14,15,29,0.0,0
11266,14,15,29,0.0,0
11267,14,15,29,0.0,0
11268,14,15,29,0.0,0
11269,14,15,29,0.0,0
11270,14,15,29,0.0,0
11271,14,15,29,0.0,0
11272,14,15,29,0.0,0
11273,14,15,29,0.0,0
11274,14,15,29,0.0,0
11275,14,15,29,0.0,0
11276,14,15,29,0.0,0
11277,14,15,29,0.0,0
11278,14,15,29,0.0,0
11279,14,15,29,0.0,0
11280,14,15,29,0.0,0
11281,14,15,29,0.0,0
11282,14,15,29,0.0,0
11283,14,15,29,0.0,0
11284,14,15,29,0.0,0
11285,14,15,29,0.0,0
11286,14,15,29,0.0,0
11287,14,15,29,0.0,0
11288,14,15,29,0.0,0
11289,14,15,29,0.0,0
11290,14,15,29,0.0,0
11291,14,15,29,0.0,0
11292,14,15,29,0.0,0
11293,14,15,29,0.0,0
11294,14,15,29,0.0,0
11295,14,15,29,0.0,0
11296,14,15,29,0.0,0
11297,14,15,29,0.0,0
11298,14,15,29,0.0,0
11299,14,15,29,0.0,0
11300,14,15,29,0.0,0
11301,14,15,29,0.0,0
11302,14,15,29,0.0,0
11303,14,15,29,0.0,0
11304,14,15,29,0.0,0
11305,14,15,29,0.0,0
11306,14,15,29,0.0,0
11307,14,15,29,0.0,0
11308,14,15,29,0.0,0
11309,14,15,29,0.0,0
11310,14,15,29,0.0,0
11311,14,15,29,0.0,0
11312,14,15,29,0.0,0
11313,14,15,29,0.0,0
11314,14,15,29,0.0,0
11315,14,15,29,0.0,0
11316,14,15,29,0.0,0
11317,14,15,29,0.0,0
11318,14,15,29,0.0,0
11319,14,15,29,0.0,0
11320,14,15,29,0.0,0
11321,14,15,29,0.0,0
11322,14,15,29,0.0,0
11323,14,15,29,0.0,0
11324,14,15,29,0.0,0
11325,14,15,29,0.0,0
11326,14,15,29,0.0,0
11327,14,15,29,0.0,0
11328,14,15,29,0.0,0
11329,14,15,29,0.0,0
11330,14,15,29,0.0,0
11331,14,15,29,0.0,0
11332,14,15,29,0.0,0
11333,14,15,29,0.0,0
11334,14,15,29,0.0,0
11335,14,15,29,0.0,0
11336,14,15,29,0.0,0
11337,14,15,29,0.0,0
11338,14,15,29,0.0,0
11339,14,15,29,0.0,0
11340,14,15,29,0.0,0
11341,14,15,29,0.0,0
11342,14,15,29,0.0,0
11343,14,15,29,0.0,0
11344,14,15,29,0.0,0
11345,14,15,29,0.0,0
11346,14,15,29,0.0,0
11347,14,15,29,0.0,0
11348,14,15,29,0.0,0
11349,14,15,29,0.0,0
11350,14,15,29,0.0,0
11351,14,15,29,0.0,0
11352,14,15,29,0.0,0
11353,14,15,29,0.0,0
11354,14,15,29,0.0,0
11355,14,15,29,0.0,0
11356,14,15,29,0.0,0
11357,14,15,29,0.0,0
11358,14,15,29,0.0,0
11359,14,15,29,0.0,0
11360,14,15,29,0.0,0
11361,14,15,29,0.0,0
11362,14,15,29,0.0,0
11363,14,15,29,0.0,0
11364,14,15,29,0.0,0
11365,14,15,29,0.0,0
11366,14,15,29,0.0,0
11367,14,15,29,0.0,0
11368,14,15,29,0.0,0
11369,14,15,29,0.0,0
11370,14,15,29,0.0,0
11371,14,15,29,0.0,0
11372,14,15,29,0.0,0
11373,14,15,29,0.0,0
11374,14,15,29,0.0,0
11375,14,15,29,0.0,0
11376,14,15,29,0.0,0
11377,14,15,29,0.0,0
11378,14,15,29,0.0,0
11379,14,15,29,0.0,0
11380,14,15,29,0.0,0
11381,14,15,29,0.0,0
11382,14,15,29,0.0,0
11383,14,15,29,0.0,0
11384,14,15,29,0.0,0
11385,14,15,29,0.0,0
11386,14,15,29,0.0,0
11387,14,15,29,0.0,0
11388,14,15,29,0.0,0
11389,14,15,29,0.0,0
11390,14,15,29,0.0,0
11391,14,15,29,0.0,0
11392,14,15,29,0.0,0
11393,14,15,29,0.0,0
11394,14,15,29,0.0,0
11395,14,15,29,0.0,0
11396,14,15,29,0.0,0
11397,14,15,29,0.0,0
11398,14,15,29,0.0,0
11399,14,15,29,0.0,0
11400,14,15,29,0.0,0
11401,14,15,29,0.0,0
11402,14,15,29,0.0,0
11403,14,15,29,0.0,0
11404,14,15,29,0.0,0
11405,14,15,29,0.0,0
11406,14,15,29,0.0,0
11407,14,15,29,0.0,0
11408,14,15,29,0.0,0
11409,14,15,29,0.0,0
11410,14,15,29,0.0,0
11411,14,15,29,0.0,0
11412,14,15,29,0.0,0
11413,14,15,29,0.0,0
11414,14,15,29,0.0,0
11415,14,15,29,0.0,0
11416,14,15,29,0.0,0
11417,14,15,29,0.0,0
11418,14,15,29,0.0,0
11419,14,15,29,0.0,0
11420,14,15,29,0.0,0
11421,14,15,29,0.0,0
11422,14,15,29,0.0,0
11423,14,15,29,0.0,0
11424,14,15,29,0.0,0
11425,14,15,29,0.0,0
11426,14,15,29,0.0,0
11427,14,15,29,0.0,0
11428,14,15,29,0.0,0
11429,14,15,29,0.0,0
11430,14,15,29,0.0,0
11431,14,15,29,0.0,0
11432,14,15,29,0.0,0
11433,14,15,29,0.0,0
11434,14,15,29,0.0,0
11435,14,15,29,0.0,0
11436,14,15,29,0.0,0
11437,14,15,29,0.0,0
11438,14,15,29,0.0,0
11439,14,15,29,0.0,0
11440,14,15,29,0.0,0
11441,14,15,29,0.0,0
11442,14,15,29,0.0,0
11443,14,15,29,0.0,0
11444,14,15,29,0.0,0
11445,14,15,29,0.0,0
11446,14,15,29,0.0,0
11447,14,15,29,0.0,0
11448,14,15,29,0.0,0
11449,14,15,29,0.0,0
11450,14,15,29,0.0,0
11451,14,15,29,0.0,0
11452,14,15,29,0.0,0
11453,14,15,29,0.0,0
11454,14,15,29,0.0,0
11455,14,15,29,0.0,0
11456,14,15,29,0.0,0
11457,14,15,29,0.0,0
11458,14,15,29,0.0,0
11459,14,15,29,0.0,0
11460,14,15,29,0.0,0
11461,14,15,29,0.0,0
11462,14,15,29,0.0,0
11463,14,15,29,0.0,0
11464,14,15,29,0.0,0
11465,14,15,29,0.0,0
11466,14,15,29,0.0,0
11467,14,15,29,0.0,0
11468,14,15,29,0.0,0
11469,14,15,29,0.0,0
11470,14,15,29,0.0,0
11471,14,15,29,0.0,0
11472,14,15,29,0.0,0
11473,14,15,29,0.0,0
11474,14,15,29,0.0,0
11475,14,15,29,0.0,0
11476,14,15,29,0.0,0
11477,14,15,29,0.0,0
11478,14,15,29,0.0,0
11479,14,15,29,0.0,0
11480,14,15,29,0.0,0
11481,14,15,29,0.0,0
11482,14,15,29,0.0,0
11483,14,15,29,0.0,0
11484,14,15,29,0.0,0
11485,14,15,29,0.0,0
11486,14,15,29,0.0,0
11487,14,15,29,0.0,0
11488,14,15,29,0.0,0
11489,14,15,29,0.0,0
11490,14,15,29,0.0,0
11491,14,15,29,0.0,0
11492,14,15,29,0.0,0
11493,14,15,29,0.0,0
11494,14,15,29,0.0,0
11495,14,15,29,0.0,0
11496,14,15,29,0.0,0
11497,14,15,29,0.0,0
11498,14,15,29,0.0,0
11499,14,15,29,0.0,0
11500,14,15,29,0.0,0
11501,14,15,29,0.0,0
11502,14,15,29,0.0,0
11503,14,15,29,0.0,0
11504,14,15,29,0.0,0
11505,14,15,29,0.0,0
11506,14,15,29,0.0,0
11507,14,15,29,0.0,0
11508,14,15,29,0.0,0
11509,14,15,29,0.0,0
11510,14,15,29,0.0,0
11511,14,15,29,0.0,0
11512,14,15,29,0.0,0
11513,14,15,29,0.0,0
11514,14,15,29,0.0,0
11515,14,15,29,0.0,0
11516,14,15,29,0.0,0
11517,14,15,29,0.0,0
11518,14,15,29,0.0,0
11519,14,15,29,0.0,0
11520,14,15,29,0.0,0
11521,14,15,29,0.0,0
11522,14,15,29,0.0,0
11523,14,15,29,0.0,0
11524,14,15,29,0.0,0
11525,14,15,29,0.0,0
11526,14,15,29,0.0,0
11527,14,15,29,0.0,0
11528,14,15,29,0.0,0
11529,14,15,29,0.0,0
11530,14,15,29,0.0,0
11531,14,15,29,0.0,0
11532,14,15,29,0.0,0
11533,14,15,29,0.0,0
11534,14,15,29,0.0,0
11535,14,15,29,0.0,0
11536,14,15,29,0.0,0
11537,14,15,29,0.0,0
11538,14,15,29,0.0,0
11539,14,15,29,0.0,0
11540,14,15,29,0.0,0
11541,14,15,29,0.0,0
11542,14,15,29,0.0,0
11543,14,15,29,0.0,0
11544,14,15,29,0.0,0
11545,14,15,29,0.0,0
11546,14,15,29,0.0,0
11547,14,15,29,0.0,0
11548,14,15,29,0.0,0
11549,14,15,29,0.0,0
11550,14,15,29,0.0,0
11551,14,15,29,0.0,0
11552,14,15,29,0.0,0
11553,14,15,29,0.0,0
11554,14,15,29,0.0,0
11555,14,15,29,0.0,0
11556,14,15,29,0.0,0
11557,14,15,29,0.0,0
11558,14,15,29,0.0,0
11559,14,15,29,0.0,0
11560,14,15,29,0.0,0
11561,14,15,29,0.0,0
11562,14,15,29,0.0,0
11563,14,15,29,0.0,0
11564,14,15,29,0.0,0
11565,14,15,29,0.0,0
11566,14,15,29,0.0,0
11567,14,15,29,0.0,0
11568,14,15,29,0.0,0
11569,14,15,29,0.0,0
11570,14,15,29,0.0,0
11571,14,15,29,0.0,0
11572,14,15,29,0.0,0
11573,14,15,29,0.0,0
11574,14,15,29,0.0,0
11575,14,15,29,0.0,0
11576,14,15,29,0.0,0
11577,14,15,29,0.0,0
11578,14,15,29,0.0,0
11579,14,15,29,0.0,0
11580,14,15,29,0.0,0
11581,14,15,29,0.0,0
11582,14,15,29,0.0,0
11583,14,15,29,0.0,0
11584,14,15,29,0.0,0
11585,14,15,29,0.0,0
11586,14,15,29,0.0,0
11587,14,15,29,0.0,0
11588,14,15,29,0.0,0
11589,14,15,29,0.0,0
11590,14,15,29,0.0,0
11591,14,15,29,0.0,0
11592,14,15,29,0.0,0
11593,14,15,29,0.0,0
11594,14,15,29,0.0,0
11595,14,15,29,0.0,0
11596,14,15,29,0.0,0
11597,14,15,29,0.0,0
11598,14,15,29,0.0,0
11599,14,15,29,0.0,0
11600,14,15,29,0.0,0
11601,14,15,29,0.0,0
11602,14,15,29,0.0,0
11603,14,15,29,0.0,0
11604,14,15,29,0.0,0
11605,14,15,29,0.0,0
11606,14,15,29,0.0,0
11607,14,15,29,0.0,0
11608,14,15,29,0.0,0
11609,14,15,29,0.0,0
11610,14,15,29,0.0,0
11611,14,15,29,0.0,0
11612,14,15,29,0.0,0
11613,14,15,29,0.0,0
11614,14,15,29,0.0,0
11615,14,15,29,0.0,0
11616,14,15,29,0.0,0
11617,14,15,29,0.0,0
11618,14,15,29,0.0,0
11619,14,15,29,0.0,0
11620,14,15,29,0.0,0
11621,14,15,29,0.0,0
11622,14,15,29,0.0,0
11623,14,15,29,0.0,0
11624,14,15,29,0.0,0
11625,14,15,29,0.0,0
11626,14,15,29,0.0,0
11627,14,15,29,0.0,0
11628,14,15,29,0.0,0
11629,14,15,29,0.0,0
11630,14,15,29,0.0,0
11631,14,15,29,0.0,0
11632,14,15,29,0.0,0
11633,14,15,29,0.0,0
11634,14,15,29,0.0,0
11635,14,15,29,0.0,0
11636,14,15,29,0.0,0
11637,14,15,29,0.0,0
11638,14,15,29,0.0,0
11639,14,15,29,0.0,0
11640,14,15,29,0.0,0
11641,14,15,29,0.0,0
11642,14,15,29,0.0,0
11643,14,15,29,0.0,0
11644,14,15,29,0.0,0
11645,14,15,29,0.0,0
11646,14,15,29,0.0,0
11647,14,15,29,0.0,0
11648,14,15,29,0.0,0
11649,14,15,29,0.0,0
11650,14,15,29,0.0,0
11651,14,15,29,0.0,0
11652,14,15,29,0.0,0
11653,14,15,29,0.0,0
11654,14,15,29,0.0,0
11655,14,15,29,0.0,0
11656,14,15,29,0.0,0
11657,14,15,29,0.0,0
11658,14,15,29,0.0,0
11659,14,15,29,0.0,0
11660,14,15,29,0.0,0
11661,14,15,29,0.0,0
11662,14,15,29,0.0,0
11663,14,15,29,0.0,0
11664,14,15,29,0.0,0
11665,14,15,29,0.0,0
11666,14,15,29,0.0,0
11667,14,15,29,0.0,0
11668,14,15,29,0.0,0
11669,14,15,29,0.0,0
11670,14,15,29,0.0,0
11671,14,15,29,0.0,0
11672,14,15,29,0.0,0
11673,14,15,29,0.0,0
11674,14,15,29,0.0,0
11675,14,15,29,0.0,0
11676,14,15,29,0.0,0
11677,14,15,29,0.0,0
11678,14,15,29,0.0,0
11679,14,15,29,0.0,0
11680,14,15,29,0.0,0
11681,14,15,29,0.0,0
11682,14,15,29,0.0,0
11683,14,15,29,0.0,0
11684,14,15,29,0.0,0
11685,14,15,29,0.0,0
11686,14,15,29,0.0,0
11687,14,15,29,0.0,0
11688,14,15,29,0.0,0
11689,14,15,29,0.0,0
11690,14,15,29,0.0,0
11691,14,15,29,0.0,0
11692,14,15,29,0.0,0
11693,14,15,29,0.0,0
11694,14,15,29,0.0,0
11695,14,15,29,0.0,0
11696,14,15,29,0.0,0
11697,14,15,29,0.0,0
11698,14,15,29,0.0,0
11699,14,15,29,0.0,0
11700,14,15,29,0.0,0
11701,14,15,29,0.0,0
11702,14,15,29,0.0,0
11703,14,15,29,0.0,0
11704,14,15,29,0.0,0
11705,14,15,29,0.0,0
11706,14,15,29,0.0,0
11707,14,15,29,0.0,0
11708,14,15,29,0.0,0
11709,14,15,29,0.0,0
11710,14,15,29,0.0,0
11711,14,15,29,0.0,0
11712,14,15,29,0.0,0
11713,14,15,29,0.0,0
11714,14,15,29,0.0,0
11715,14,15,29,0.0,0
11716,14,15,29,0.0,0
11717,14,15,29,0.0,0
11718,14,15,29,0.0,0
11719,14,15,29,0.0,0
11720,14,15,29,0.0,0
11721,14,15,29,0.0,0
11722,14,15,29,0.0,0
11723,14,15,29,0.0,0
11724,14,15,29,0.0,0
11725,14,15,29,0.0,0
11726,14,15,29,0.0,0
11727,14,15,29,0.0,0
11728,14,15,29,0.0,0
11729,14,15,29,0.0,0
11730,14,15,29,0.0,0
11731,14,15,29,0.0,0
11732,14,15,29,0.0,0
11733,14,15,29,0.0,0
11734,14,15,29,0.0,0
11735,14,15,29,0.0,0
11736,14,15,29,0.0,0
11737,14,15,29,0.0,0
11738,14,15,29,0.0,0
11739,14,15,29,0.0,0
11740,14,15,29,0.0,0
11741,14,15,29,0.0,0
11742,14,15,29,0.0,0
11743,14,15,29,0.0,0
11744,14,15,29,0.0,0
11745,14,15,29,0.0,0
11746,14,15,29,0.0,0
11747,14,15,29,0.0,0
11748,14,15,29,0.0,0
11749,14,15,29,0.0,0
11750,14,15,29,0.0,0
11751,14,15,29,0.0,0
11752,14,15,29,0.0,0
11753,14,15,29,0.0,0
11754,14,15,29,0.0,0
11755,14,15,29,0.0,0
11756,14,15,29,0.0,0
11757,14,15,29,0.0,0
11758,14,15,29,0.0,0
11759,14,15,29,0.0,0
11760,14,15,29,0.0,0
11761,14,15,29,0.0,0
11762,14,15,29,0.0,0
11763,14,15,29,0.0,0
11764,14,15,29,0.0,0
11765,14,15,29,0.0,0
11766,14,15,29,0.0,0
11767,14,15,29,0.0,0
11768,14,15,29,0.0,0
11769,14,15,29,0.0,0
11770,14,15,29,0.0,0
11771,14,15,29,0.0,0
11772,14,15,29,0.0,0
11773,14,15,29,0.0,0
11774,14,15,29,0.0,0
11775,14,15,29,0.0,0
11776,14,15,29,0.0,0
11777,14,15,29,0.0,0
11778,14,15,29,0.0,0
11779,14,15,29,0.0,0
11780,14,15,29,0.0,0
11781,14,15,29,0.0,0
11782,14,15,29,0.0,0
11783,14,15,29,0.0,0
11784,14,15,29,0.0,0
11785,14,15,29,0.0,0
11786,14,15,29,0.0,0
11787,14,15,29,0.0,0
11788,14,15,29,0.0,0
11789,14,15,29,0.0,0
11790,14,15,29,0.0,0
11791,14,15,29,0.0,0
11792,14,15,29,0.0,0
11793,14,15,29,0.0,0
11794,14,15,29,0.0,0
11795,14,15,29,0.0,0
11796,14,15,29,0.0,0
11797,14,15,29,0.0,0
11798,14,15,29,0.0,0
11799,14,15,29,0.0,0
11800,14,15,29,0.0,0
11801,14,15,29,0.0,0
11802,14,15,29,0.0,0
11803,14,15,29,0.0,0
11804,14,15,29,0.0,0
11805,14,15,29,0.0,0
11806,14,15,29,0.0,0
11807,14,15,29,0.0,0
11808,14,15,29,0.0,0
11809,14,15,29,0.0,0
11810,14,15,29,0.0,0
11811,14,15,29,0.0,0
11812,14,15,29,0.0,0
11813,14,15,29,0.0,0
11814,14,15,29,0.0,0
11815,14,15,29,0.0,0
11816,14,15,29,0.0,0
11817,14,15,29,0.0,0
11818,14,15,29,0.0,0
11819,14,15,29,0.0,0
11820,14,15,29,0.0,0
11821,14,15,29,0.0,0
11822,14,15,29,0.0,0
11823,14,15,29,0.0,0
11824,14,15,29,0.0,0
11825,14,15,29,0.0,0
11826,14,15,29,0.0,0
11827,14,15,29,0.0,0
11828,14,15,29,0.0,0
11829,14,15,29,0.0,0
11830,14,15,29,0.0,0
11831,14,15,29,0.0,0
11832,14,15,29,0.0,0
11833,14,15,29,0.0,0
11834,14,15,29,0.0,0
11835,14,15,29,0.0,0
11836,14,15,29,0.0,0
11837,14,15,29,0.0,0
11838,14,15,29,0.0,0
11839,14,15,29,0.0,0
11840,14,15,29,0.0,0
11841,14,15,29,0.0,0
11842,14,15,29,0.0,0
11843,14,15,29,0.0,0
11844,14,15,29,0.0,0
11845,14,15,29,0.0,0
11846,14,15,29,0.0,0
11847,14,15,29,0.0,0
11848,14,15,29,0.0,0
11849,14,15,29,0.0,0
11850,14,15,29,0.0,0
11851,14,15,29,0.0,0
11852,14,15,29,0.0,0
11853,14,15,29,0.0,0
11854,14,15,29,0.0,0
11855,14,15,29,0.0,0
11856,14,15,29,0.0,0
11857,14,15,29,0.0,0
11858,14,15,29,0.0,0
11859,14,15,29,0.0,0
11860,14,15,29,0.0,0
11861,14,15,29,0.0,0
11862,14,15,29,0.0,0
11863,14,15,29,0.0,0
11864,14,15,29,0.0,0
11865,14,15,29,0.0,0
11866,14,15,29,0.0,0
11867,14,15,29,0.0,0
11868,14,15,29,0.0,0
11869,14,15,29,0.0,0
11870,14,15,29,0.0,0
11871,14,15,29,0.0,0
11872,14,15,29,0.0,0
11873,14,15,29,0.0,0
11874,14,15,29,0.0,0
11875,14,15,29,0.0,0
11876,14,15,29,0.0,0
11877,14,15,29,0.0,0
11878,14,15,29,0.0,0
11879,14,15,29,0.0,0
11880,14,15,29,0.0,0
11881,14,15,29,0.0,0
11882,14,15,29,0.0,0
11883,14,15,29,0.0,0
11884,14,15,29,0.0,0
11885,14,15,29,0.0,0
11886,14,15,29,0.0,0
11887,14,15,29,0.0,0
11888,14,15,29,0.0,0
11889,14,15,29,0.0,0
11890,14,15,29,0.0,0
11891,14,15,29,0.0,0
11892,14,15,29,0.0,0
11893,14,15,29,0.0,0
11894,14,15,29,0.0,0
11895,14,15,29,0.0,0
11896,14,15,29,0.0,0
11897,14,15,29,0.0,0
11898,14,15,29,0.0,0
11899,14,15,29,0.0,0
11900,14,15,29,0.0,0
11901,14,15,29,0.0,0
11902,14,15,29,0.0,0
11903,14,15,29,0.0,0
11904,14,15,29,0.0,0
11905,14,15,29,0.0,0
11906,14,15,29,0.0,0
11907,14,15,29,0.0,0
11908,14,15,29,0.0,0
11909,14,15,29,0.0,0
11910,14,15,29,0.0,0
11911,14,15,29,0.0,0
11912,14,15,29,0.0,0
11913,14,15,29,0.0,0
11914,14,15,29,0.0,0
11915,14,15,29,0.0,0
11916,14,15,29,0.0,0
11917,14,15,29,0.0,0
11918,14,15,29,0.0,0
11919,14,15,29,0.0,0
11920,14,15,29,0.0,0
11921,14,15,29,0.0,0
11922,14,15,29,0.0,0
11923,14,15,29,0.0,0
11924,14,15,29,0.0,0
11925,14,15,29,0.0,0
11926,14,15,29,0.0,0
11927,14,15,29,0.0,0
11928,14,15,29,0.0,0
11929,14,15,29,0.0,0
11930,14,16,30,0.0,0
11931,14,16,30,0.0,0
11932,14,16,30,0.0,0
11933,14,16,30,0.0,0
11934,14,16,30,0.0,0
11935,14,16,30,0.0,0
11936,14,16,30,0.0,0
11937,14,16,30,0.0,0
11938,14,16,30,0.0,0
11939,14,16,30,0.0,0
11940,14,16,30,0.0,0
11941,14,16,30,0.0,0
11942,14,16,30,0.0,0
11943,14,16,30,0.0,0
11944,14,16,30,0.0,0
11945,14,16,30,0.0,0
11946,14,16,30,0.0,0
11947,14,16,30,0.0,0
11948,14,16,30,0.0,0
11949,14,16,30,0.0,0
11950,14,16,30,0.0,0
11951,14,16,30,0.0,0
11952,14,16,30,0.0,0
11953,14,16,30,0.0,0
11954,14,16,30,0.0,0
11955,14,16,30,0.0,0
11956,14,16,30,0.0,0
11957,14,16,30,0.0,0
11958,14,16,30,0.0,0
11959,14,16,30,0.0,0
11960,14,16,30,0.0,0
11961,14,16,30,0.0,0
11962,14,16,30,0.0,0
11963,14,16,30,0.0,0
