counter,red_count,blue_count,total_count,average_radiation_level,total_radiation_level
0,0,0,0,0,0
1,0,0,0,0,0
2,0,0,0,0,0
3,0,0,0,0,0
4,0,0,0,0,0
5,0,0,0,0,0
6,0,0,0,0,0
7,0,0,0,0,0
8,0,0,0,0,0
9,0,0,0,0,0
10,0,0,0,0,0
11,0,0,0,0,0
12,0,0,0,0,0
13,0,0,0,0,0
14,0,0,0,0,0
15,0,0,0,0,0
16,0,0,0,0,0
17,0,0,0,0,0
18,0,0,0,0,0
19,0,0,0,0,0
20,0,0,0,0,0
21,0,0,0,0,0
22,0,0,0,0,0
23,0,0,0,0,0
24,0,0,0,0,0
25,0,0,0,0,0
26,0,0,0,0,0
27,0,0,0,0,0
28,0,0,0,0,0
29,0,0,0,0,0
30,0,0,0,0,0
31,0,0,0,0,0
32,0,0,0,0,0
33,0,0,0,0,0
34,0,0,0,0,0
35,0,0,0,0,0
36,0,0,0,0,0
37,0,0,0,0,0
38,0,0,0,0,0
39,0,0,0,0,0
40,0,0,0,0,0
41,0,0,0,0,0
42,0,0,0,0,0
43,0,0,0,0,0
44,0,0,0,0,0
45,0,0,0,0,0
46,0,0,0,0,0
47,0,0,0,0,0
48,0,0,0,0,0
49,0,0,0,0,0
50,0,0,0,0,0
51,0,0,0,0,0
52,0,0,0,0,0
53,0,0,0,0,0
54,0,0,0,0,0
55,0,0,0,0,0
56,0,0,0,0,0
57,0,0,0,0,0
58,0,0,0,0,0
59,0,0,0,0,0
60,0,0,0,0,0
61,0,0,0,0,0
62,0,0,0,0,0
63,0,0,0,0,0
64,0,0,0,0,0
65,0,0,0,0,0
66,0,0,0,0,0
67,0,0,0,0,0
68,0,0,0,0,0
69,0,0,0,0,0
70,0,0,0,0,0
71,0,0,0,0,0
72,0,0,0,0,0
73,0,0,0,0,0
74,0,0,0,0,0
75,0,0,0,0,0
76,0,0,0,0,0
77,0,0,0,0,0
78,0,0,0,0,0
79,0,0,0,0,0
80,0,0,0,0,0
81,0,0,0,0,0
82,0,0,0,0,0
83,0,0,0,0,0
84,0,0,0,0,0
85,0,0,0,0,0
86,0,0,0,0,0
87,0,0,0,0,0
88,0,0,0,0,0
89,0,0,0,0,0
90,0,0,0,0,0
91,0,0,0,0,0
92,0,0,0,0,0
93,0,0,0,0,0
94,0,0,0,0,0
95,0,0,0,0,0
96,0,0,0,0,0
97,0,0,0,0,0
98,0,0,0,0,0
99,0,0,0,0,0
100,0,0,0,0,0
101,0,0,0,0,0
102,0,0,0,0,0
103,0,0,0,0,0
104,0,0,0,0,0
105,0,0,0,0,0
106,0,0,0,0,0
107,0,0,0,0,0
108,0,0,0,0,0
109,0,0,0,0,0
110,0,0,0,0,0
111,0,0,0,0,0
112,0,0,0,0,0
113,0,0,0,0,0
114,0,0,0,0,0
115,0,0,0,0,0
116,0,0,0,0,0
117,0,0,0,0,0
118,0,0,0,0,0
119,0,0,0,0,0
120,0,0,0,0,0
121,0,0,0,0,0
122,0,0,0,0,0
123,0,0,0,0,0
124,0,0,0,0,0
125,0,0,0,0,0
126,0,0,0,0,0
127,0,0,0,0,0
128,0,0,0,0,0
129,0,0,0,0,0
130,0,0,0,0,0
131,0,0,0,0,0
132,0,0,0,1.0,1
133,0,0,0,2.0,2
134,0,0,0,3.0,3
135,0,0,0,4.0,4
136,0,0,0,5.0,5
137,0,0,0,6.0,6
138,0,0,0,7.0,7
139,0,0,0,8.0,8
140,0,0,0,9.0,9
141,0,0,0,10.0,10
142,0,0,0,11.0,11
143,0,0,0,12.0,12
144,0,0,0,13.0,13
145,0,0,0,14.0,14
146,0,0,0,15.0,15
147,0,0,0,16.0,16
148,0,0,0,17.0,17
149,0,0,0,18.0,18
150,0,0,0,19.0,19
151,0,0,0,20.0,20
152,0,0,0,21.0,21
153,0,0,0,22.0,22
154,0,0,0,23.0,23
155,0,0,0,24.0,24
156,0,0,0,25.0,25
157,0,0,0,26.0,26
158,0,0,0,27.0,27
159,0,0,0,28.0,28
160,0,0,0,29.0,29
161,0,0,0,30.0,30
162,0,0,0,31.0,31
163,0,0,0,32.0,32
164,0,0,0,33.0,33
165,0,0,0,34.0,34
166,0,0,0,35.0,35
167,0,0,0,36.0,36
168,0,0,0,37.0,37
169,0,0,0,38.0,38
170,0,0,0,39.0,39
171,0,0,0,40.0,40
172,0,0,0,41.0,41
173,0,0,0,42.0,42
174,0,0,0,43.0,43
175,0,0,0,44.0,44
176,0,0,0,45.0,45
177,0,0,0,46.0,46
178,0,0,0,47.0,47
179,0,0,0,48.0,48
180,0,0,0,49.0,49
181,0,0,0,50.0,50
182,0,0,0,51.0,51
183,0,0,0,52.0,52
184,0,0,0,53.0,53
185,0,0,0,54.0,54
186,0,0,0,55.0,55
187,0,0,0,56.0,56
188,0,0,0,57.0,57
189,0,0,0,58.0,58
190,0,0,0,59.0,59
191,0,0,0,60.0,60
192,0,0,0,61.0,61
193,0,0,0,62.0,62
194,0,0,0,63.0,63
195,0,0,0,64.0,64
196,0,0,0,65.0,65
197,0,0,0,66.0,66
198,0,0,0,67.0,67
199,0,0,0,68.0,68
200,0,0,0,69.0,69
201,0,0,0,70.0,70
202,0,0,0,71.0,71
203,0,0,0,72.0,72
204,0,0,0,73.0,73
205,0,0,0,74.0,74
206,0,0,0,75.0,75
207,0,0,0,76.0,76
208,0,0,0,77.0,77
209,0,0,0,78.0,78
210,0,0,0,79.0,79
211,0,0,0,80.0,80
212,0,0,0,81.0,81
213,0,0,0,82.0,82
214,0,0,0,83.0,83
215,0,0,0,84.0,84
216,0,0,0,85.0,85
217,0,0,0,86.0,86
218,0,0,0,87.0,87
219,0,0,0,88.0,88
220,0,0,0,89.0,89
221,0,0,0,90.0,90
222,0,0,0,91.0,91
223,0,0,0,92.0,92
224,0,0,0,93.0,93
225,0,0,0,94.0,94
226,0,0,0,95.0,95
227,0,0,0,96.0,96
228,0,0,0,97.0,97
229,1,0,1,98.0,98
230,1,0,1,98.0,98
231,1,0,1,98.0,98
232,1,0,1,98.0,98
233,1,0,1,98.0,98
234,1,0,1,98.0,98
235,1,0,1,98.0,98
236,1,0,1,98.0,98
237,1,0,1,98.0,98
238,1,0,1,98.0,98
239,1,0,1,98.0,98
240,1,0,1,98.0,98
241,1,0,1,98.0,98
242,1,0,1,98.0,98
243,1,0,1,98.0,98
244,1,0,1,98.0,98
245,1,0,1,98.0,98
246,1,0,1,98.0,98
247,1,0,1,98.0,98
248,1,0,1,98.0,98
249,1,0,1,98.0,98
250,1,0,1,98.0,98
251,1,0,1,98.0,98
252,1,0,1,98.0,98
253,1,0,1,98.0,98
254,1,0,1,98.0,98
255,1,0,1,98.0,98
256,1,0,1,98.0,98
257,1,0,1,98.0,98
258,1,0,1,98.0,98
259,1,0,1,98.0,98
260,1,0,1,98.0,98
261,1,0,1,98.0,98
262,1,0,1,98.0,98
263,1,0,1,98.0,98
264,1,0,1,98.0,98
265,1,0,1,98.0,98
266,1,0,1,98.0,98
267,1,0,1,98.0,98
268,1,0,1,98.0,98
269,1,0,1,98.0,98
270,1,0,1,98.0,98
271,1,0,1,98.0,98
272,1,0,1,98.0,98
273,1,0,1,98.0,98
274,1,0,1,0.0,0
275,1,0,1,0.0,0
276,1,0,1,0.0,0
277,1,0,1,0.0,0
278,1,0,1,0.0,0
279,1,0,1,0.0,0
280,1,0,1,0.0,0
281,1,0,1,0.0,0
282,1,0,1,0.0,0
283,1,0,1,0.0,0
284,1,0,1,0.0,0
285,1,0,1,0.0,0
286,1,0,1,0.0,0
287,1,0,1,0.0,0
288,1,0,1,0.0,0
289,1,0,1,0.0,0
290,1,0,1,0.0,0
291,1,0,1,0.0,0
292,1,0,1,0.0,0
293,1,0,1,0.0,0
294,1,0,1,0.0,0
295,1,0,1,0.0,0
296,1,0,1,0.0,0
297,1,0,1,0.0,0
298,1,0,1,0.0,0
299,1,0,1,0.0,0
300,1,0,1,0.0,0
301,1,0,1,0.0,0
302,1,0,1,0.0,0
303,1,0,1,0.0,0
304,1,0,1,0.0,0
305,1,0,1,0.0,0
306,1,0,1,0.0,0
307,1,0,1,0.0,0
308,1,0,1,0.0,0
309,1,0,1,0.0,0
310,1,0,1,0.0,0
311,1,0,1,0.0,0
312,1,0,1,0.0,0
313,1,0,1,0.0,0
314,1,0,1,0.0,0
315,1,0,1,0.0,0
316,1,0,1,0.0,0
317,1,0,1,0.0,0
318,1,0,1,0.0,0
319,1,0,1,0.0,0
320,1,0,1,0.0,0
321,1,0,1,0.0,0
322,1,0,1,0.0,0
323,1,0,1,0.0,0
324,1,0,1,0.0,0
325,1,0,1,0.0,0
326,1,0,1,0.0,0
327,1,0,1,0.0,0
328,1,0,1,0.0,0
329,1,0,1,0.0,0
330,1,0,1,0.0,0
331,1,0,1,0.0,0
332,1,0,1,0.0,0
333,1,0,1,0.0,0
334,1,0,1,0.0,0
335,1,0,1,0.0,0
336,1,0,1,0.0,0
337,1,0,1,0.0,0
338,1,0,1,0.0,0
339,1,0,1,0.0,0
340,1,0,1,0.0,0
341,1,0,1,0.0,0
342,1,0,1,0.0,0
343,1,0,1,0.0,0
344,1,0,1,0.0,0
345,1,0,1,0.0,0
346,1,0,1,0.0,0
347,1,0,1,0.0,0
348,1,0,1,0.0,0
349,1,0,1,0.0,0
350,1,0,1,0.0,0
351,1,0,1,0.0,0
352,1,0,1,0.0,0
353,1,0,1,0.0,0
354,1,0,1,0.0,0
355,1,0,1,0.0,0
356,1,0,1,0.0,0
357,1,0,1,0.0,0
358,1,0,1,0.0,0
359,1,0,1,1.0,1
360,1,0,1,2.0,2
361,1,0,1,3.0,3
362,1,0,1,4.0,4
363,1,0,1,5.0,5
364,1,0,1,6.0,6
365,1,0,1,7.0,7
366,1,0,1,8.0,8
367,1,0,1,9.0,9
368,1,0,1,10.0,10
369,1,0,1,11.0,11
370,1,0,1,12.0,12
371,1,0,1,13.0,13
372,1,0,1,14.0,14
373,1,0,1,15.0,15
374,1,0,1,16.0,16
375,1,0,1,17.0,17
376,1,0,1,18.0,18
377,1,0,1,19.0,19
378,1,0,1,20.0,20
379,1,0,1,21.0,21
380,1,0,1,22.0,22
381,1,0,1,23.0,23
382,1,0,1,24.0,24
383,1,0,1,25.0,25
384,1,0,1,26.0,26
385,1,0,1,27.0,27
386,1,0,1,28.0,28
387,1,0,1,29.0,29
388,1,0,1,30.0,30
389,1,0,1,31.0,31
390,1,0,1,32.0,32
391,1,0,1,33.0,33
392,1,0,1,34.0,34
393,1,0,1,35.0,35
394,1,0,1,36.0,36
395,1,0,1,37.0,37
396,1,0,1,38.0,38
397,1,0,1,39.0,39
398,1,0,1,40.0,40
399,1,0,1,41.0,41
400,1,0,1,42.0,42
401,1,0,1,43.0,43
402,1,0,1,44.0,44
403,1,0,1,45.0,45
404,1,0,1,46.0,46
405,1,0,1,47.0,47
406,1,0,1,48.0,48
407,1,0,1,49.0,49
408,1,0,1,50.0,50
409,1,0,1,51.0,51
410,1,0,1,52.0,52
411,1,0,1,53.0,53
412,1,0,1,54.0,54
413,1,0,1,55.0,55
414,1,0,1,56.0,56
415,1,0,1,57.0,57
416,1,0,1,58.0,58
417,1,0,1,59.0,59
418,1,0,1,60.0,60
419,1,0,1,61.0,61
420,1,0,1,62.0,62
421,1,0,1,63.0,63
422,1,0,1,64.0,64
423,1,0,1,65.0,65
424,1,0,1,66.0,66
425,1,0,1,67.0,67
426,1,0,1,68.0,68
427,1,0,1,69.0,69
428,1,0,1,70.0,70
429,1,0,1,71.0,71
430,1,0,1,72.0,72
431,1,0,1,73.0,73
432,1,0,1,74.0,74
433,1,0,1,75.0,75
434,1,0,1,76.0,76
435,1,0,1,77.0,77
436,1,0,1,78.0,78
437,1,0,1,79.0,79
438,1,0,1,80.0,80
439,1,0,1,81.0,81
440,1,0,1,82.0,82
441,1,0,1,83.0,83
442,1,0,1,84.0,84
443,1,0,1,85.0,85
444,1,0,1,86.0,86
445,1,0,1,87.0,87
446,1,0,1,88.0,88
447,1,0,1,89.0,89
448,1,0,1,90.0,90
449,2,0,2,91.0,91
450,2,0,2,91.0,91
451,2,0,2,91.0,91
452,2,0,2,91.0,91
453,2,0,2,91.0,91
454,2,0,2,91.0,91
455,2,0,2,91.0,91
456,2,0,2,91.0,91
457,2,0,2,91.0,91
458,2,0,2,91.0,91
459,2,0,2,91.0,91
460,2,0,2,91.0,91
461,2,0,2,91.0,91
462,2,0,2,91.0,91
463,2,0,2,91.0,91
464,2,0,2,91.0,91
465,2,0,2,91.0,91
466,2,0,2,91.0,91
467,2,0,2,91.0,91
468,2,0,2,91.0,91
469,2,0,2,91.0,91
470,2,0,2,91.0,91
471,2,0,2,91.0,91
472,2,0,2,91.0,91
473,2,0,2,91.0,91
474,2,0,2,91.0,91
475,2,0,2,91.0,91
476,2,0,2,91.0,91
477,2,0,2,91.0,91
478,2,0,2,91.0,91
479,2,0,2,91.0,91
480,2,0,2,91.0,91
481,2,0,2,91.0,91
482,2,0,2,91.0,91
483,2,0,2,91.0,91
484,2,0,2,91.0,91
485,2,0,2,91.0,91
486,2,0,2,91.0,91
487,2,0,2,91.0,91
488,2,0,2,0.0,0
489,2,0,2,0.0,0
490,2,0,2,0.0,0
491,2,0,2,0.0,0
492,2,0,2,0.0,0
493,2,0,2,0.0,0
494,2,0,2,0.0,0
495,2,0,2,0.0,0
496,2,0,2,0.0,0
497,2,0,2,0.0,0
498,2,0,2,0.0,0
499,2,0,2,0.0,0
500,2,0,2,0.0,0
501,2,0,2,0.0,0
502,2,0,2,0.0,0
503,2,0,2,0.0,0
504,2,0,2,0.0,0
505,2,0,2,0.0,0
506,2,0,2,0.0,0
507,2,0,2,0.0,0
508,2,0,2,0.0,0
509,2,0,2,0.0,0
510,2,0,2,0.0,0
511,2,0,2,0.0,0
512,2,0,2,0.0,0
513,2,0,2,0.0,0
514,2,0,2,0.0,0
515,2,0,2,0.0,0
516,2,0,2,0.0,0
517,2,0,2,0.0,0
518,2,0,2,0.0,0
519,2,0,2,0.0,0
520,2,0,2,0.0,0
521,2,0,2,0.0,0
522,2,0,2,0.0,0
523,2,0,2,0.0,0
524,2,0,2,0.0,0
525,2,0,2,0.0,0
526,2,0,2,0.0,0
527,2,0,2,0.0,0
528,2,0,2,0.0,0
529,2,0,2,0.0,0
530,2,0,2,0.0,0
531,2,0,2,0.0,0
532,2,0,2,0.0,0
533,2,0,2,0.0,0
534,2,0,2,0.0,0
535,2,0,2,0.0,0
536,2,0,2,0.0,0
537,2,0,2,0.0,0
538,2,0,2,0.0,0
539,2,0,2,0.0,0
540,2,0,2,0.0,0
541,2,0,2,0.0,0
542,2,0,2,0.0,0
543,2,0,2,0.0,0
544,2,0,2,0.0,0
545,2,0,2,0.0,0
546,2,0,2,0.0,0
547,2,0,2,0.0,0
548,2,0,2,0.0,0
549,2,0,2,0.0,0
550,2,0,2,0.0,0
551,2,0,2,0.0,0
552,2,0,2,0.0,0
553,2,0,2,0.0,0
554,2,0,2,0.0,0
555,2,0,2,0.0,0
556,2,0,2,0.0,0
557,2,0,2,0.0,0
558,2,0,2,0.0,0
559,2,0,2,0.0,0
560,2,0,2,0.0,0
561,2,0,2,0.0,0
562,2,0,2,0.0,0
563,2,0,2,0.0,0
564,2,0,2,0.0,0
565,2,0,2,0.0,0
566,2,0,2,0.0,0
567,2,0,2,0.0,0
568,2,0,2,0.0,0
569,2,0,2,0.0,0
570,2,0,2,0.0,0
571,2,0,2,0.0,0
572,2,0,2,0.0,0
573,2,0,2,0.0,0
574,2,0,2,0.0,0
575,2,0,2,0.0,0
576,2,0,2,0.0,0
577,2,0,2,0.0,0
578,2,0,2,0.0,0
579,2,0,2,0.0,0
580,2,0,2,0.0,0
581,2,0,2,0.0,0
582,2,0,2,0.0,0
583,2,0,2,0.0,0
584,2,0,2,0.0,0
585,2,0,2,0.0,0
586,2,0,2,0.0,0
587,2,0,2,0.0,0
588,2,0,2,0.0,0
589,2,0,2,0.0,0
590,2,0,2,0.0,0
591,2,0,2,0.0,0
592,2,0,2,0.0,0
593,2,0,2,0.0,0
594,2,0,2,0.0,0
595,2,0,2,0.0,0
596,2,0,2,0.0,0
597,2,0,2,0.0,0
598,2,0,2,0.0,0
599,2,0,2,0.0,0
600,2,0,2,0.0,0
601,2,0,2,0.0,0
602,2,0,2,0.0,0
603,2,0,2,0.0,0
604,2,0,2,0.0,0
605,2,0,2,0.0,0
606,2,0,2,0.0,0
607,2,0,2,0.0,0
608,2,0,2,0.0,0
609,2,0,2,0.0,0
610,2,0,2,0.0,0
611,2,0,2,0.0,0
612,2,0,2,0.0,0
613,2,0,2,0.0,0
614,2,0,2,0.0,0
615,2,0,2,0.0,0
616,2,0,2,0.0,0
617,2,0,2,0.0,0
618,2,0,2,0.0,0
619,2,0,2,0.0,0
620,2,0,2,0.0,0
621,2,0,2,0.0,0
622,2,0,2,0.0,0
623,2,0,2,0.0,0
624,2,0,2,0.0,0
625,2,0,2,0.0,0
626,2,0,2,0.0,0
627,2,0,2,0.0,0
628,2,0,2,0.0,0
629,2,0,2,0.0,0
630,2,0,2,0.0,0
631,2,0,2,0.0,0
632,2,0,2,0.0,0
633,2,0,2,0.0,0
634,2,0,2,0.0,0
635,2,0,2,0.0,0
636,2,0,2,0.0,0
637,2,0,2,0.0,0
638,2,0,2,0.0,0
639,2,0,2,0.0,0
640,2,0,2,0.0,0
641,2,0,2,0.0,0
642,2,0,2,0.0,0
643,2,0,2,0.0,0
644,2,1,3,0.0,0
645,2,1,3,0.0,0
646,2,1,3,0.0,0
647,2,1,3,0.0,0
648,2,1,3,0.0,0
649,2,1,3,0.0,0
650,2,1,3,0.0,0
651,2,1,3,0.0,0
652,2,1,3,0.0,0
653,2,1,3,0.0,0
654,2,1,3,0.0,0
655,2,1,3,0.0,0
656,2,1,3,0.0,0
657,2,1,3,0.0,0
658,2,1,3,0.0,0
659,2,1,3,0.0,0
660,2,1,3,0.0,0
661,2,1,3,0.0,0
662,2,1,3,0.0,0
663,2,1,3,0.0,0
664,2,1,3,0.0,0
665,2,1,3,0.0,0
666,2,1,3,0.0,0
667,2,1,3,0.0,0
668,2,1,3,0.0,0
669,2,1,3,0.0,0
670,2,1,3,0.0,0
671,2,1,3,0.0,0
672,2,1,3,0.0,0
673,2,1,3,0.0,0
674,2,1,3,0.0,0
675,2,1,3,0.0,0
676,2,1,3,0.0,0
677,2,1,3,0.0,0
678,2,1,3,0.0,0
679,2,1,3,0.0,0
680,2,1,3,0.0,0
681,2,1,3,0.0,0
682,2,1,3,0.0,0
683,2,1,3,0.0,0
684,2,1,3,0.0,0
685,2,1,3,0.0,0
686,2,1,3,0.0,0
687,2,1,3,0.0,0
688,2,1,3,0.0,0
689,2,1,3,0.0,0
690,2,1,3,0.0,0
691,2,1,3,0.0,0
692,2,1,3,0.0,0
693,2,1,3,0.0,0
694,2,1,3,0.0,0
695,2,1,3,0.0,0
696,2,1,3,0.0,0
697,2,1,3,0.0,0
698,2,1,3,0.0,0
699,2,1,3,0.0,0
700,2,1,3,0.0,0
701,2,1,3,0.0,0
702,2,1,3,0.0,0
703,2,1,3,0.0,0
704,2,1,3,0.0,0
705,2,1,3,0.0,0
706,2,1,3,0.0,0
707,2,1,3,0.0,0
708,2,1,3,0.0,0
709,2,1,3,0.0,0
710,2,1,3,0.0,0
711,2,1,3,0.0,0
712,2,1,3,0.0,0
713,2,1,3,0.0,0
714,2,1,3,0.0,0
715,2,1,3,0.0,0
716,2,1,3,0.0,0
717,2,1,3,0.0,0
718,2,1,3,0.0,0
719,2,1,3,0.0,0
720,2,1,3,0.0,0
721,2,1,3,0.0,0
722,2,1,3,0.0,0
723,2,1,3,0.0,0
724,2,1,3,0.0,0
725,2,1,3,0.0,0
726,2,1,3,0.0,0
727,2,1,3,0.0,0
728,2,1,3,0.0,0
729,2,1,3,0.0,0
730,2,1,3,0.0,0
731,2,1,3,0.0,0
732,2,1,3,0.0,0
733,2,1,3,0.0,0
734,2,1,3,0.0,0
735,2,1,3,0.0,0
736,2,1,3,0.0,0
737,2,1,3,0.0,0
738,2,1,3,0.0,0
739,2,1,3,0.0,0
740,2,1,3,0.0,0
741,2,1,3,0.0,0
742,2,1,3,0.0,0
743,2,1,3,0.0,0
744,2,1,3,0.0,0
745,2,1,3,0.0,0
746,2,1,3,0.0,0
747,2,1,3,0.0,0
748,2,1,3,0.0,0
749,2,1,3,0.0,0
750,2,1,3,0.0,0
751,2,1,3,0.0,0
752,2,1,3,0.0,0
753,2,1,3,0.0,0
754,2,1,3,0.0,0
755,2,1,3,0.0,0
756,2,1,3,0.0,0
757,2,1,3,0.0,0
758,2,1,3,1.0,1
759,2,1,3,2.0,2
760,2,1,3,3.0,3
761,2,1,3,4.0,4
762,2,1,3,5.0,5
763,2,1,3,6.0,6
764,2,1,3,7.0,7
765,2,1,3,8.0,8
766,2,1,3,9.0,9
767,2,1,3,10.0,10
768,2,1,3,11.0,11
769,2,1,3,12.0,12
770,2,1,3,13.0,13
771,2,1,3,14.0,14
772,2,1,3,15.0,15
773,2,1,3,16.0,16
774,2,1,3,17.0,17
775,2,1,3,18.0,18
776,2,1,3,19.0,19
777,2,1,3,20.0,20
778,2,1,3,21.0,21
779,2,1,3,22.0,22
780,2,1,3,23.0,23
781,2,1,3,24.0,24
782,2,1,3,25.0,25
783,2,1,3,26.0,26
784,2,1,3,27.0,27
785,2,1,3,28.0,28
786,2,1,3,29.0,29
787,2,1,3,30.0,30
788,2,1,3,31.0,31
789,2,1,3,32.0,32
790,2,1,3,33.0,33
791,2,1,3,34.0,34
792,2,1,3,35.0,35
793,2,1,3,36.0,36
794,2,1,3,37.0,37
795,2,1,3,38.0,38
796,2,1,3,39.0,39
797,2,1,3,40.0,40
798,2,1,3,41.0,41
799,2,1,3,42.0,42
800,2,1,3,43.0,43
801,2,1,3,44.0,44
802,2,1,3,45.0,45
803,2,1,3,46.0,46
804,2,1,3,47.0,47
805,2,1,3,48.0,48
806,2,1,3,49.0,49
807,2,1,3,50.0,50
808,2,1,3,51.0,51
809,2,1,3,52.0,52
810,2,1,3,53.0,53
811,2,1,3,54.0,54
812,2,1,3,55.0,55
813,2,1,3,56.0,56
814,2,1,3,57.0,57
815,2,1,3,58.0,58
816,2,1,3,59.0,59
817,2,1,3,60.0,60
818,2,1,3,61.0,61
819,2,1,3,62.0,62
820,2,1,3,63.0,63
821,2,1,3,64.0,64
822,2,1,3,65.0,65
823,2,1,3,66.0,66
824,2,1,3,67.0,67
825,2,1,3,68.0,68
826,2,1,3,69.0,69
827,2,1,3,70.0,70
828,2,1,3,71.0,71
829,2,1,3,72.0,72
830,2,1,3,73.0,73
831,2,1,3,74.0,74
832,2,1,3,75.0,75
833,2,1,3,76.0,76
834,2,1,3,77.0,77
835,2,1,3,78.0,78
836,2,1,3,79.0,79
837,2,1,3,80.0,80
838,2,1,3,81.0,81
839,2,1,3,82.0,82
840,2,1,3,83.0,83
841,2,1,3,84.0,84
842,2,1,3,85.0,85
843,2,1,3,86.0,86
844,3,1,4,87.0,87
845,3,1,4,87.0,87
846,3,1,4,87.0,87
847,3,1,4,87.0,87
848,3,1,4,87.0,87
849,3,1,4,87.0,87
850,3,1,4,87.0,87
851,3,1,4,87.0,87
852,3,1,4,87.0,87
853,3,1,4,87.0,87
854,3,1,4,87.0,87
855,3,1,4,87.0,87
856,3,1,4,87.0,87
857,3,1,4,87.0,87
858,3,1,4,87.0,87
859,3,1,4,87.0,87
860,3,1,4,87.0,87
861,3,1,4,87.0,87
862,3,1,4,87.0,87
863,3,1,4,87.0,87
864,3,1,4,87.0,87
865,3,1,4,87.0,87
866,3,1,4,87.0,87
867,3,1,4,87.0,87
868,3,1,4,87.0,87
869,3,1,4,87.0,87
870,3,1,4,87.0,87
871,3,1,4,87.0,87
872,3,1,4,87.0,87
873,3,1,4,87.0,87
874,3,1,4,87.0,87
875,3,1,4,87.0,87
876,3,1,4,87.0,87
877,3,1,4,87.0,87
878,3,1,4,87.0,87
879,3,1,4,87.0,87
880,3,1,4,87.0,87
881,3,1,4,87.0,87
882,3,1,4,87.0,87
883,3,1,4,87.0,87
884,3,1,4,87.0,87
885,3,1,4,87.0,87
886,3,1,4,0.0,0
887,3,1,4,0.0,0
888,3,1,4,0.0,0
889,3,1,4,0.0,0
890,3,1,4,0.0,0
891,3,1,4,0.0,0
892,3,1,4,0.0,0
893,3,1,4,0.0,0
894,3,1,4,0.0,0
895,3,1,4,0.0,0
896,3,1,4,0.0,0
897,3,1,4,0.0,0
898,3,1,4,0.0,0
899,3,1,4,0.0,0
900,3,1,4,0.0,0
901,3,1,4,0.0,0
902,3,1,4,0.0,0
903,3,1,4,0.0,0
904,3,1,4,0.0,0
905,3,1,4,0.0,0
906,3,1,4,0.0,0
907,3,1,4,0.0,0
908,3,1,4,0.0,0
909,3,1,4,0.0,0
910,3,1,4,0.0,0
911,3,1,4,0.0,0
912,3,1,4,0.0,0
913,3,1,4,0.0,0
914,3,1,4,0.0,0
915,3,1,4,0.0,0
916,3,1,4,0.0,0
917,3,1,4,0.0,0
918,3,1,4,0.0,0
919,3,1,4,0.0,0
920,3,1,4,0.0,0
921,3,1,4,0.0,0
922,3,1,4,0.0,0
923,3,1,4,0.0,0
924,3,1,4,0.0,0
925,3,1,4,0.0,0
926,3,1,4,0.0,0
927,3,1,4,0.0,0
928,3,1,4,0.0,0
929,3,1,4,0.0,0
930,3,1,4,0.0,0
931,3,1,4,0.0,0
932,3,1,4,0.0,0
933,3,1,4,0.0,0
934,3,1,4,0.0,0
935,3,1,4,0.0,0
936,3,1,4,0.0,0
937,3,1,4,0.0,0
938,3,1,4,0.0,0
939,3,1,4,0.0,0
940,3,1,4,0.0,0
941,3,1,4,0.0,0
942,3,1,4,0.0,0
943,3,1,4,0.0,0
944,3,1,4,0.0,0
945,3,1,4,0.0,0
946,3,1,4,0.0,0
947,3,1,4,0.0,0
948,3,1,4,0.0,0
949,3,1,4,0.0,0
950,3,1,4,0.0,0
951,3,1,4,0.0,0
952,3,1,4,0.0,0
953,3,1,4,0.0,0
954,3,1,4,0.0,0
955,3,1,4,0.0,0
956,3,1,4,0.0,0
957,3,1,4,0.0,0
958,3,1,4,0.0,0
959,3,1,4,0.0,0
960,3,1,4,0.0,0
961,3,1,4,0.0,0
962,3,1,4,0.0,0
963,3,1,4,0.0,0
964,3,1,4,0.0,0
965,3,1,4,0.0,0
966,3,1,4,1.0,1
967,3,1,4,2.0,2
968,3,1,4,3.0,3
969,3,1,4,4.0,4
970,3,1,4,5.0,5
971,3,1,4,6.0,6
972,3,1,4,7.0,7
973,3,1,4,8.0,8
974,3,1,4,9.0,9
975,3,1,4,10.0,10
976,3,1,4,11.0,11
977,3,1,4,12.0,12
978,3,1,4,13.0,13
979,3,1,4,14.0,14
980,3,1,4,15.0,15
981,3,1,4,16.0,16
982,3,1,4,17.0,17
983,3,1,4,18.0,18
984,3,1,4,19.0,19
985,3,1,4,20.0,20
986,3,1,4,21.0,21
987,3,1,4,22.0,22
988,3,1,4,23.0,23
989,3,1,4,24.0,24
990,3,1,4,25.0,25
991,3,1,4,26.0,26
992,3,1,4,27.0,27
993,3,1,4,28.0,28
994,3,1,4,29.0,29
995,3,1,4,30.0,30
996,3,1,4,31.0,31
997,3,1,4,32.0,32
998,3,1,4,33.0,33
999,3,1,4,34.0,34
1000,3,1,4,35.0,35
1001,3,1,4,36.0,36
1002,3,1,4,37.0,37
1003,3,1,4,38.0,38
1004,3,1,4,39.0,39
1005,3,1,4,40.0,40
1006,3,1,4,41.0,41
1007,3,1,4,42.0,42
1008,3,1,4,43.0,43
1009,3,1,4,44.0,44
1010,3,1,4,45.0,45
1011,3,1,4,46.0,46
1012,3,1,4,47.0,47
1013,3,1,4,48.0,48
1014,3,1,4,49.0,49
1015,3,1,4,50.0,50
1016,3,1,4,51.0,51
1017,3,1,4,52.0,52
1018,3,1,4,53.0,53
1019,3,1,4,54.0,54
1020,3,1,4,55.0,55
1021,3,1,4,56.0,56
1022,3,1,4,57.0,57
1023,3,1,4,58.0,58
1024,3,1,4,59.0,59
1025,3,1,4,60.0,60
1026,3,1,4,61.0,61
1027,3,1,4,62.0,62
1028,3,1,4,63.0,63
1029,3,1,4,64.0,64
1030,3,1,4,65.0,65
1031,3,1,4,66.0,66
1032,3,1,4,67.0,67
1033,3,1,4,68.0,68
1034,3,1,4,69.0,69
1035,3,1,4,70.0,70
1036,3,1,4,71.0,71
1037,3,1,4,72.0,72
1038,3,1,4,73.0,73
1039,3,1,4,74.0,74
1040,3,1,4,75.0,75
1041,3,1,4,76.0,76
1042,3,1,4,77.0,77
1043,3,1,4,78.0,78
1044,3,1,4,79.0,79
1045,3,1,4,80.0,80
1046,3,1,4,81.0,81
1047,3,1,4,82.0,82
1048,3,1,4,83.0,83
1049,3,1,4,84.0,84
1050,3,1,4,85.0,85
1051,3,1,4,86.0,86
1052,3,1,4,87.0,87
1053,3,1,4,88.0,88
1054,3,1,4,89.0,89
1055,3,1,4,90.0,90
1056,3,1,4,91.0,91
1057,3,1,4,92.0,92
1058,4,1,5,93.0,93
1059,4,1,5,93.0,93
1060,4,1,5,93.0,93
1061,4,1,5,93.0,93
1062,4,1,5,93.0,93
1063,4,1,5,93.0,93
1064,4,1,5,93.0,93
1065,4,1,5,93.0,93
1066,4,1,5,93.0,93
1067,4,1,5,93.0,93
1068,4,1,5,93.0,93
1069,4,1,5,93.0,93
1070,4,1,5,93.0,93
1071,4,1,5,93.0,93
1072,4,1,5,93.0,93
1073,4,1,5,93.0,93
1074,4,1,5,93.0,93
1075,4,1,5,93.0,93
1076,4,1,5,93.0,93
1077,4,1,5,93.0,93
1078,4,1,5,93.0,93
1079,4,1,5,93.0,93
1080,4,1,5,93.0,93
1081,4,1,5,93.0,93
1082,4,1,5,93.0,93
1083,4,1,5,93.0,93
1084,4,1,5,93.0,93
1085,4,1,5,93.0,93
1086,4,1,5,93.0,93
1087,4,1,5,93.0,93
1088,4,1,5,93.0,93
1089,4,1,5,93.0,93
1090,4,1,5,93.0,93
1091,4,1,5,93.0,93
1092,4,1,5,93.0,93
1093,4,1,5,93.0,93
1094,4,1,5,93.0,93
1095,4,1,5,93.0,93
1096,4,1,5,93.0,93
1097,4,1,5,93.0,93
1098,4,1,5,93.0,93
1099,4,1,5,93.0,93
1100,4,1,5,93.0,93
1101,4,1,5,93.0,93
1102,4,1,5,93.0,93
1103,4,1,5,0.0,0
1104,4,1,5,0.0,0
1105,4,1,5,0.0,0
1106,4,1,5,0.0,0
1107,4,1,5,0.0,0
1108,4,1,5,0.0,0
1109,4,1,5,0.0,0
1110,4,1,5,0.0,0
1111,4,1,5,0.0,0
1112,4,1,5,0.0,0
1113,4,1,5,0.0,0
1114,4,1,5,0.0,0
1115,4,1,5,0.0,0
1116,4,1,5,0.0,0
1117,4,1,5,0.0,0
1118,4,1,5,0.0,0
1119,4,1,5,0.0,0
1120,4,1,5,0.0,0
1121,4,1,5,0.0,0
1122,4,1,5,0.0,0
1123,4,1,5,0.0,0
1124,4,1,5,0.0,0
1125,4,1,5,0.0,0
1126,4,1,5,0.0,0
1127,4,1,5,0.0,0
1128,4,1,5,0.0,0
1129,4,1,5,0.0,0
1130,4,1,5,0.0,0
1131,4,1,5,0.0,0
1132,4,1,5,0.0,0
1133,4,1,5,0.0,0
1134,4,1,5,0.0,0
1135,4,1,5,0.0,0
1136,4,1,5,0.0,0
1137,4,1,5,0.0,0
1138,4,1,5,0.0,0
1139,4,1,5,0.0,0
1140,4,1,5,0.0,0
1141,4,1,5,0.0,0
1142,4,1,5,0.0,0
1143,4,1,5,0.0,0
1144,4,1,5,0.0,0
1145,4,1,5,0.0,0
1146,4,1,5,0.0,0
1147,4,1,5,0.0,0
1148,4,1,5,0.0,0
1149,4,1,5,0.0,0
1150,4,1,5,0.0,0
1151,4,1,5,0.0,0
1152,4,1,5,0.0,0
1153,4,1,5,0.0,0
1154,4,1,5,0.0,0
1155,4,1,5,0.0,0
1156,4,1,5,0.0,0
1157,4,1,5,0.0,0
1158,4,1,5,0.0,0
1159,4,1,5,0.0,0
1160,4,1,5,0.0,0
1161,4,1,5,0.0,0
1162,4,1,5,0.0,0
1163,4,1,5,0.0,0
1164,4,1,5,0.0,0
1165,4,1,5,0.0,0
1166,4,1,5,0.0,0
1167,4,1,5,0.0,0
1168,4,1,5,0.0,0
1169,4,1,5,0.0,0
1170,4,1,5,0.0,0
1171,4,1,5,0.0,0
1172,4,1,5,0.0,0
1173,4,1,5,0.0,0
1174,4,1,5,0.0,0
1175,4,1,5,0.0,0
1176,4,1,5,0.0,0
1177,4,1,5,0.0,0
1178,4,1,5,0.0,0
1179,4,1,5,0.0,0
1180,4,1,5,0.0,0
1181,4,1,5,0.0,0
1182,4,1,5,0.0,0
1183,4,1,5,0.0,0
1184,4,1,5,0.0,0
1185,4,1,5,0.0,0
1186,4,1,5,0.0,0
1187,4,1,5,0.0,0
1188,4,1,5,0.0,0
1189,4,1,5,0.0,0
1190,4,1,5,0.0,0
1191,4,1,5,0.0,0
1192,4,1,5,0.0,0
1193,4,1,5,0.0,0
1194,4,1,5,0.0,0
1195,4,1,5,0.0,0
1196,4,1,5,0.0,0
1197,4,1,5,0.0,0
1198,4,1,5,0.0,0
1199,4,1,5,0.0,0
1200,4,1,5,0.0,0
1201,4,1,5,0.0,0
1202,4,1,5,0.0,0
1203,4,1,5,0.0,0
1204,4,1,5,0.0,0
1205,4,1,5,0.0,0
1206,4,1,5,0.0,0
1207,4,1,5,0.0,0
1208,4,1,5,0.0,0
1209,4,1,5,0.0,0
1210,4,1,5,0.0,0
1211,4,1,5,0.0,0
1212,4,1,5,0.0,0
1213,4,1,5,0.0,0
1214,4,1,5,0.0,0
1215,4,1,5,0.0,0
1216,4,1,5,0.0,0
1217,4,1,5,0.0,0
1218,4,1,5,0.0,0
1219,4,1,5,0.0,0
1220,4,1,5,0.0,0
1221,4,1,5,0.0,0
1222,4,1,5,0.0,0
1223,4,1,5,0.0,0
1224,4,1,5,0.0,0
1225,4,1,5,0.0,0
1226,4,1,5,0.0,0
1227,4,1,5,0.0,0
1228,4,1,5,0.0,0
1229,4,1,5,0.0,0
1230,4,1,5,0.0,0
1231,4,1,5,0.0,0
1232,4,1,5,0.0,0
1233,4,1,5,0.0,0
1234,4,1,5,0.0,0
1235,4,1,5,0.0,0
1236,4,1,5,0.0,0
1237,4,1,5,0.0,0
1238,4,1,5,0.0,0
1239,4,1,5,0.0,0
1240,4,1,5,0.0,0
1241,4,1,5,0.0,0
1242,4,1,5,0.0,0
1243,4,1,5,0.0,0
1244,4,1,5,0.0,0
1245,4,1,5,0.0,0
1246,4,1,5,0.0,0
1247,4,1,5,0.0,0
1248,4,1,5,0.0,0
1249,4,1,5,0.0,0
1250,4,1,5,0.0,0
1251,4,1,5,0.0,0
1252,4,1,5,0.0,0
1253,4,1,5,0.0,0
1254,4,1,5,0.0,0
1255,4,1,5,0.0,0
1256,4,1,5,0.0,0
1257,4,1,5,0.0,0
1258,4,1,5,0.0,0
1259,4,1,5,0.0,0
1260,4,1,5,0.0,0
1261,4,1,5,0.0,0
1262,4,1,5,0.0,0
1263,4,1,5,0.0,0
1264,4,1,5,0.0,0
1265,4,1,5,0.0,0
1266,4,1,5,0.0,0
1267,4,1,5,0.0,0
1268,4,1,5,0.0,0
1269,4,1,5,0.0,0
1270,4,1,5,0.0,0
1271,4,1,5,0.0,0
1272,4,1,5,0.0,0
1273,4,1,5,0.0,0
1274,4,1,5,0.0,0
1275,4,1,5,0.0,0
1276,4,1,5,0.0,0
1277,4,1,5,0.0,0
1278,4,1,5,0.0,0
1279,4,1,5,0.0,0
1280,4,1,5,0.0,0
1281,4,1,5,0.0,0
1282,4,1,5,1.0,1
1283,4,1,5,2.0,2
1284,4,1,5,3.0,3
1285,4,1,5,4.0,4
1286,4,1,5,5.0,5
1287,4,1,5,6.0,6
1288,4,1,5,7.0,7
1289,4,1,5,8.0,8
1290,4,1,5,9.0,9
1291,4,1,5,10.0,10
1292,4,1,5,11.0,11
1293,4,1,5,12.0,12
1294,4,1,5,13.0,13
1295,4,1,5,14.0,14
1296,4,1,5,15.0,15
1297,4,1,5,16.0,16
1298,4,1,5,17.0,17
1299,4,1,5,18.0,18
1300,4,1,5,19.0,19
1301,4,1,5,20.0,20
1302,4,1,5,21.0,21
1303,4,1,5,22.0,22
1304,4,1,5,23.0,23
1305,4,1,5,24.0,24
1306,4,1,5,25.0,25
1307,4,1,5,26.0,26
1308,4,1,5,27.0,27
1309,4,1,5,28.0,28
1310,4,1,5,29.0,29
1311,4,1,5,30.0,30
1312,4,1,5,31.0,31
1313,4,1,5,32.0,32
1314,4,1,5,33.0,33
1315,4,1,5,34.0,34
1316,4,1,5,35.0,35
1317,4,1,5,36.0,36
1318,4,1,5,37.0,37
1319,4,1,5,38.0,38
1320,4,1,5,39.0,39
1321,4,1,5,40.0,40
1322,4,1,5,41.0,41
1323,4,1,5,42.0,42
1324,4,1,5,43.0,43
1325,4,1,5,44.0,44
1326,4,1,5,45.0,45
1327,4,1,5,46.0,46
1328,4,1,5,47.0,47
1329,4,1,5,48.0,48
1330,4,1,5,49.0,49
1331,4,1,5,50.0,50
1332,4,1,5,51.0,51
1333,4,1,5,52.0,52
1334,4,1,5,53.0,53
1335,4,1,5,54.0,54
1336,4,1,5,55.0,55
1337,4,1,5,56.0,56
1338,4,1,5,57.0,57
1339,4,1,5,58.0,58
1340,4,1,5,59.0,59
1341,4,1,5,60.0,60
1342,4,1,5,61.0,61
1343,4,1,5,62.0,62
1344,4,1,5,63.0,63
1345,4,1,5,64.0,64
1346,4,1,5,65.0,65
1347,4,1,5,66.0,66
1348,4,1,5,67.0,67
1349,4,1,5,68.0,68
1350,4,1,5,69.0,69
1351,4,1,5,70.0,70
1352,4,1,5,71.0,71
1353,4,1,5,72.0,72
1354,4,1,5,73.0,73
1355,4,1,5,74.0,74
1356,4,1,5,75.0,75
1357,4,1,5,76.0,76
1358,4,1,5,77.0,77
1359,4,1,5,78.0,78
1360,4,1,5,79.0,79
1361,4,1,5,80.0,80
1362,4,1,5,81.0,81
1363,4,1,5,82.0,82
1364,4,1,5,83.0,83
1365,4,1,5,84.0,84
1366,4,1,5,85.0,85
1367,4,1,5,86.0,86
1368,4,1,5,87.0,87
1369,4,1,5,88.0,88
1370,4,1,5,89.0,89
1371,4,1,5,90.0,90
1372,4,1,5,91.0,91
1373,4,1,5,92.0,92
1374,4,1,5,93.0,93
1375,4,1,5,94.0,94
1376,4,1,5,95.0,95
1377,4,1,5,96.0,96
1378,4,1,5,97.0,97
1379,4,1,5,98.0,98
1380,4,1,5,99.0,99
1381,4,1,5,100.0,100
1382,4,1,5,101.0,101
1383,4,1,5,102.0,102
1384,4,1,5,103.0,103
1385,4,1,5,104.0,104
1386,4,1,5,105.0,105
1387,4,1,5,106.0,106
1388,4,1,5,107.0,107
1389,4,1,5,108.0,108
1390,4,1,5,109.0,109
1391,4,1,5,110.0,110
1392,4,1,5,111.0,111
1393,4,1,5,112.0,112
1394,4,1,5,113.0,113
1395,4,1,5,114.0,114
1396,4,1,5,115.0,115
1397,4,1,5,116.0,116
1398,4,1,5,117.0,117
1399,4,1,5,118.0,118
1400,4,1,5,119.0,119
1401,4,1,5,120.0,120
1402,4,1,5,121.0,121
1403,4,1,5,122.0,122
1404,4,1,5,123.0,123
1405,4,1,5,124.0,124
1406,5,1,6,125.0,125
1407,5,1,6,125.0,125
1408,5,1,6,125.0,125
1409,5,1,6,125.0,125
1410,5,1,6,125.0,125
1411,5,1,6,125.0,125
1412,5,1,6,125.0,125
1413,5,1,6,125.0,125
1414,5,1,6,125.0,125
1415,5,1,6,125.0,125
1416,5,1,6,125.0,125
1417,5,1,6,125.0,125
1418,5,1,6,125.0,125
1419,5,1,6,125.0,125
1420,5,1,6,125.0,125
1421,5,1,6,125.0,125
1422,5,1,6,125.0,125
1423,5,1,6,125.0,125
1424,5,1,6,125.0,125
1425,5,1,6,125.0,125
1426,5,1,6,125.0,125
1427,5,1,6,125.0,125
1428,5,1,6,125.0,125
1429,5,1,6,125.0,125
1430,5,1,6,125.0,125
1431,5,1,6,125.0,125
1432,5,1,6,125.0,125
1433,5,1,6,125.0,125
1434,5,1,6,125.0,125
1435,5,1,6,125.0,125
1436,5,1,6,125.0,125
1437,5,1,6,125.0,125
1438,5,1,6,125.0,125
1439,5,1,6,125.0,125
1440,5,1,6,125.0,125
1441,5,1,6,125.0,125
1442,5,1,6,125.0,125
1443,5,1,6,125.0,125
1444,5,1,6,125.0,125
1445,5,1,6,125.0,125
1446,5,1,6,125.0,125
1447,5,1,6,125.0,125
1448,5,1,6,125.0,125
1449,5,1,6,125.0,125
1450,5,1,6,125.0,125
1451,5,1,6,125.0,125
1452,5,1,6,125.0,125
1453,5,1,6,125.0,125
1454,5,1,6,125.0,125
1455,5,1,6,125.0,125
1456,5,1,6,125.0,125
1457,5,1,6,125.0,125
1458,5,1,6,125.0,125
1459,5,1,6,125.0,125
1460,5,1,6,125.0,125
1461,5,1,6,0.0,0
1462,5,1,6,0.0,0
1463,5,1,6,0.0,0
1464,5,1,6,0.0,0
1465,5,1,6,0.0,0
1466,5,1,6,0.0,0
1467,5,1,6,0.0,0
1468,5,1,6,0.0,0
1469,5,1,6,0.0,0
1470,5,1,6,0.0,0
1471,5,1,6,0.0,0
1472,5,1,6,0.0,0
1473,5,1,6,0.0,0
1474,5,1,6,0.0,0
1475,5,1,6,0.0,0
1476,5,1,6,0.0,0
1477,5,1,6,0.0,0
1478,5,1,6,0.0,0
1479,5,1,6,0.0,0
1480,5,1,6,0.0,0
1481,5,1,6,0.0,0
1482,5,1,6,0.0,0
1483,5,1,6,0.0,0
1484,5,1,6,0.0,0
1485,5,1,6,0.0,0
1486,5,1,6,0.0,0
1487,5,1,6,0.0,0
1488,5,1,6,0.0,0
1489,5,1,6,0.0,0
1490,5,1,6,0.0,0
1491,5,1,6,0.0,0
1492,5,1,6,0.0,0
1493,5,1,6,0.0,0
1494,5,1,6,0.0,0
1495,5,1,6,0.0,0
1496,5,1,6,0.0,0
1497,5,1,6,0.0,0
1498,5,1,6,0.0,0
1499,5,1,6,0.0,0
1500,5,1,6,0.0,0
1501,5,1,6,0.0,0
1502,5,1,6,0.0,0
1503,5,1,6,0.0,0
1504,5,1,6,0.0,0
1505,5,1,6,0.0,0
1506,5,1,6,0.0,0
1507,5,1,6,0.0,0
1508,5,1,6,0.0,0
1509,5,1,6,0.0,0
1510,5,1,6,0.0,0
1511,5,1,6,0.0,0
1512,5,1,6,0.0,0
1513,5,1,6,0.0,0
1514,5,1,6,0.0,0
1515,5,1,6,0.0,0
1516,5,1,6,0.0,0
1517,5,1,6,0.0,0
1518,5,1,6,0.0,0
1519,5,1,6,0.0,0
1520,5,1,6,0.0,0
1521,5,1,6,0.0,0
1522,5,1,6,0.0,0
1523,5,1,6,0.0,0
1524,5,1,6,0.0,0
1525,5,1,6,0.0,0
1526,5,1,6,0.0,0
1527,5,1,6,0.0,0
1528,5,1,6,0.0,0
1529,5,1,6,0.0,0
1530,5,1,6,0.0,0
1531,5,1,6,0.0,0
1532,5,1,6,0.0,0
1533,5,1,6,0.0,0
1534,5,1,6,0.0,0
1535,5,1,6,0.0,0
1536,5,1,6,0.0,0
1537,5,1,6,0.0,0
1538,5,1,6,0.0,0
1539,5,1,6,0.0,0
1540,5,1,6,0.0,0
1541,5,1,6,0.0,0
1542,5,1,6,0.0,0
1543,5,1,6,0.0,0
1544,5,1,6,0.0,0
1545,5,1,6,0.0,0
1546,5,1,6,0.0,0
1547,5,1,6,0.0,0
1548,5,1,6,0.0,0
1549,5,1,6,0.0,0
1550,5,1,6,0.0,0
1551,5,1,6,0.0,0
1552,5,1,6,0.0,0
1553,5,1,6,0.0,0
1554,5,1,6,0.0,0
1555,5,1,6,0.0,0
1556,5,1,6,0.0,0
1557,5,1,6,0.0,0
1558,5,1,6,0.0,0
1559,5,1,6,0.0,0
1560,5,1,6,0.0,0
1561,5,1,6,0.0,0
1562,5,1,6,0.0,0
1563,5,1,6,0.0,0
1564,5,1,6,0.0,0
1565,5,1,6,1.0,1
1566,5,1,6,2.0,2
1567,5,1,6,3.0,3
1568,5,1,6,4.0,4
1569,5,1,6,5.0,5
1570,5,1,6,6.0,6
1571,5,1,6,7.0,7
1572,5,1,6,8.0,8
1573,5,1,6,9.0,9
1574,5,1,6,10.0,10
1575,5,1,6,11.0,11
1576,5,1,6,12.0,12
1577,5,1,6,13.0,13
1578,5,1,6,14.0,14
1579,5,1,6,15.0,15
1580,5,1,6,16.0,16
1581,5,1,6,17.0,17
1582,5,1,6,18.0,18
1583,5,1,6,19.0,19
1584,5,1,6,20.0,20
1585,5,1,6,21.0,21
1586,5,1,6,22.0,22
1587,5,1,6,23.0,23
1588,5,1,6,24.0,24
1589,5,1,6,25.0,25
1590,5,1,6,26.0,26
1591,5,1,6,27.0,27
1592,5,1,6,28.0,28
1593,5,1,6,29.0,29
1594,5,1,6,30.0,30
1595,5,1,6,31.0,31
1596,5,1,6,32.0,32
1597,5,1,6,33.0,33
1598,5,1,6,34.0,34
1599,5,1,6,35.0,35
1600,5,1,6,36.0,36
1601,5,1,6,37.0,37
1602,5,1,6,38.0,38
1603,5,1,6,39.0,39
1604,5,1,6,40.0,40
1605,5,1,6,41.0,41
1606,5,1,6,42.0,42
1607,5,1,6,43.0,43
1608,5,1,6,44.0,44
1609,5,1,6,45.0,45
1610,5,1,6,46.0,46
1611,5,1,6,47.0,47
1612,5,1,6,48.0,48
1613,5,1,6,49.0,49
1614,5,1,6,50.0,50
1615,5,1,6,51.0,51
1616,5,1,6,52.0,52
1617,5,1,6,53.0,53
1618,5,1,6,54.0,54
1619,5,1,6,55.0,55
1620,5,1,6,56.0,56
1621,5,1,6,57.0,57
1622,5,1,6,58.0,58
1623,5,1,6,59.0,59
1624,5,1,6,60.0,60
1625,5,1,6,61.0,61
1626,5,1,6,62.0,62
1627,5,1,6,63.0,63
1628,5,1,6,64.0,64
1629,5,1,6,65.0,65
1630,5,1,6,66.0,66
1631,5,1,6,67.0,67
1632,5,1,6,68.0,68
1633,5,1,6,69.0,69
1634,5,1,6,70.0,70
1635,5,1,6,71.0,71
1636,5,1,6,72.0,72
1637,5,1,6,73.0,73
1638,5,1,6,74.0,74
1639,5,1,6,75.0,75
1640,5,1,6,76.0,76
1641,5,1,6,77.0,77
1642,5,1,6,78.0,78
1643,5,1,6,79.0,79
1644,5,1,6,80.0,80
1645,5,1,6,81.0,81
1646,5,1,6,82.0,82
1647,5,1,6,83.0,83
1648,5,1,6,84.0,84
1649,5,1,6,85.0,85
1650,5,1,6,86.0,86
1651,5,1,6,87.0,87
1652,5,1,6,88.0,88
1653,5,1,6,89.0,89
1654,5,1,6,90.0,90
1655,5,1,6,91.0,91
1656,5,1,6,92.0,92
1657,5,1,6,93.0,93
1658,5,1,6,94.0,94
1659,5,1,6,95.0,95
1660,5,1,6,96.0,96
1661,5,1,6,97.0,97
1662,5,1,6,98.0,98
1663,5,1,6,99.0,99
1664,5,1,6,100.0,100
1665,5,1,6,101.0,101
1666,5,1,6,102.0,102
1667,5,1,6,103.0,103
1668,5,1,6,104.0,104
1669,5,1,6,105.0,105
1670,5,1,6,106.0,106
1671,5,1,6,107.0,107
1672,5,1,6,108.0,108
1673,6,1,7,109.0,109
1674,6,1,7,109.0,109
1675,6,1,7,109.0,109
1676,6,1,7,109.0,109
1677,6,1,7,109.0,109
1678,6,1,7,109.0,109
1679,6,1,7,109.0,109
1680,6,1,7,109.0,109
1681,6,1,7,109.0,109
1682,6,1,7,109.0,109
1683,6,1,7,109.0,109
1684,6,1,7,109.0,109
1685,6,1,7,109.0,109
1686,6,1,7,109.0,109
1687,6,1,7,109.0,109
1688,6,1,7,109.0,109
1689,6,1,7,109.0,109
1690,6,1,7,109.0,109
1691,6,1,7,109.0,109
1692,6,1,7,109.0,109
1693,6,1,7,109.0,109
1694,6,1,7,109.0,109
1695,6,1,7,109.0,109
1696,6,1,7,109.0,109
1697,6,1,7,109.0,109
1698,6,1,7,109.0,109
1699,6,1,7,109.0,109
1700,6,1,7,109.0,109
1701,6,1,7,109.0,109
1702,6,1,7,109.0,109
1703,6,1,7,109.0,109
1704,6,1,7,109.0,109
1705,6,1,7,109.0,109
1706,6,1,7,109.0,109
1707,6,1,7,109.0,109
1708,6,1,7,109.0,109
1709,6,1,7,109.0,109
1710,6,1,7,109.0,109
1711,6,1,7,109.0,109
1712,6,1,7,109.0,109
1713,6,1,7,109.0,109
1714,6,1,7,109.0,109
1715,6,1,7,109.0,109
1716,6,1,7,109.0,109
1717,6,1,7,109.0,109
1718,6,1,7,109.0,109
1719,6,1,7,0.0,0
1720,6,1,7,0.0,0
1721,6,1,7,0.0,0
1722,6,1,7,0.0,0
1723,6,1,7,0.0,0
1724,6,1,7,0.0,0
1725,6,1,7,0.0,0
1726,6,1,7,0.0,0
1727,6,1,7,0.0,0
1728,6,1,7,0.0,0
1729,6,1,7,0.0,0
1730,6,1,7,0.0,0
1731,6,1,7,0.0,0
1732,6,1,7,0.0,0
1733,6,1,7,0.0,0
1734,6,1,7,0.0,0
1735,6,1,7,0.0,0
1736,6,1,7,0.0,0
1737,6,1,7,0.0,0
1738,6,1,7,0.0,0
1739,6,1,7,0.0,0
1740,6,1,7,0.0,0
1741,6,1,7,0.0,0
1742,6,1,7,0.0,0
1743,6,1,7,0.0,0
1744,6,1,7,0.0,0
1745,6,1,7,0.0,0
1746,6,1,7,0.0,0
1747,6,1,7,0.0,0
1748,6,1,7,0.0,0
1749,6,1,7,0.0,0
1750,6,1,7,0.0,0
1751,6,1,7,0.0,0
1752,6,1,7,0.0,0
1753,6,1,7,0.0,0
1754,6,1,7,0.0,0
1755,6,1,7,0.0,0
1756,6,1,7,0.0,0
1757,6,1,7,0.0,0
1758,6,1,7,0.0,0
1759,6,1,7,0.0,0
1760,6,1,7,0.0,0
1761,6,1,7,0.0,0
1762,6,1,7,0.0,0
1763,6,1,7,0.0,0
1764,6,1,7,0.0,0
1765,6,1,7,0.0,0
1766,6,1,7,0.0,0
1767,6,1,7,0.0,0
1768,6,1,7,0.0,0
1769,6,1,7,0.0,0
1770,6,1,7,0.0,0
1771,6,1,7,0.0,0
1772,6,1,7,0.0,0
1773,6,1,7,0.0,0
1774,6,1,7,0.0,0
1775,6,1,7,0.0,0
1776,6,1,7,0.0,0
1777,6,1,7,0.0,0
1778,6,1,7,0.0,0
1779,6,1,7,0.0,0
1780,6,1,7,0.0,0
1781,6,1,7,0.0,0
1782,6,1,7,0.0,0
1783,6,1,7,0.0,0
1784,6,1,7,0.0,0
1785,6,1,7,0.0,0
1786,6,1,7,0.0,0
1787,6,1,7,0.0,0
1788,6,1,7,0.0,0
1789,6,1,7,0.0,0
1790,6,1,7,0.0,0
1791,6,1,7,0.0,0
1792,6,1,7,0.0,0
1793,6,1,7,0.0,0
1794,6,1,7,0.0,0
1795,6,1,7,0.0,0
1796,6,1,7,0.0,0
1797,6,1,7,0.0,0
1798,6,1,7,0.0,0
1799,6,1,7,0.0,0
1800,6,1,7,0.0,0
1801,6,1,7,0.0,0
1802,6,1,7,0.0,0
1803,6,1,7,0.0,0
1804,6,1,7,0.0,0
1805,6,1,7,0.0,0
1806,6,1,7,0.0,0
1807,6,1,7,0.0,0
1808,6,1,7,0.0,0
1809,6,1,7,0.0,0
1810,6,1,7,0.0,0
1811,6,1,7,0.0,0
1812,6,1,7,0.0,0
1813,6,1,7,0.0,0
1814,6,1,7,0.0,0
1815,6,1,7,0.0,0
1816,6,1,7,0.0,0
1817,6,1,7,0.0,0
1818,6,1,7,0.0,0
1819,6,1,7,0.0,0
1820,6,1,7,0.0,0
1821,6,1,7,0.0,0
1822,6,1,7,0.0,0
1823,6,1,7,0.0,0
1824,6,1,7,0.0,0
1825,6,1,7,0.0,0
1826,6,1,7,0.0,0
1827,6,1,7,0.0,0
1828,6,1,7,0.0,0
1829,6,1,7,0.0,0
1830,6,1,7,0.0,0
1831,6,1,7,0.0,0
1832,6,1,7,0.0,0
1833,6,1,7,0.0,0
1834,6,1,7,0.0,0
1835,6,1,7,0.0,0
1836,6,1,7,0.0,0
1837,6,1,7,0.0,0
1838,6,1,7,0.0,0
1839,6,1,7,0.0,0
1840,6,1,7,0.0,0
1841,6,1,7,0.0,0
1842,6,1,7,0.0,0
1843,6,1,7,0.0,0
1844,6,1,7,0.0,0
1845,6,1,7,0.0,0
1846,6,1,7,0.0,0
1847,6,1,7,0.0,0
1848,6,1,7,0.0,0
1849,6,1,7,0.0,0
1850,6,1,7,0.0,0
1851,6,1,7,0.0,0
1852,6,1,7,0.0,0
1853,6,1,7,0.0,0
1854,6,1,7,0.0,0
1855,6,1,7,0.0,0
1856,6,1,7,0.0,0
1857,6,1,7,0.0,0
1858,6,1,7,0.0,0
1859,6,1,7,0.0,0
1860,6,1,7,0.0,0
1861,6,1,7,0.0,0
1862,6,1,7,0.0,0
1863,6,1,7,0.0,0
1864,6,1,7,0.0,0
1865,6,1,7,0.0,0
1866,6,1,7,0.0,0
1867,6,1,7,0.0,0
1868,6,1,7,0.0,0
1869,6,1,7,0.0,0
1870,6,1,7,0.0,0
1871,6,1,7,0.0,0
1872,6,1,7,0.0,0
1873,6,1,7,0.0,0
1874,6,1,7,0.0,0
1875,6,1,7,0.0,0
1876,6,1,7,0.0,0
1877,6,1,7,0.0,0
1878,6,1,7,0.0,0
1879,6,1,7,0.0,0
1880,6,1,7,0.0,0
1881,6,1,7,0.0,0
1882,6,1,7,0.0,0
1883,6,1,7,0.0,0
1884,6,1,7,0.0,0
1885,6,1,7,0.0,0
1886,6,1,7,0.0,0
1887,6,1,7,0.0,0
1888,6,1,7,0.0,0
1889,6,1,7,1.0,1
1890,6,1,7,2.0,2
1891,6,1,7,3.0,3
1892,6,1,7,4.0,4
1893,6,1,7,5.0,5
1894,6,1,7,6.0,6
1895,6,1,7,7.0,7
1896,6,1,7,8.0,8
1897,6,1,7,9.0,9
1898,6,1,7,10.0,10
1899,6,1,7,11.0,11
1900,6,1,7,12.0,12
1901,6,1,7,13.0,13
1902,6,1,7,14.0,14
1903,6,1,7,15.0,15
1904,6,1,7,16.0,16
1905,6,1,7,17.0,17
1906,6,1,7,18.0,18
1907,6,1,7,19.0,19
1908,6,1,7,20.0,20
1909,6,1,7,21.0,21
1910,6,1,7,22.0,22
1911,6,1,7,23.0,23
1912,6,1,7,24.0,24
1913,6,1,7,25.0,25
1914,6,1,7,26.0,26
1915,6,1,7,27.0,27
1916,6,1,7,28.0,28
1917,6,1,7,29.0,29
1918,6,1,7,30.0,30
1919,6,1,7,31.0,31
1920,6,1,7,32.0,32
1921,6,1,7,33.0,33
1922,6,1,7,34.0,34
1923,6,1,7,35.0,35
1924,6,1,7,36.0,36
1925,6,1,7,37.0,37
1926,6,1,7,38.0,38
1927,6,1,7,39.0,39
1928,6,1,7,40.0,40
1929,6,1,7,41.0,41
1930,6,1,7,42.0,42
1931,6,1,7,43.0,43
1932,6,1,7,44.0,44
1933,6,1,7,45.0,45
1934,6,1,7,46.0,46
1935,6,1,7,47.0,47
1936,6,1,7,48.0,48
1937,6,1,7,49.0,49
1938,6,1,7,50.0,50
1939,6,1,7,51.0,51
1940,6,1,7,52.0,52
1941,6,1,7,53.0,53
1942,6,1,7,54.0,54
1943,6,1,7,55.0,55
1944,6,1,7,56.0,56
1945,6,1,7,57.0,57
1946,6,1,7,58.0,58
1947,6,1,7,59.0,59
1948,6,1,7,60.0,60
1949,6,1,7,61.0,61
1950,6,1,7,62.0,62
1951,6,1,7,63.0,63
1952,6,1,7,64.0,64
1953,6,1,7,65.0,65
1954,6,1,7,66.0,66
1955,6,1,7,67.0,67
1956,6,1,7,68.0,68
1957,6,1,7,69.0,69
1958,6,1,7,70.0,70
1959,6,1,7,71.0,71
1960,6,1,7,72.0,72
1961,6,1,7,73.0,73
1962,6,1,7,74.0,74
1963,6,1,7,75.0,75
1964,6,1,7,76.0,76
1965,6,1,7,77.0,77
1966,6,1,7,78.0,78
1967,6,1,7,79.0,79
1968,6,1,7,80.0,80
1969,6,1,7,81.0,81
1970,6,1,7,82.0,82
1971,6,1,7,83.0,83
1972,6,1,7,84.0,84
1973,6,1,7,85.0,85
1974,6,1,7,86.0,86
1975,6,1,7,87.0,87
1976,6,1,7,88.0,88
1977,6,1,7,89.0,89
1978,6,1,7,90.0,90
1979,6,1,7,91.0,91
1980,6,1,7,92.0,92
1981,6,1,7,93.0,93
1982,6,1,7,94.0,94
1983,6,1,7,95.0,95
1984,6,1,7,96.0,96
1985,6,1,7,97.0,97
1986,6,1,7,98.0,98
1987,6,1,7,99.0,99
1988,6,1,7,100.0,100
1989,6,1,7,101.0,101
1990,6,1,7,102.0,102
1991,6,1,7,103.0,103
1992,6,1,7,104.0,104
1993,6,1,7,105.0,105
1994,6,1,7,106.0,106
1995,6,1,7,107.0,107
1996,6,1,7,108.0,108
1997,6,1,7,109.0,109
1998,6,1,7,110.0,110
1999,6,1,7,111.0,111
2000,6,1,7,112.0,112
2001,6,1,7,113.0,113
2002,6,1,7,114.0,114
2003,6,1,7,115.0,115
2004,6,1,7,116.0,116
2005,7,1,8,117.0,117
2006,7,1,8,117.0,117
2007,7,1,8,117.0,117
2008,7,1,8,117.0,117
2009,7,1,8,117.0,117
2010,7,1,8,117.0,117
2011,7,1,8,117.0,117
2012,7,1,8,117.0,117
2013,7,1,8,117.0,117
2014,7,1,8,117.0,117
2015,7,1,8,117.0,117
2016,7,1,8,117.0,117
2017,7,1,8,117.0,117
2018,7,1,8,117.0,117
2019,7,1,8,117.0,117
2020,7,1,8,117.0,117
2021,7,1,8,117.0,117
2022,7,1,8,117.0,117
2023,7,1,8,117.0,117
2024,7,1,8,117.0,117
2025,7,1,8,117.0,117
2026,7,1,8,117.0,117
2027,7,1,8,117.0,117
2028,7,1,8,117.0,117
2029,7,1,8,117.0,117
2030,7,1,8,117.0,117
2031,7,1,8,117.0,117
2032,7,1,8,117.0,117
2033,7,1,8,117.0,117
2034,7,1,8,117.0,117
2035,7,1,8,117.0,117
2036,7,1,8,117.0,117
2037,7,1,8,117.0,117
2038,7,1,8,117.0,117
2039,7,1,8,117.0,117
2040,7,1,8,117.0,117
2041,7,1,8,117.0,117
2042,7,1,8,0.0,0
2043,7,1,8,0.0,0
2044,7,1,8,0.0,0
2045,7,1,8,0.0,0
2046,7,1,8,0.0,0
2047,7,1,8,0.0,0
2048,7,1,8,0.0,0
2049,7,1,8,0.0,0
2050,7,1,8,0.0,0
2051,7,1,8,0.0,0
2052,7,1,8,0.0,0
2053,7,1,8,0.0,0
2054,7,1,8,0.0,0
2055,7,1,8,0.0,0
2056,7,1,8,0.0,0
2057,7,1,8,0.0,0
2058,7,1,8,0.0,0
2059,7,1,8,0.0,0
2060,7,1,8,0.0,0
2061,7,1,8,0.0,0
2062,7,1,8,0.0,0
2063,7,1,8,0.0,0
2064,7,1,8,0.0,0
2065,7,1,8,0.0,0
2066,7,1,8,0.0,0
2067,7,1,8,0.0,0
2068,7,1,8,0.0,0
2069,7,1,8,0.0,0
2070,7,1,8,0.0,0
2071,7,1,8,0.0,0
2072,7,1,8,0.0,0
2073,7,1,8,0.0,0
2074,7,1,8,0.0,0
2075,7,1,8,0.0,0
2076,7,1,8,0.0,0
2077,7,1,8,0.0,0
2078,7,1,8,0.0,0
2079,7,1,8,0.0,0
2080,7,1,8,0.0,0
2081,7,1,8,0.0,0
2082,7,1,8,0.0,0
2083,7,1,8,0.0,0
2084,7,1,8,0.0,0
2085,7,1,8,0.0,0
2086,7,1,8,0.0,0
2087,7,1,8,0.0,0
2088,7,1,8,0.0,0
2089,7,1,8,0.0,0
2090,7,1,8,0.0,0
2091,7,1,8,0.0,0
2092,7,1,8,0.0,0
2093,7,1,8,0.0,0
2094,7,1,8,0.0,0
2095,7,1,8,0.0,0
2096,7,1,8,0.0,0
2097,7,1,8,0.0,0
2098,7,1,8,0.0,0
2099,7,1,8,0.0,0
2100,7,1,8,0.0,0
2101,7,1,8,0.0,0
2102,7,1,8,0.0,0
2103,7,1,8,0.0,0
2104,7,1,8,0.0,0
2105,7,1,8,0.0,0
2106,7,1,8,0.0,0
2107,7,1,8,0.0,0
2108,7,1,8,0.0,0
2109,7,1,8,0.0,0
2110,7,1,8,0.0,0
2111,7,1,8,0.0,0
2112,7,1,8,0.0,0
2113,7,1,8,0.0,0
2114,7,1,8,0.0,0
2115,7,1,8,0.0,0
2116,7,1,8,0.0,0
2117,7,1,8,0.0,0
2118,7,1,8,0.0,0
2119,7,1,8,0.0,0
2120,7,1,8,0.0,0
2121,7,1,8,1.0,1
2122,7,1,8,2.0,2
2123,7,1,8,3.0,3
2124,7,1,8,4.0,4
2125,7,1,8,5.0,5
2126,7,1,8,6.0,6
2127,7,1,8,7.0,7
2128,7,1,8,8.0,8
2129,7,1,8,9.0,9
2130,7,1,8,10.0,10
2131,7,1,8,11.0,11
2132,7,1,8,12.0,12
2133,7,1,8,13.0,13
2134,7,1,8,14.0,14
2135,7,1,8,15.0,15
2136,7,1,8,16.0,16
2137,7,1,8,17.0,17
2138,7,1,8,18.0,18
2139,7,1,8,19.0,19
2140,7,1,8,20.0,20
2141,7,1,8,21.0,21
2142,7,1,8,22.0,22
2143,7,1,8,23.0,23
2144,7,1,8,24.0,24
2145,7,1,8,25.0,25
2146,7,1,8,26.0,26
2147,7,1,8,27.0,27
2148,7,1,8,28.0,28
2149,7,1,8,29.0,29
2150,7,1,8,30.0,30
2151,7,1,8,31.0,31
2152,7,1,8,32.0,32
2153,7,1,8,33.0,33
2154,7,1,8,34.0,34
2155,7,1,8,35.0,35
2156,7,1,8,36.0,36
2157,7,1,8,37.0,37
2158,7,1,8,38.0,38
2159,7,1,8,39.0,39
2160,7,1,8,40.0,40
2161,7,1,8,41.0,41
2162,7,1,8,42.0,42
2163,7,1,8,43.0,43
2164,7,1,8,44.0,44
2165,7,1,8,45.0,45
2166,7,1,8,46.0,46
2167,7,1,8,47.0,47
2168,7,1,8,48.0,48
2169,7,1,8,49.0,49
2170,7,1,8,50.0,50
2171,7,1,8,51.0,51
2172,7,1,8,52.0,52
2173,7,1,8,53.0,53
2174,7,1,8,54.0,54
2175,7,1,8,55.0,55
2176,7,1,8,56.0,56
2177,7,1,8,57.0,57
2178,7,1,8,58.0,58
2179,7,1,8,59.0,59
2180,7,1,8,60.0,60
2181,7,1,8,61.0,61
2182,7,1,8,62.0,62
2183,7,1,8,63.0,63
2184,7,1,8,64.0,64
2185,7,1,8,65.0,65
2186,7,1,8,66.0,66
2187,7,1,8,67.0,67
2188,7,1,8,68.0,68
2189,7,1,8,69.0,69
2190,7,1,8,70.0,70
2191,7,1,8,71.0,71
2192,7,1,8,72.0,72
2193,7,1,8,73.0,73
2194,7,1,8,74.0,74
2195,7,1,8,75.0,75
2196,7,1,8,76.0,76
2197,7,1,8,77.0,77
2198,7,1,8,78.0,78
2199,7,1,8,79.0,79
2200,7,1,8,80.0,80
2201,7,1,8,81.0,81
2202,7,1,8,82.0,82
2203,7,1,8,83.0,83
2204,7,1,8,84.0,84
2205,7,1,8,85.0,85
2206,7,1,8,86.0,86
2207,7,1,8,87.0,87
2208,7,1,8,88.0,88
2209,7,1,8,89.0,89
2210,7,1,8,90.0,90
2211,7,1,8,91.0,91
2212,7,1,8,92.0,92
2213,7,1,8,93.0,93
2214,7,1,8,94.0,94
2215,7,1,8,95.0,95
2216,8,1,9,96.0,96
2217,8,1,9,96.0,96
2218,8,1,9,96.0,96
2219,8,1,9,96.0,96
2220,8,1,9,96.0,96
2221,8,1,9,96.0,96
2222,8,1,9,96.0,96
2223,8,1,9,96.0,96
2224,8,1,9,96.0,96
2225,8,1,9,96.0,96
2226,8,1,9,96.0,96
2227,8,1,9,96.0,96
2228,8,1,9,96.0,96
2229,8,1,9,96.0,96
2230,8,1,9,96.0,96
2231,8,1,9,96.0,96
2232,8,1,9,96.0,96
2233,8,1,9,96.0,96
2234,8,1,9,96.0,96
2235,8,1,9,96.0,96
2236,8,1,9,96.0,96
2237,8,1,9,96.0,96
2238,8,1,9,96.0,96
2239,8,1,9,96.0,96
2240,8,1,9,96.0,96
2241,8,1,9,96.0,96
2242,8,1,9,96.0,96
2243,8,1,9,96.0,96
2244,8,1,9,96.0,96
2245,8,1,9,96.0,96
2246,8,1,9,96.0,96
2247,8,1,9,96.0,96
2248,8,1,9,96.0,96
2249,8,1,9,96.0,96
2250,8,1,9,96.0,96
2251,8,1,9,96.0,96
2252,8,1,9,96.0,96
2253,8,1,9,96.0,96
2254,8,1,9,96.0,96
2255,8,1,9,96.0,96
2256,8,1,9,96.0,96
2257,8,1,9,96.0,96
2258,8,1,9,96.0,96
2259,8,1,9,96.0,96
2260,8,1,9,96.0,96
2261,8,1,9,96.0,96
2262,8,1,9,96.0,96
2263,8,1,9,96.0,96
2264,8,1,9,0.0,0
2265,8,1,9,0.0,0
2266,8,1,9,0.0,0
2267,8,1,9,0.0,0
2268,8,1,9,0.0,0
2269,8,1,9,0.0,0
2270,8,1,9,0.0,0
2271,8,1,9,0.0,0
2272,8,1,9,0.0,0
2273,8,1,9,0.0,0
2274,8,1,9,0.0,0
2275,8,1,9,0.0,0
2276,8,1,9,0.0,0
2277,8,1,9,0.0,0
2278,8,1,9,0.0,0
2279,8,1,9,0.0,0
2280,8,1,9,0.0,0
2281,8,1,9,0.0,0
2282,8,1,9,0.0,0
2283,8,1,9,0.0,0
2284,8,1,9,0.0,0
2285,8,1,9,0.0,0
2286,8,1,9,0.0,0
2287,8,1,9,0.0,0
2288,8,1,9,0.0,0
2289,8,1,9,0.0,0
2290,8,1,9,0.0,0
2291,8,1,9,0.0,0
2292,8,1,9,0.0,0
2293,8,1,9,0.0,0
2294,8,1,9,0.0,0
2295,8,1,9,0.0,0
2296,8,1,9,0.0,0
2297,8,1,9,0.0,0
2298,8,1,9,0.0,0
2299,8,1,9,0.0,0
2300,8,1,9,0.0,0
2301,8,1,9,0.0,0
2302,8,1,9,0.0,0
2303,8,1,9,0.0,0
2304,8,1,9,0.0,0
2305,8,1,9,0.0,0
2306,8,1,9,0.0,0
2307,8,1,9,0.0,0
2308,8,1,9,0.0,0
2309,8,1,9,0.0,0
2310,8,1,9,0.0,0
2311,8,1,9,0.0,0
2312,8,1,9,0.0,0
2313,8,1,9,0.0,0
2314,8,1,9,0.0,0
2315,8,1,9,0.0,0
2316,8,1,9,0.0,0
2317,8,1,9,0.0,0
2318,8,1,9,0.0,0
2319,8,1,9,0.0,0
2320,8,1,9,0.0,0
2321,8,1,9,0.0,0
2322,8,1,9,0.0,0
2323,8,1,9,0.0,0
2324,8,1,9,0.0,0
2325,8,1,9,0.0,0
2326,8,1,9,0.0,0
2327,8,1,9,0.0,0
2328,8,1,9,0.0,0
2329,8,1,9,0.0,0
2330,8,1,9,0.0,0
2331,8,1,9,0.0,0
2332,8,1,9,0.0,0
2333,8,1,9,0.0,0
2334,8,1,9,0.0,0
2335,8,1,9,0.0,0
2336,8,1,9,0.0,0
2337,8,1,9,0.0,0
2338,8,1,9,0.0,0
2339,8,1,9,0.0,0
2340,8,1,9,0.0,0
2341,8,1,9,0.0,0
2342,8,1,9,0.0,0
2343,8,1,9,0.0,0
2344,8,1,9,0.0,0
2345,8,1,9,0.0,0
2346,8,1,9,0.0,0
2347,8,1,9,0.0,0
2348,8,1,9,0.0,0
2349,8,1,9,0.0,0
2350,8,1,9,0.0,0
2351,8,1,9,0.0,0
2352,8,1,9,0.0,0
2353,8,1,9,0.0,0
2354,8,1,9,0.0,0
2355,8,1,9,0.0,0
2356,8,1,9,0.0,0
2357,8,1,9,0.0,0
2358,8,1,9,0.0,0
2359,8,1,9,1.0,1
2360,8,1,9,2.0,2
2361,8,1,9,3.0,3
2362,8,1,9,4.0,4
2363,8,1,9,5.0,5
2364,8,1,9,6.0,6
2365,8,1,9,7.0,7
2366,8,1,9,8.0,8
2367,8,1,9,9.0,9
2368,8,1,9,10.0,10
2369,8,1,9,11.0,11
2370,8,1,9,12.0,12
2371,8,1,9,13.0,13
2372,8,1,9,14.0,14
2373,8,1,9,15.0,15
2374,8,1,9,16.0,16
2375,8,1,9,17.0,17
2376,8,1,9,18.0,18
2377,8,1,9,19.0,19
2378,8,1,9,20.0,20
2379,8,1,9,21.0,21
2380,8,1,9,22.0,22
2381,8,1,9,23.0,23
2382,8,1,9,24.0,24
2383,8,1,9,25.0,25
2384,8,1,9,26.0,26
2385,8,1,9,27.0,27
2386,8,1,9,28.0,28
2387,8,1,9,29.0,29
2388,8,1,9,30.0,30
2389,8,1,9,31.0,31
2390,8,1,9,32.0,32
2391,8,1,9,33.0,33
2392,8,1,9,34.0,34
2393,8,1,9,35.0,35
2394,8,1,9,36.0,36
2395,8,1,9,37.0,37
2396,8,1,9,38.0,38
2397,8,1,9,39.0,39
2398,8,1,9,40.0,40
2399,8,1,9,41.0,41
2400,8,1,9,42.0,42
2401,8,1,9,43.0,43
2402,8,1,9,44.0,44
2403,8,1,9,45.0,45
2404,8,1,9,46.0,46
2405,8,1,9,47.0,47
2406,8,1,9,48.0,48
2407,8,1,9,49.0,49
2408,8,1,9,50.0,50
2409,8,1,9,51.0,51
2410,8,1,9,52.0,52
2411,8,1,9,53.0,53
2412,8,1,9,54.0,54
2413,8,1,9,55.0,55
2414,8,1,9,56.0,56
2415,8,1,9,57.0,57
2416,8,1,9,58.0,58
2417,8,1,9,59.0,59
2418,8,1,9,60.0,60
2419,8,1,9,61.0,61
2420,8,1,9,62.0,62
2421,8,1,9,63.0,63
2422,8,1,9,64.0,64
2423,8,1,9,65.0,65
2424,8,1,9,66.0,66
2425,8,1,9,67.0,67
2426,8,1,9,68.0,68
2427,8,1,9,69.0,69
2428,8,1,9,70.0,70
2429,8,1,9,71.0,71
2430,8,1,9,72.0,72
2431,8,1,9,73.0,73
2432,8,1,9,74.0,74
2433,8,1,9,75.0,75
2434,8,1,9,76.0,76
2435,8,1,9,77.0,77
2436,8,1,9,78.0,78
2437,8,1,9,79.0,79
2438,8,1,9,80.0,80
2439,8,1,9,81.0,81
2440,8,1,9,82.0,82
2441,8,1,9,83.0,83
2442,8,1,9,84.0,84
2443,8,1,9,85.0,85
2444,8,1,9,86.0,86
2445,8,1,9,87.0,87
2446,8,1,9,88.0,88
2447,8,1,9,89.0,89
2448,8,1,9,90.0,90
2449,8,1,9,91.0,91
2450,9,1,10,92.0,92
2451,9,1,10,92.0,92
2452,9,1,10,92.0,92
2453,9,1,10,92.0,92
2454,9,1,10,92.0,92
2455,9,1,10,92.0,92
2456,9,1,10,92.0,92
2457,9,1,10,92.0,92
2458,9,1,10,92.0,92
2459,9,1,10,92.0,92
2460,9,1,10,92.0,92
2461,9,1,10,92.0,92
2462,9,1,10,92.0,92
2463,9,1,10,92.0,92
2464,9,1,10,92.0,92
2465,9,1,10,92.0,92
2466,9,1,10,92.0,92
2467,9,1,10,92.0,92
2468,9,1,10,92.0,92
2469,9,1,10,92.0,92
2470,9,1,10,92.0,92
2471,9,1,10,92.0,92
2472,9,1,10,92.0,92
2473,9,1,10,92.0,92
2474,9,1,10,92.0,92
2475,9,1,10,92.0,92
2476,9,1,10,92.0,92
2477,9,1,10,92.0,92
2478,9,1,10,92.0,92
2479,9,1,10,92.0,92
2480,9,1,10,92.0,92
2481,9,1,10,92.0,92
2482,9,1,10,92.0,92
2483,9,1,10,92.0,92
2484,9,1,10,92.0,92
2485,9,1,10,92.0,92
2486,9,1,10,92.0,92
2487,9,1,10,92.0,92
2488,9,1,10,92.0,92
2489,9,1,10,92.0,92
2490,9,1,10,92.0,92
2491,9,1,10,92.0,92
2492,9,1,10,92.0,92
2493,9,1,10,92.0,92
2494,9,1,10,92.0,92
2495,9,1,10,92.0,92
2496,9,1,10,92.0,92
2497,9,1,10,92.0,92
2498,9,1,10,0.0,0
2499,9,1,10,0.0,0
2500,9,1,10,0.0,0
2501,9,1,10,0.0,0
2502,9,1,10,0.0,0
2503,9,1,10,0.0,0
2504,9,1,10,0.0,0
2505,9,1,10,0.0,0
2506,9,1,10,0.0,0
2507,9,1,10,0.0,0
2508,9,1,10,0.0,0
2509,9,1,10,0.0,0
2510,9,1,10,0.0,0
2511,9,1,10,0.0,0
2512,9,1,10,0.0,0
2513,9,1,10,0.0,0
2514,9,1,10,0.0,0
2515,9,1,10,0.0,0
2516,9,1,10,0.0,0
2517,9,1,10,0.0,0
2518,9,1,10,0.0,0
2519,9,1,10,0.0,0
2520,9,1,10,0.0,0
2521,9,1,10,0.0,0
2522,9,1,10,0.0,0
2523,9,1,10,0.0,0
2524,9,1,10,0.0,0
2525,9,1,10,0.0,0
2526,9,1,10,0.0,0
2527,9,1,10,0.0,0
2528,9,1,10,0.0,0
2529,9,1,10,0.0,0
2530,9,1,10,0.0,0
2531,9,1,10,0.0,0
2532,9,1,10,0.0,0
2533,9,1,10,0.0,0
2534,9,1,10,0.0,0
2535,9,1,10,0.0,0
2536,9,1,10,0.0,0
2537,9,1,10,0.0,0
2538,9,1,10,0.0,0
2539,9,1,10,0.0,0
2540,9,1,10,0.0,0
2541,9,1,10,0.0,0
2542,9,1,10,0.0,0
2543,9,1,10,0.0,0
2544,9,1,10,0.0,0
2545,9,1,10,0.0,0
2546,9,1,10,0.0,0
2547,9,1,10,0.0,0
2548,9,1,10,0.0,0
2549,9,1,10,0.0,0
2550,9,1,10,0.0,0
2551,9,1,10,0.0,0
2552,9,1,10,0.0,0
2553,9,1,10,0.0,0
2554,9,1,10,0.0,0
2555,9,1,10,0.0,0
2556,9,1,10,0.0,0
2557,9,1,10,0.0,0
2558,9,1,10,0.0,0
2559,9,1,10,0.0,0
2560,9,1,10,0.0,0
2561,9,1,10,0.0,0
2562,9,1,10,0.0,0
2563,9,1,10,0.0,0
2564,9,1,10,0.0,0
2565,9,1,10,0.0,0
2566,9,1,10,0.0,0
2567,9,1,10,0.0,0
2568,9,1,10,0.0,0
2569,9,1,10,0.0,0
2570,9,1,10,0.0,0
2571,9,1,10,0.0,0
2572,9,1,10,0.0,0
2573,9,1,10,0.0,0
2574,9,1,10,0.0,0
2575,9,1,10,0.0,0
2576,9,1,10,0.0,0
2577,9,1,10,0.0,0
2578,9,1,10,0.0,0
2579,9,1,10,0.0,0
2580,9,1,10,0.0,0
2581,9,1,10,0.0,0
2582,9,1,10,0.0,0
2583,9,1,10,0.0,0
2584,9,1,10,0.0,0
2585,9,1,10,0.0,0
2586,9,1,10,0.0,0
2587,9,1,10,0.0,0
2588,9,1,10,0.0,0
2589,9,1,10,0.0,0
2590,9,1,10,0.0,0
2591,9,1,10,0.0,0
2592,9,1,10,0.0,0
2593,9,1,10,0.0,0
2594,9,1,10,0.0,0
2595,9,1,10,0.0,0
2596,9,1,10,0.0,0
2597,9,1,10,0.0,0
2598,9,1,10,0.0,0
2599,9,1,10,0.0,0
2600,9,1,10,0.0,0
2601,9,1,10,0.0,0
2602,9,1,10,0.0,0
2603,9,1,10,0.0,0
2604,9,1,10,0.0,0
2605,9,1,10,0.0,0
2606,9,1,10,0.0,0
2607,9,1,10,0.0,0
2608,9,1,10,0.0,0
2609,9,1,10,0.0,0
2610,9,1,10,0.0,0
2611,9,1,10,0.0,0
2612,9,1,10,0.0,0
2613,9,1,10,0.0,0
2614,9,1,10,0.0,0
2615,9,1,10,0.0,0
2616,9,1,10,0.0,0
2617,9,1,10,0.0,0
2618,9,1,10,0.0,0
2619,9,1,10,0.0,0
2620,9,1,10,0.0,0
2621,9,1,10,0.0,0
2622,9,1,10,0.0,0
2623,9,1,10,0.0,0
2624,9,1,10,0.0,0
2625,9,1,10,0.0,0
2626,9,1,10,0.0,0
2627,9,1,10,0.0,0
2628,9,1,10,0.0,0
2629,9,1,10,0.0,0
2630,9,1,10,0.0,0
2631,9,1,10,0.0,0
2632,9,1,10,0.0,0
2633,9,1,10,0.0,0
2634,9,1,10,0.0,0
2635,9,1,10,0.0,0
2636,9,1,10,0.0,0
2637,9,1,10,0.0,0
2638,9,1,10,0.0,0
2639,9,1,10,0.0,0
2640,9,1,10,0.0,0
2641,9,1,10,0.0,0
2642,9,1,10,0.0,0
2643,9,1,10,0.0,0
2644,9,1,10,0.0,0
2645,9,1,10,0.0,0
2646,9,1,10,0.0,0
2647,9,1,10,0.0,0
2648,9,1,10,0.0,0
2649,9,1,10,0.0,0
2650,9,1,10,0.0,0
2651,9,1,10,0.0,0
2652,9,1,10,0.0,0
2653,9,1,10,0.0,0
2654,9,1,10,0.0,0
2655,9,1,10,0.0,0
2656,9,1,10,0.0,0
2657,9,1,10,0.0,0
2658,9,1,10,0.0,0
2659,9,1,10,0.0,0
2660,9,1,10,0.0,0
2661,9,1,10,0.0,0
2662,9,1,10,0.0,0
2663,9,1,10,0.0,0
2664,9,1,10,0.0,0
2665,9,1,10,0.0,0
2666,9,1,10,0.0,0
2667,9,1,10,0.0,0
2668,9,1,10,0.0,0
2669,9,1,10,0.0,0
2670,9,1,10,0.0,0
2671,9,1,10,0.0,0
2672,9,1,10,0.0,0
2673,9,1,10,0.0,0
2674,9,1,10,0.0,0
2675,9,1,10,0.0,0
2676,9,1,10,0.0,0
2677,9,1,10,0.0,0
2678,9,1,10,0.0,0
2679,9,1,10,0.0,0
2680,9,1,10,0.0,0
2681,9,1,10,0.0,0
2682,9,1,10,0.0,0
2683,9,1,10,0.0,0
2684,9,1,10,0.0,0
2685,9,1,10,0.0,0
2686,9,1,10,0.0,0
2687,9,1,10,0.0,0
2688,9,1,10,0.0,0
2689,9,1,10,0.0,0
2690,9,1,10,0.0,0
2691,9,1,10,0.0,0
2692,9,1,10,0.0,0
2693,9,1,10,0.0,0
2694,9,1,10,0.0,0
2695,9,1,10,0.0,0
2696,9,1,10,0.0,0
2697,9,1,10,0.0,0
2698,9,1,10,0.0,0
2699,9,1,10,0.0,0
2700,9,1,10,0.0,0
2701,9,1,10,0.0,0
2702,9,1,10,0.0,0
2703,9,1,10,0.0,0
2704,9,1,10,0.0,0
2705,9,1,10,0.0,0
2706,9,1,10,0.0,0
2707,9,1,10,0.0,0
2708,9,1,10,0.0,0
2709,9,1,10,0.0,0
2710,9,2,11,0.0,0
2711,9,2,11,0.0,0
2712,9,2,11,0.0,0
2713,9,2,11,0.0,0
2714,9,2,11,0.0,0
2715,9,2,11,0.0,0
2716,9,2,11,0.0,0
2717,9,2,11,0.0,0
2718,9,2,11,0.0,0
2719,9,2,11,0.0,0
2720,9,2,11,0.0,0
2721,9,2,11,0.0,0
2722,9,2,11,0.0,0
2723,9,2,11,0.0,0
2724,9,2,11,0.0,0
2725,9,2,11,0.0,0
2726,9,2,11,0.0,0
2727,9,2,11,0.0,0
2728,9,2,11,0.0,0
2729,9,2,11,0.0,0
2730,9,2,11,0.0,0
2731,9,2,11,0.0,0
2732,9,2,11,0.0,0
2733,9,2,11,0.0,0
2734,9,2,11,0.0,0
2735,9,2,11,0.0,0
2736,9,2,11,0.0,0
2737,9,2,11,0.0,0
2738,9,2,11,0.0,0
2739,9,2,11,0.0,0
2740,9,2,11,0.0,0
2741,9,2,11,0.0,0
2742,9,2,11,0.0,0
2743,9,2,11,0.0,0
2744,9,2,11,0.0,0
2745,9,2,11,0.0,0
2746,9,2,11,0.0,0
2747,9,2,11,0.0,0
2748,9,2,11,0.0,0
2749,9,2,11,0.0,0
2750,9,2,11,0.0,0
2751,9,2,11,0.0,0
2752,9,2,11,0.0,0
2753,9,2,11,0.0,0
2754,9,2,11,0.0,0
2755,9,2,11,0.0,0
2756,9,2,11,0.0,0
2757,9,2,11,0.0,0
2758,9,2,11,0.0,0
2759,9,2,11,0.0,0
2760,9,2,11,0.0,0
2761,9,2,11,0.0,0
2762,9,2,11,0.0,0
2763,9,2,11,0.0,0
2764,9,2,11,0.0,0
2765,9,2,11,0.0,0
2766,9,2,11,0.0,0
2767,9,2,11,0.0,0
2768,9,2,11,0.0,0
2769,9,2,11,0.0,0
2770,9,2,11,0.0,0
2771,9,2,11,0.0,0
2772,9,2,11,0.0,0
2773,9,2,11,0.0,0
2774,9,2,11,0.0,0
2775,9,2,11,0.0,0
2776,9,2,11,0.0,0
2777,9,2,11,0.0,0
2778,9,2,11,0.0,0
2779,9,2,11,0.0,0
2780,9,2,11,0.0,0
2781,9,2,11,0.0,0
2782,9,2,11,0.0,0
2783,9,2,11,0.0,0
2784,9,2,11,0.0,0
2785,9,2,11,0.0,0
2786,9,2,11,0.0,0
2787,9,2,11,0.0,0
2788,9,2,11,0.0,0
2789,9,2,11,0.0,0
2790,9,2,11,0.0,0
2791,9,2,11,0.0,0
2792,9,2,11,0.0,0
2793,9,2,11,0.0,0
2794,9,2,11,0.0,0
2795,9,2,11,0.0,0
2796,9,2,11,0.0,0
2797,9,2,11,0.0,0
2798,9,2,11,0.0,0
2799,9,2,11,0.0,0
2800,9,2,11,0.0,0
2801,9,2,11,0.0,0
2802,9,2,11,0.0,0
2803,9,2,11,0.0,0
2804,9,2,11,0.0,0
2805,9,2,11,0.0,0
2806,9,2,11,0.0,0
2807,9,2,11,0.0,0
2808,9,2,11,0.0,0
2809,9,2,11,0.0,0
2810,9,2,11,0.0,0
2811,9,2,11,0.0,0
2812,9,2,11,0.0,0
2813,9,2,11,0.0,0
2814,9,2,11,0.0,0
2815,9,2,11,0.0,0
2816,9,2,11,0.0,0
2817,9,2,11,0.0,0
2818,9,2,11,0.0,0
2819,9,2,11,0.0,0
2820,9,2,11,0.0,0
2821,9,2,11,0.0,0
2822,9,2,11,0.0,0
2823,9,2,11,0.0,0
2824,9,2,11,0.0,0
2825,9,2,11,0.0,0
2826,9,2,11,0.0,0
2827,9,2,11,0.0,0
2828,9,2,11,0.0,0
2829,9,2,11,0.0,0
2830,9,2,11,0.0,0
2831,9,2,11,0.0,0
2832,9,2,11,0.0,0
2833,9,2,11,0.0,0
2834,9,2,11,0.0,0
2835,9,2,11,0.0,0
2836,9,2,11,0.0,0
2837,9,2,11,0.0,0
2838,9,2,11,0.0,0
2839,9,2,11,0.0,0
2840,9,2,11,0.0,0
2841,9,2,11,0.0,0
2842,9,2,11,0.0,0
2843,9,2,11,0.0,0
2844,9,2,11,0.0,0
2845,9,2,11,0.0,0
2846,9,2,11,0.0,0
2847,9,2,11,0.0,0
2848,9,2,11,0.0,0
2849,9,2,11,0.0,0
2850,9,2,11,0.0,0
2851,9,2,11,0.0,0
2852,9,2,11,0.0,0
2853,9,2,11,0.0,0
2854,9,2,11,0.0,0
2855,9,2,11,0.0,0
2856,9,2,11,0.0,0
2857,9,2,11,0.0,0
2858,9,2,11,0.0,0
2859,9,2,11,0.0,0
2860,9,2,11,0.0,0
2861,9,2,11,0.0,0
2862,9,2,11,0.0,0
2863,9,2,11,0.0,0
2864,9,2,11,0.0,0
2865,9,2,11,1.0,1
2866,9,2,11,2.0,2
2867,9,2,11,3.0,3
2868,9,2,11,4.0,4
2869,9,2,11,5.0,5
2870,9,2,11,6.0,6
2871,9,2,11,7.0,7
2872,9,2,11,8.0,8
2873,9,2,11,9.0,9
2874,9,2,11,10.0,10
2875,9,2,11,11.0,11
2876,9,2,11,12.0,12
2877,9,2,11,13.0,13
2878,9,2,11,14.0,14
2879,9,2,11,15.0,15
2880,9,2,11,16.0,16
2881,9,2,11,17.0,17
2882,9,2,11,18.0,18
2883,9,2,11,19.0,19
2884,9,2,11,20.0,20
2885,9,2,11,21.0,21
2886,9,2,11,22.0,22
2887,9,2,11,23.0,23
2888,9,2,11,24.0,24
2889,9,2,11,25.0,25
2890,9,2,11,26.0,26
2891,9,2,11,27.0,27
2892,9,2,11,28.0,28
2893,9,2,11,29.0,29
2894,9,2,11,30.0,30
2895,9,2,11,31.0,31
2896,9,2,11,32.0,32
2897,9,2,11,33.0,33
2898,9,2,11,34.0,34
2899,9,2,11,35.0,35
2900,9,2,11,36.0,36
2901,9,2,11,37.0,37
2902,9,2,11,38.0,38
2903,9,2,11,39.0,39
2904,9,2,11,40.0,40
2905,9,2,11,41.0,41
2906,9,2,11,42.0,42
2907,9,2,11,43.0,43
2908,9,2,11,44.0,44
2909,9,2,11,45.0,45
2910,9,2,11,46.0,46
2911,9,2,11,47.0,47
2912,9,2,11,48.0,48
2913,9,2,11,49.0,49
2914,9,2,11,50.0,50
2915,9,2,11,51.0,51
2916,9,2,11,52.0,52
2917,9,2,11,53.0,53
2918,9,2,11,54.0,54
2919,9,2,11,55.0,55
2920,9,2,11,56.0,56
2921,9,2,11,57.0,57
2922,9,2,11,58.0,58
2923,9,2,11,59.0,59
2924,9,2,11,60.0,60
2925,9,2,11,61.0,61
2926,9,2,11,62.0,62
2927,9,2,11,63.0,63
2928,9,2,11,64.0,64
2929,9,2,11,65.0,65
2930,9,2,11,66.0,66
2931,9,2,11,67.0,67
2932,9,2,11,68.0,68
2933,9,2,11,69.0,69
2934,9,2,11,70.0,70
2935,9,2,11,71.0,71
2936,9,2,11,72.0,72
2937,9,2,11,73.0,73
2938,9,2,11,74.0,74
2939,9,2,11,75.0,75
2940,9,2,11,76.0,76
2941,9,2,11,77.0,77
2942,9,2,11,78.0,78
2943,9,2,11,79.0,79
2944,9,2,11,80.0,80
2945,9,2,11,81.0,81
2946,9,2,11,82.0,82
2947,9,2,11,83.0,83
2948,9,2,11,84.0,84
2949,9,2,11,85.0,85
2950,9,2,11,86.0,86
2951,9,2,11,87.0,87
2952,9,2,11,88.0,88
2953,9,2,11,89.0,89
2954,9,2,11,90.0,90
2955,9,2,11,91.0,91
2956,9,2,11,92.0,92
2957,9,2,11,93.0,93
2958,9,2,11,94.0,94
2959,9,2,11,95.0,95
2960,9,2,11,96.0,96
2961,9,2,11,97.0,97
2962,9,2,11,98.0,98
2963,9,2,11,99.0,99
2964,9,2,11,100.0,100
2965,9,2,11,101.0,101
2966,9,2,11,102.0,102
2967,9,2,11,103.0,103
2968,9,2,11,104.0,104
2969,9,2,11,105.0,105
2970,9,2,11,106.0,106
2971,9,2,11,107.0,107
2972,9,2,11,108.0,108
2973,9,2,11,109.0,109
2974,9,2,11,110.0,110
2975,9,2,11,111.0,111
2976,9,2,11,112.0,112
2977,10,2,12,113.0,113
2978,10,2,12,113.0,113
2979,10,2,12,113.0,113
2980,10,2,12,113.0,113
2981,10,2,12,113.0,113
2982,10,2,12,113.0,113
2983,10,2,12,113.0,113
2984,10,2,12,113.0,113
2985,10,2,12,113.0,113
2986,10,2,12,113.0,113
2987,10,2,12,113.0,113
2988,10,2,12,113.0,113
2989,10,2,12,113.0,113
2990,10,2,12,113.0,113
2991,10,2,12,113.0,113
2992,10,2,12,113.0,113
2993,10,2,12,113.0,113
2994,10,2,12,113.0,113
2995,10,2,12,113.0,113
2996,10,2,12,113.0,113
2997,10,2,12,113.0,113
2998,10,2,12,113.0,113
2999,10,2,12,113.0,113
3000,10,2,12,113.0,113
3001,10,2,12,113.0,113
3002,10,2,12,113.0,113
3003,10,2,12,113.0,113
3004,10,2,12,113.0,113
3005,10,2,12,113.0,113
3006,10,2,12,113.0,113
3007,10,2,12,113.0,113
3008,10,2,12,113.0,113
3009,10,2,12,0.0,0
3010,10,2,12,0.0,0
3011,10,2,12,0.0,0
3012,10,2,12,0.0,0
3013,10,2,12,0.0,0
3014,10,2,12,0.0,0
3015,10,2,12,0.0,0
3016,10,2,12,0.0,0
3017,10,2,12,0.0,0
3018,10,2,12,0.0,0
3019,10,2,12,0.0,0
3020,10,2,12,0.0,0
3021,10,2,12,0.0,0
3022,10,2,12,0.0,0
3023,10,2,12,0.0,0
3024,10,2,12,0.0,0
3025,10,2,12,0.0,0
3026,10,2,12,0.0,0
3027,10,2,12,0.0,0
3028,10,2,12,0.0,0
3029,10,2,12,0.0,0
3030,10,2,12,0.0,0
3031,10,2,12,0.0,0
3032,10,2,12,0.0,0
3033,10,2,12,0.0,0
3034,10,2,12,0.0,0
3035,10,2,12,0.0,0
3036,10,2,12,0.0,0
3037,10,2,12,0.0,0
3038,10,2,12,0.0,0
3039,10,2,12,0.0,0
3040,10,2,12,0.0,0
3041,10,2,12,0.0,0
3042,10,2,12,0.0,0
3043,10,2,12,0.0,0
3044,10,2,12,0.0,0
3045,10,2,12,0.0,0
3046,10,2,12,0.0,0
3047,10,2,12,0.0,0
3048,10,2,12,0.0,0
3049,10,2,12,0.0,0
3050,10,2,12,0.0,0
3051,10,2,12,0.0,0
3052,10,2,12,0.0,0
3053,10,2,12,0.0,0
3054,10,2,12,0.0,0
3055,10,2,12,0.0,0
3056,10,2,12,0.0,0
3057,10,2,12,0.0,0
3058,10,2,12,0.0,0
3059,10,2,12,0.0,0
3060,10,2,12,0.0,0
3061,10,2,12,0.0,0
3062,10,2,12,0.0,0
3063,10,2,12,0.0,0
3064,10,2,12,0.0,0
3065,10,2,12,0.0,0
3066,10,2,12,0.0,0
3067,10,2,12,0.0,0
3068,10,2,12,0.0,0
3069,10,2,12,0.0,0
3070,10,2,12,0.0,0
3071,10,2,12,0.0,0
3072,10,2,12,0.0,0
3073,10,2,12,0.0,0
3074,10,2,12,0.0,0
3075,10,2,12,0.0,0
3076,10,2,12,0.0,0
3077,10,2,12,0.0,0
3078,10,2,12,0.0,0
3079,10,2,12,0.0,0
3080,10,2,12,0.0,0
3081,10,2,12,0.0,0
3082,10,2,12,0.0,0
3083,10,2,12,1.0,1
3084,10,2,12,2.0,2
3085,10,2,12,3.0,3
3086,10,2,12,4.0,4
3087,10,2,12,5.0,5
3088,10,2,12,6.0,6
3089,10,2,12,7.0,7
3090,10,2,12,8.0,8
3091,10,2,12,9.0,9
3092,10,2,12,10.0,10
3093,10,2,12,11.0,11
3094,10,2,12,12.0,12
3095,10,2,12,13.0,13
3096,10,2,12,14.0,14
3097,10,2,12,15.0,15
3098,10,2,12,16.0,16
3099,10,2,12,17.0,17
3100,10,2,12,18.0,18
3101,10,2,12,19.0,19
3102,10,2,12,20.0,20
3103,10,2,12,21.0,21
3104,10,2,12,22.0,22
3105,10,2,12,23.0,23
3106,10,2,12,24.0,24
3107,10,2,12,25.0,25
3108,10,2,12,26.0,26
3109,10,2,12,27.0,27
3110,10,2,12,28.0,28
3111,10,2,12,29.0,29
3112,10,2,12,30.0,30
3113,10,2,12,31.0,31
3114,10,2,12,32.0,32
3115,10,2,12,33.0,33
3116,10,2,12,34.0,34
3117,10,2,12,35.0,35
3118,10,2,12,36.0,36
3119,10,2,12,37.0,37
3120,10,2,12,38.0,38
3121,10,2,12,39.0,39
3122,10,2,12,40.0,40
3123,10,2,12,41.0,41
3124,10,2,12,42.0,42
3125,10,2,12,43.0,43
3126,10,2,12,44.0,44
3127,10,2,12,45.0,45
3128,10,2,12,46.0,46
3129,10,2,12,47.0,47
3130,10,2,12,48.0,48
3131,10,2,12,49.0,49
3132,10,2,12,50.0,50
3133,10,2,12,51.0,51
3134,10,2,12,52.0,52
3135,10,2,12,53.0,53
3136,10,2,12,54.0,54
3137,10,2,12,55.0,55
3138,10,2,12,56.0,56
3139,10,2,12,57.0,57
3140,10,2,12,58.0,58
3141,10,2,12,59.0,59
3142,10,2,12,60.0,60
3143,10,2,12,61.0,61
3144,10,2,12,62.0,62
3145,10,2,12,63.0,63
3146,10,2,12,64.0,64
3147,10,2,12,65.0,65
3148,10,2,12,66.0,66
3149,10,2,12,67.0,67
3150,10,2,12,68.0,68
3151,10,2,12,69.0,69
3152,10,2,12,70.0,70
3153,10,2,12,71.0,71
3154,10,2,12,72.0,72
3155,10,2,12,73.0,73
3156,10,2,12,74.0,74
3157,10,2,12,75.0,75
3158,10,2,12,76.0,76
3159,10,2,12,77.0,77
3160,10,2,12,78.0,78
3161,10,2,12,79.0,79
3162,10,2,12,80.0,80
3163,10,2,12,81.0,81
3164,10,2,12,82.0,82
3165,10,2,12,83.0,83
3166,10,2,12,84.0,84
3167,10,2,12,85.0,85
3168,10,2,12,86.0,86
3169,10,2,12,87.0,87
3170,10,2,12,88.0,88
3171,10,2,12,89.0,89
3172,10,2,12,90.0,90
3173,10,2,12,91.0,91
3174,10,2,12,92.0,92
3175,10,2,12,93.0,93
3176,10,2,12,94.0,94
3177,10,2,12,95.0,95
3178,10,2,12,96.0,96
3179,10,2,12,97.0,97
3180,10,2,12,98.0,98
3181,10,2,12,99.0,99
3182,10,2,12,100.0,100
3183,10,2,12,101.0,101
3184,10,2,12,102.0,102
3185,11,2,13,103.0,103
3186,11,2,13,103.0,103
3187,11,2,13,103.0,103
3188,11,2,13,103.0,103
3189,11,2,13,103.0,103
3190,11,2,13,103.0,103
3191,11,2,13,103.0,103
3192,11,2,13,103.0,103
3193,11,2,13,103.0,103
3194,11,2,13,103.0,103
3195,11,2,13,103.0,103
3196,11,2,13,103.0,103
3197,11,2,13,103.0,103
3198,11,2,13,103.0,103
3199,11,2,13,103.0,103
3200,11,2,13,103.0,103
3201,11,2,13,103.0,103
3202,11,2,13,103.0,103
3203,11,2,13,103.0,103
3204,11,2,13,103.0,103
3205,11,2,13,103.0,103
3206,11,2,13,103.0,103
3207,11,2,13,103.0,103
3208,11,2,13,103.0,103
3209,11,2,13,103.0,103
3210,11,2,13,103.0,103
3211,11,2,13,103.0,103
3212,11,2,13,103.0,103
3213,11,2,13,103.0,103
3214,11,2,13,103.0,103
3215,11,2,13,103.0,103
3216,11,2,13,103.0,103
3217,11,2,13,103.0,103
3218,11,2,13,103.0,103
3219,11,2,13,103.0,103
3220,11,2,13,103.0,103
3221,11,2,13,103.0,103
3222,11,2,13,103.0,103
3223,11,2,13,103.0,103
3224,11,2,13,103.0,103
3225,11,2,13,103.0,103
3226,11,2,13,103.0,103
3227,11,2,13,103.0,103
3228,11,2,13,0.0,0
3229,11,2,13,0.0,0
3230,11,2,13,0.0,0
3231,11,2,13,0.0,0
3232,11,2,13,0.0,0
3233,11,2,13,0.0,0
3234,11,2,13,0.0,0
3235,11,2,13,0.0,0
3236,11,2,13,0.0,0
3237,11,2,13,0.0,0
3238,11,2,13,0.0,0
3239,11,2,13,0.0,0
3240,11,2,13,0.0,0
3241,11,2,13,0.0,0
3242,11,2,13,0.0,0
3243,11,2,13,0.0,0
3244,11,2,13,0.0,0
3245,11,2,13,0.0,0
3246,11,2,13,0.0,0
3247,11,2,13,0.0,0
3248,11,2,13,0.0,0
3249,11,2,13,0.0,0
3250,11,2,13,0.0,0
3251,11,2,13,0.0,0
3252,11,2,13,0.0,0
3253,11,2,13,0.0,0
3254,11,2,13,0.0,0
3255,11,2,13,0.0,0
3256,11,2,13,0.0,0
3257,11,2,13,0.0,0
3258,11,2,13,0.0,0
3259,11,2,13,0.0,0
3260,11,2,13,0.0,0
3261,11,2,13,0.0,0
3262,11,2,13,0.0,0
3263,11,2,13,0.0,0
3264,11,2,13,0.0,0
3265,11,2,13,0.0,0
3266,11,2,13,0.0,0
3267,11,2,13,0.0,0
3268,11,2,13,0.0,0
3269,11,2,13,0.0,0
3270,11,2,13,0.0,0
3271,11,2,13,0.0,0
3272,11,2,13,0.0,0
3273,11,2,13,0.0,0
3274,11,2,13,0.0,0
3275,11,2,13,0.0,0
3276,11,2,13,0.0,0
3277,11,2,13,0.0,0
3278,11,2,13,0.0,0
3279,11,2,13,0.0,0
3280,11,2,13,0.0,0
3281,11,2,13,0.0,0
3282,11,2,13,0.0,0
3283,11,2,13,0.0,0
3284,11,2,13,0.0,0
3285,11,2,13,0.0,0
3286,11,2,13,0.0,0
3287,11,2,13,0.0,0
3288,11,2,13,0.0,0
3289,11,2,13,0.0,0
3290,11,2,13,0.0,0
3291,11,2,13,0.0,0
3292,11,2,13,0.0,0
3293,11,2,13,0.0,0
3294,11,2,13,0.0,0
3295,11,2,13,0.0,0
3296,11,2,13,0.0,0
3297,11,2,13,0.0,0
3298,11,2,13,0.0,0
3299,11,2,13,0.0,0
3300,11,2,13,0.0,0
3301,11,2,13,0.0,0
3302,11,2,13,0.0,0
3303,11,2,13,0.0,0
3304,11,2,13,0.0,0
3305,11,2,13,0.0,0
3306,11,2,13,0.0,0
3307,11,2,13,0.0,0
3308,11,2,13,0.0,0
3309,11,2,13,0.0,0
3310,11,2,13,0.0,0
3311,11,2,13,0.0,0
3312,11,2,13,0.0,0
3313,11,2,13,0.0,0
3314,11,2,13,0.0,0
3315,11,2,13,0.0,0
3316,11,2,13,0.0,0
3317,11,2,13,0.0,0
3318,11,2,13,0.0,0
3319,11,2,13,0.0,0
3320,11,2,13,0.0,0
3321,11,2,13,0.0,0
3322,11,2,13,0.0,0
3323,11,2,13,0.0,0
3324,11,2,13,0.0,0
3325,11,2,13,0.0,0
3326,11,2,13,0.0,0
3327,11,2,13,0.0,0
3328,11,2,13,0.0,0
3329,11,2,13,0.0,0
3330,11,2,13,0.0,0
3331,11,2,13,0.0,0
3332,11,2,13,0.0,0
3333,11,2,13,0.0,0
3334,11,2,13,0.0,0
3335,11,2,13,0.0,0
3336,11,2,13,0.0,0
3337,11,2,13,0.0,0
3338,11,2,13,0.0,0
3339,11,2,13,0.0,0
3340,11,2,13,0.0,0
3341,11,2,13,0.0,0
3342,11,2,13,0.0,0
3343,11,2,13,0.0,0
3344,11,2,13,0.0,0
3345,11,2,13,0.0,0
3346,11,2,13,1.0,1
3347,11,2,13,2.0,2
3348,11,2,13,3.0,3
3349,11,2,13,4.0,4
3350,11,2,13,5.0,5
3351,11,2,13,6.0,6
3352,11,2,13,7.0,7
3353,11,2,13,8.0,8
3354,11,2,13,9.0,9
3355,11,2,13,10.0,10
3356,11,2,13,11.0,11
3357,11,2,13,12.0,12
3358,11,2,13,13.0,13
3359,11,2,13,14.0,14
3360,11,2,13,15.0,15
3361,11,2,13,16.0,16
3362,11,2,13,17.0,17
3363,11,2,13,18.0,18
3364,11,2,13,19.0,19
3365,11,2,13,20.0,20
3366,11,2,13,21.0,21
3367,11,2,13,22.0,22
3368,11,2,13,23.0,23
3369,11,2,13,24.0,24
3370,11,2,13,25.0,25
3371,11,2,13,26.0,26
3372,11,2,13,27.0,27
3373,11,2,13,28.0,28
3374,11,2,13,29.0,29
3375,11,2,13,30.0,30
3376,11,2,13,31.0,31
3377,11,2,13,32.0,32
3378,11,2,13,33.0,33
3379,11,2,13,34.0,34
3380,11,2,13,35.0,35
3381,11,2,13,36.0,36
3382,11,2,13,37.0,37
3383,11,2,13,38.0,38
3384,11,2,13,39.0,39
3385,11,2,13,40.0,40
3386,11,2,13,41.0,41
3387,11,2,13,42.0,42
3388,11,2,13,43.0,43
3389,11,2,13,44.0,44
3390,11,2,13,45.0,45
3391,11,2,13,46.0,46
3392,11,2,13,47.0,47
3393,11,2,13,48.0,48
3394,11,2,13,49.0,49
3395,11,2,13,50.0,50
3396,11,2,13,51.0,51
3397,11,2,13,52.0,52
3398,11,2,13,53.0,53
3399,11,2,13,54.0,54
3400,11,2,13,55.0,55
3401,11,2,13,56.0,56
3402,11,2,13,57.0,57
3403,11,2,13,58.0,58
3404,11,2,13,59.0,59
3405,11,2,13,60.0,60
3406,11,2,13,61.0,61
3407,11,2,13,62.0,62
3408,11,2,13,63.0,63
3409,11,2,13,64.0,64
3410,11,2,13,65.0,65
3411,11,2,13,66.0,66
3412,11,2,13,67.0,67
3413,11,2,13,68.0,68
3414,11,2,13,69.0,69
3415,11,2,13,70.0,70
3416,11,2,13,71.0,71
3417,11,2,13,72.0,72
3418,11,2,13,73.0,73
3419,11,2,13,74.0,74
3420,11,2,13,75.0,75
3421,11,2,13,76.0,76
3422,11,2,13,77.0,77
3423,11,2,13,78.0,78
3424,11,2,13,79.0,79
3425,11,2,13,80.0,80
3426,11,2,13,81.0,81
3427,11,2,13,82.0,82
3428,11,2,13,83.0,83
3429,11,2,13,84.0,84
3430,11,2,13,85.0,85
3431,11,2,13,86.0,86
3432,11,2,13,87.0,87
3433,11,2,13,88.0,88
3434,11,2,13,89.0,89
3435,11,2,13,90.0,90
3436,11,2,13,91.0,91
3437,11,2,13,92.0,92
3438,11,2,13,93.0,93
3439,11,2,13,94.0,94
3440,11,2,13,95.0,95
3441,11,2,13,96.0,96
3442,11,2,13,97.0,97
3443,11,2,13,98.0,98
3444,11,2,13,99.0,99
3445,11,2,13,100.0,100
3446,11,2,13,101.0,101
3447,11,2,13,102.0,102
3448,11,2,13,103.0,103
3449,11,2,13,104.0,104
3450,11,2,13,105.0,105
3451,11,2,13,106.0,106
3452,11,2,13,107.0,107
3453,11,2,13,108.0,108
3454,11,2,13,109.0,109
3455,11,2,13,110.0,110
3456,11,2,13,111.0,111
3457,11,2,13,112.0,112
3458,11,2,13,113.0,113
3459,11,2,13,114.0,114
3460,11,2,13,115.0,115
3461,11,2,13,116.0,116
3462,11,2,13,117.0,117
3463,11,2,13,118.0,118
3464,11,2,13,119.0,119
3465,11,2,13,120.0,120
3466,11,2,13,121.0,121
3467,11,2,13,122.0,122
3468,11,2,13,123.0,123
3469,12,2,14,124.0,124
3470,12,2,14,124.0,124
3471,12,2,14,124.0,124
3472,12,2,14,124.0,124
3473,12,2,14,124.0,124
3474,12,2,14,124.0,124
3475,12,2,14,124.0,124
3476,12,2,14,124.0,124
3477,12,2,14,124.0,124
3478,12,2,14,124.0,124
3479,12,2,14,124.0,124
3480,12,2,14,124.0,124
3481,12,2,14,124.0,124
3482,12,2,14,124.0,124
3483,12,2,14,124.0,124
3484,12,2,14,124.0,124
3485,12,2,14,124.0,124
3486,12,2,14,124.0,124
3487,12,2,14,124.0,124
3488,12,2,14,124.0,124
3489,12,2,14,124.0,124
3490,12,2,14,124.0,124
3491,12,2,14,124.0,124
3492,12,2,14,124.0,124
3493,12,2,14,124.0,124
3494,12,2,14,124.0,124
3495,12,2,14,124.0,124
3496,12,2,14,124.0,124
3497,12,2,14,124.0,124
3498,12,2,14,124.0,124
3499,12,2,14,124.0,124
3500,12,2,14,124.0,124
3501,12,2,14,124.0,124
3502,12,2,14,124.0,124
3503,12,2,14,124.0,124
3504,12,2,14,124.0,124
3505,12,2,14,124.0,124
3506,12,2,14,124.0,124
3507,12,2,14,124.0,124
3508,12,2,14,124.0,124
3509,12,2,14,124.0,124
3510,12,2,14,124.0,124
3511,12,2,14,124.0,124
3512,12,2,14,0.0,0
3513,12,2,14,0.0,0
3514,12,2,14,0.0,0
3515,12,2,14,0.0,0
3516,12,2,14,0.0,0
3517,12,2,14,0.0,0
3518,12,2,14,0.0,0
3519,12,2,14,0.0,0
3520,12,2,14,0.0,0
3521,12,2,14,0.0,0
3522,12,2,14,0.0,0
3523,12,2,14,0.0,0
3524,12,2,14,0.0,0
3525,12,2,14,0.0,0
3526,12,2,14,0.0,0
3527,12,2,14,0.0,0
3528,12,2,14,0.0,0
3529,12,2,14,0.0,0
3530,12,2,14,0.0,0
3531,12,2,14,0.0,0
3532,12,2,14,0.0,0
3533,12,2,14,0.0,0
3534,12,2,14,0.0,0
3535,12,2,14,0.0,0
3536,12,2,14,0.0,0
3537,12,2,14,0.0,0
3538,12,2,14,0.0,0
3539,12,2,14,0.0,0
3540,12,2,14,0.0,0
3541,12,2,14,0.0,0
3542,12,2,14,0.0,0
3543,12,2,14,0.0,0
3544,12,2,14,0.0,0
3545,12,2,14,0.0,0
3546,12,2,14,0.0,0
3547,12,2,14,0.0,0
3548,12,2,14,0.0,0
3549,12,2,14,0.0,0
3550,12,2,14,0.0,0
3551,12,2,14,0.0,0
3552,12,2,14,0.0,0
3553,12,2,14,0.0,0
3554,12,2,14,0.0,0
3555,12,2,14,0.0,0
3556,12,2,14,0.0,0
3557,12,2,14,0.0,0
3558,12,2,14,0.0,0
3559,12,2,14,0.0,0
3560,12,2,14,0.0,0
3561,12,2,14,0.0,0
3562,12,2,14,0.0,0
3563,12,2,14,0.0,0
3564,12,2,14,0.0,0
3565,12,2,14,0.0,0
3566,12,2,14,0.0,0
3567,12,2,14,0.0,0
3568,12,2,14,0.0,0
3569,12,2,14,0.0,0
3570,12,2,14,0.0,0
3571,12,2,14,0.0,0
3572,12,2,14,0.0,0
3573,12,2,14,0.0,0
3574,12,2,14,0.0,0
3575,12,2,14,0.0,0
3576,12,2,14,0.0,0
3577,12,2,14,0.0,0
3578,12,2,14,0.0,0
3579,12,2,14,0.0,0
3580,12,2,14,0.0,0
3581,12,2,14,0.0,0
3582,12,2,14,0.0,0
3583,12,2,14,0.0,0
3584,12,2,14,0.0,0
3585,12,2,14,0.0,0
3586,12,2,14,0.0,0
3587,12,2,14,0.0,0
3588,12,2,14,0.0,0
3589,12,2,14,0.0,0
3590,12,2,14,0.0,0
3591,12,2,14,0.0,0
3592,12,2,14,0.0,0
3593,12,2,14,0.0,0
3594,12,2,14,0.0,0
3595,12,2,14,0.0,0
3596,12,2,14,0.0,0
3597,12,2,14,0.0,0
3598,12,2,14,0.0,0
3599,12,2,14,0.0,0
3600,12,2,14,0.0,0
3601,12,2,14,0.0,0
3602,12,2,14,0.0,0
3603,12,2,14,0.0,0
3604,12,2,14,0.0,0
3605,12,2,14,0.0,0
3606,12,2,14,0.0,0
3607,12,2,14,0.0,0
3608,12,2,14,0.0,0
3609,12,2,14,0.0,0
3610,12,2,14,0.0,0
3611,12,2,14,0.0,0
3612,12,2,14,0.0,0
3613,12,2,14,0.0,0
3614,12,2,14,0.0,0
3615,12,2,14,0.0,0
3616,12,2,14,0.0,0
3617,12,2,14,0.0,0
3618,12,2,14,0.0,0
3619,12,2,14,0.0,0
3620,12,2,14,0.0,0
3621,12,2,14,0.0,0
3622,12,2,14,0.0,0
3623,12,2,14,0.0,0
3624,12,2,14,0.0,0
3625,12,2,14,0.0,0
3626,12,2,14,0.0,0
3627,12,2,14,0.0,0
3628,12,2,14,0.0,0
3629,12,2,14,0.0,0
3630,12,2,14,0.0,0
3631,12,2,14,0.0,0
3632,12,2,14,0.0,0
3633,12,2,14,0.0,0
3634,12,2,14,0.0,0
3635,12,2,14,0.0,0
3636,12,2,14,0.0,0
3637,12,2,14,0.0,0
3638,12,2,14,0.0,0
3639,12,2,14,0.0,0
3640,12,2,14,0.0,0
3641,12,2,14,0.0,0
3642,12,2,14,0.0,0
3643,12,2,14,0.0,0
3644,12,2,14,0.0,0
3645,12,2,14,0.0,0
3646,12,2,14,0.0,0
3647,12,2,14,0.0,0
3648,12,2,14,0.0,0
3649,12,2,14,0.0,0
3650,12,2,14,0.0,0
3651,12,2,14,0.0,0
3652,12,2,14,0.0,0
3653,12,2,14,0.0,0
3654,12,2,14,0.0,0
3655,12,2,14,0.0,0
3656,12,2,14,0.0,0
3657,12,2,14,0.0,0
3658,12,2,14,0.0,0
3659,12,2,14,0.0,0
3660,12,2,14,0.0,0
3661,12,2,14,0.0,0
3662,12,2,14,0.0,0
3663,12,2,14,0.0,0
3664,12,2,14,0.0,0
3665,12,2,14,0.0,0
3666,12,2,14,0.0,0
3667,12,2,14,0.0,0
3668,12,2,14,0.0,0
3669,12,2,14,0.0,0
3670,12,2,14,0.0,0
3671,12,2,14,0.0,0
3672,12,2,14,0.0,0
3673,12,2,14,0.0,0
3674,12,2,14,0.0,0
3675,12,2,14,0.0,0
3676,12,2,14,0.0,0
3677,12,2,14,0.0,0
3678,12,2,14,0.0,0
3679,12,2,14,0.0,0
3680,12,2,14,0.0,0
3681,12,2,14,0.0,0
3682,12,2,14,0.0,0
3683,12,2,14,0.0,0
3684,12,2,14,0.0,0
3685,12,2,14,0.0,0
3686,12,2,14,0.0,0
3687,12,2,14,0.0,0
3688,12,2,14,0.0,0
3689,12,2,14,0.0,0
3690,12,2,14,0.0,0
3691,12,2,14,0.0,0
3692,12,2,14,0.0,0
3693,12,2,14,0.0,0
3694,12,2,14,0.0,0
3695,12,2,14,0.0,0
3696,12,2,14,0.0,0
3697,12,2,14,0.0,0
3698,12,2,14,0.0,0
3699,12,2,14,0.0,0
3700,12,2,14,0.0,0
3701,12,2,14,0.0,0
3702,12,2,14,0.0,0
3703,12,2,14,0.0,0
3704,12,2,14,0.0,0
3705,12,2,14,0.0,0
3706,12,2,14,0.0,0
3707,12,2,14,0.0,0
3708,12,2,14,0.0,0
3709,12,2,14,0.0,0
3710,12,2,14,0.0,0
3711,12,2,14,0.0,0
3712,12,2,14,0.0,0
3713,12,2,14,0.0,0
3714,12,2,14,0.0,0
3715,12,2,14,0.0,0
3716,12,2,14,0.0,0
3717,12,2,14,0.0,0
3718,12,2,14,0.0,0
3719,12,2,14,0.0,0
3720,12,2,14,0.0,0
3721,12,2,14,0.0,0
3722,12,2,14,0.0,0
3723,12,2,14,0.0,0
3724,12,2,14,0.0,0
3725,12,2,14,0.0,0
3726,12,2,14,0.0,0
3727,12,2,14,0.0,0
3728,12,2,14,0.0,0
3729,12,2,14,0.0,0
3730,12,2,14,0.0,0
3731,12,2,14,0.0,0
3732,12,2,14,0.0,0
3733,12,2,14,0.0,0
3734,12,2,14,0.0,0
3735,12,2,14,0.0,0
3736,12,2,14,0.0,0
3737,12,2,14,0.0,0
3738,12,2,14,0.0,0
3739,12,2,14,0.0,0
3740,12,2,14,0.0,0
3741,12,2,14,0.0,0
3742,12,2,14,0.0,0
3743,12,2,14,0.0,0
3744,12,2,14,0.0,0
3745,12,2,14,0.0,0
3746,12,2,14,0.0,0
3747,12,2,14,0.0,0
3748,12,2,14,0.0,0
3749,12,2,14,0.0,0
3750,12,2,14,0.0,0
3751,12,2,14,0.0,0
3752,12,2,14,0.0,0
3753,12,2,14,0.0,0
3754,12,2,14,0.0,0
3755,12,2,14,0.0,0
3756,12,2,14,0.0,0
3757,12,2,14,0.0,0
3758,12,2,14,0.0,0
3759,12,2,14,0.0,0
3760,12,2,14,0.0,0
3761,12,2,14,0.0,0
3762,12,2,14,0.0,0
3763,12,2,14,0.0,0
3764,12,2,14,0.0,0
3765,12,2,14,0.0,0
3766,12,2,14,0.0,0
3767,12,2,14,0.0,0
3768,12,2,14,0.0,0
3769,12,2,14,0.0,0
3770,12,2,14,0.0,0
3771,12,2,14,0.0,0
3772,12,2,14,0.0,0
3773,12,2,14,0.0,0
3774,12,2,14,0.0,0
3775,12,2,14,0.0,0
3776,12,2,14,0.0,0
3777,12,2,14,0.0,0
3778,12,2,14,0.0,0
3779,12,2,14,0.0,0
3780,12,2,14,0.0,0
3781,12,2,14,0.0,0
3782,12,2,14,0.0,0
3783,12,2,14,0.0,0
3784,12,2,14,0.0,0
3785,12,2,14,0.0,0
3786,12,2,14,0.0,0
3787,12,2,14,0.0,0
3788,12,2,14,0.0,0
3789,12,2,14,0.0,0
3790,12,2,14,0.0,0
3791,12,2,14,0.0,0
3792,12,2,14,0.0,0
3793,12,2,14,0.0,0
3794,12,2,14,0.0,0
3795,12,2,14,0.0,0
3796,12,2,14,0.0,0
3797,12,2,14,0.0,0
3798,12,2,14,0.0,0
3799,12,2,14,0.0,0
3800,12,2,14,0.0,0
3801,12,2,14,0.0,0
3802,12,2,14,0.0,0
3803,12,2,14,0.0,0
3804,12,2,14,0.0,0
3805,12,3,15,0.0,0
3806,12,3,15,0.0,0
3807,12,3,15,0.0,0
3808,12,3,15,0.0,0
3809,12,3,15,0.0,0
3810,12,3,15,0.0,0
3811,12,3,15,0.0,0
3812,12,3,15,0.0,0
3813,12,3,15,0.0,0
3814,12,3,15,0.0,0
3815,12,3,15,0.0,0
3816,12,3,15,0.0,0
3817,12,3,15,0.0,0
3818,12,3,15,0.0,0
3819,12,3,15,0.0,0
3820,12,3,15,0.0,0
3821,12,3,15,0.0,0
3822,12,3,15,0.0,0
3823,12,3,15,0.0,0
3824,12,3,15,0.0,0
3825,12,3,15,0.0,0
3826,12,3,15,0.0,0
3827,12,3,15,0.0,0
3828,12,3,15,0.0,0
3829,12,3,15,0.0,0
3830,12,3,15,0.0,0
3831,12,3,15,0.0,0
3832,12,3,15,0.0,0
3833,12,3,15,0.0,0
3834,12,3,15,0.0,0
3835,12,3,15,0.0,0
3836,12,3,15,0.0,0
3837,12,3,15,0.0,0
3838,12,3,15,0.0,0
3839,12,3,15,0.0,0
3840,12,3,15,0.0,0
3841,12,3,15,0.0,0
3842,12,3,15,0.0,0
3843,12,3,15,0.0,0
3844,12,3,15,0.0,0
3845,12,3,15,0.0,0
3846,12,3,15,0.0,0
3847,12,3,15,0.0,0
3848,12,3,15,0.0,0
3849,12,3,15,0.0,0
3850,12,3,15,0.0,0
3851,12,3,15,0.0,0
3852,12,3,15,0.0,0
3853,12,3,15,0.0,0
3854,12,3,15,0.0,0
3855,12,3,15,0.0,0
3856,12,3,15,0.0,0
3857,12,3,15,0.0,0
3858,12,3,15,0.0,0
3859,12,3,15,0.0,0
3860,12,3,15,0.0,0
3861,12,3,15,0.0,0
3862,12,3,15,0.0,0
3863,12,3,15,0.0,0
3864,12,3,15,0.0,0
3865,12,3,15,0.0,0
3866,12,3,15,0.0,0
3867,12,3,15,0.0,0
3868,12,3,15,0.0,0
3869,12,3,15,0.0,0
3870,12,3,15,0.0,0
3871,12,3,15,0.0,0
3872,12,3,15,0.0,0
3873,12,3,15,0.0,0
3874,12,3,15,0.0,0
3875,12,3,15,0.0,0
3876,12,3,15,0.0,0
3877,12,3,15,0.0,0
3878,12,3,15,0.0,0
3879,12,3,15,0.0,0
3880,12,3,15,0.0,0
3881,12,3,15,0.0,0
3882,12,3,15,0.0,0
3883,12,3,15,0.0,0
3884,12,3,15,0.0,0
3885,12,3,15,0.0,0
3886,12,3,15,0.0,0
3887,12,3,15,0.0,0
3888,12,3,15,0.0,0
3889,12,3,15,0.0,0
3890,12,3,15,0.0,0
3891,12,3,15,0.0,0
3892,12,3,15,0.0,0
3893,12,3,15,0.0,0
3894,12,3,15,0.0,0
3895,12,3,15,0.0,0
3896,12,3,15,0.0,0
3897,12,3,15,0.0,0
3898,12,3,15,0.0,0
3899,12,3,15,0.0,0
3900,12,3,15,0.0,0
3901,12,3,15,0.0,0
3902,12,3,15,0.0,0
3903,12,3,15,0.0,0
3904,12,3,15,0.0,0
3905,12,3,15,0.0,0
3906,12,3,15,0.0,0
3907,12,3,15,0.0,0
3908,12,3,15,0.0,0
3909,12,3,15,0.0,0
3910,12,3,15,0.0,0
3911,12,3,15,0.0,0
3912,12,3,15,0.0,0
3913,12,3,15,0.0,0
3914,12,3,15,0.0,0
3915,12,3,15,0.0,0
3916,12,3,15,0.0,0
3917,12,3,15,0.0,0
3918,12,3,15,0.0,0
3919,12,3,15,0.0,0
3920,12,3,15,0.0,0
3921,12,3,15,0.0,0
3922,12,3,15,0.0,0
3923,12,3,15,0.0,0
3924,12,3,15,0.0,0
3925,12,3,15,0.0,0
3926,12,3,15,0.0,0
3927,12,3,15,0.0,0
3928,12,3,15,0.0,0
3929,12,3,15,0.0,0
3930,12,3,15,0.0,0
3931,12,3,15,0.0,0
3932,12,3,15,0.0,0
3933,12,3,15,0.0,0
3934,12,3,15,0.0,0
3935,12,3,15,0.0,0
3936,12,3,15,0.0,0
3937,12,3,15,0.0,0
3938,12,3,15,0.0,0
3939,12,3,15,0.0,0
3940,12,3,15,0.0,0
3941,12,3,15,0.0,0
3942,12,3,15,0.0,0
3943,12,3,15,0.0,0
3944,12,3,15,0.0,0
3945,12,3,15,0.0,0
3946,12,3,15,0.0,0
3947,12,3,15,0.0,0
3948,12,3,15,0.0,0
3949,12,3,15,0.0,0
3950,12,3,15,0.0,0
3951,12,3,15,0.0,0
3952,12,3,15,0.0,0
3953,12,3,15,0.0,0
3954,12,3,15,0.0,0
3955,12,3,15,0.0,0
3956,12,3,15,0.0,0
3957,12,3,15,0.0,0
3958,12,3,15,0.0,0
3959,12,3,15,0.0,0
3960,12,3,15,0.0,0
3961,12,3,15,0.0,0
3962,12,3,15,0.0,0
3963,12,3,15,0.0,0
3964,12,3,15,0.0,0
3965,12,3,15,0.0,0
3966,12,3,15,0.0,0
3967,12,3,15,0.0,0
3968,12,3,15,0.0,0
3969,12,3,15,0.0,0
3970,12,3,15,0.0,0
3971,12,3,15,0.0,0
3972,12,3,15,0.0,0
3973,12,3,15,0.0,0
3974,12,3,15,0.0,0
3975,12,3,15,0.0,0
3976,12,3,15,0.0,0
3977,12,3,15,0.0,0
3978,12,3,15,0.0,0
3979,12,3,15,0.0,0
3980,12,3,15,0.0,0
3981,12,3,15,1.0,1
3982,12,3,15,2.0,2
3983,12,3,15,3.0,3
3984,12,3,15,4.0,4
3985,12,3,15,5.0,5
3986,12,3,15,6.0,6
3987,12,3,15,7.0,7
3988,12,3,15,8.0,8
3989,12,3,15,9.0,9
3990,12,3,15,10.0,10
3991,12,3,15,11.0,11
3992,12,3,15,12.0,12
3993,12,3,15,13.0,13
3994,12,3,15,14.0,14
3995,12,3,15,15.0,15
3996,12,3,15,16.0,16
3997,12,3,15,17.0,17
3998,12,3,15,18.0,18
3999,12,3,15,19.0,19
4000,12,3,15,20.0,20
4001,12,3,15,21.0,21
4002,12,3,15,22.0,22
4003,12,3,15,23.0,23
4004,12,3,15,24.0,24
4005,12,3,15,25.0,25
4006,12,3,15,26.0,26
4007,12,3,15,27.0,27
4008,12,3,15,28.0,28
4009,12,3,15,29.0,29
4010,12,3,15,30.0,30
4011,12,3,15,31.0,31
4012,12,3,15,32.0,32
4013,12,3,15,33.0,33
4014,12,3,15,34.0,34
4015,12,3,15,35.0,35
4016,12,3,15,36.0,36
4017,12,3,15,37.0,37
4018,12,3,15,38.0,38
4019,12,3,15,39.0,39
4020,12,3,15,40.0,40
4021,12,3,15,41.0,41
4022,12,3,15,42.0,42
4023,12,3,15,43.0,43
4024,12,3,15,44.0,44
4025,12,3,15,45.0,45
4026,12,3,15,46.0,46
4027,12,3,15,47.0,47
4028,12,3,15,48.0,48
4029,12,3,15,49.0,49
4030,12,3,15,50.0,50
4031,12,3,15,51.0,51
4032,12,3,15,52.0,52
4033,12,3,15,53.0,53
4034,12,3,15,54.0,54
4035,12,3,15,55.0,55
4036,12,3,15,56.0,56
4037,12,3,15,57.0,57
4038,12,3,15,58.0,58
4039,12,3,15,59.0,59
4040,12,3,15,60.0,60
4041,12,3,15,61.0,61
4042,12,3,15,62.0,62
4043,12,3,15,63.0,63
4044,12,3,15,64.0,64
4045,12,3,15,65.0,65
4046,12,3,15,66.0,66
4047,12,3,15,67.0,67
4048,12,3,15,68.0,68
4049,12,3,15,69.0,69
4050,12,3,15,70.0,70
4051,12,3,15,71.0,71
4052,12,3,15,72.0,72
4053,12,3,15,73.0,73
4054,12,3,15,74.0,74
4055,12,3,15,75.0,75
4056,12,3,15,76.0,76
4057,12,3,15,77.0,77
4058,12,3,15,78.0,78
4059,12,3,15,79.0,79
4060,12,3,15,80.0,80
4061,12,3,15,81.0,81
4062,12,3,15,82.0,82
4063,12,3,15,83.0,83
4064,12,3,15,84.0,84
4065,12,3,15,85.0,85
4066,12,3,15,86.0,86
4067,12,3,15,87.0,87
4068,12,3,15,88.0,88
4069,12,3,15,89.0,89
4070,12,3,15,90.0,90
4071,12,3,15,91.0,91
4072,12,3,15,92.0,92
4073,12,3,15,93.0,93
4074,12,3,15,94.0,94
4075,12,3,15,95.0,95
4076,12,3,15,96.0,96
4077,12,3,15,97.0,97
4078,12,3,15,98.0,98
4079,12,3,15,99.0,99
4080,12,3,15,100.0,100
4081,12,3,15,101.0,101
4082,12,3,15,102.0,102
4083,12,3,15,103.0,103
4084,12,3,15,104.0,104
4085,12,3,15,105.0,105
4086,12,3,15,106.0,106
4087,12,3,15,107.0,107
4088,12,3,15,108.0,108
4089,12,3,15,109.0,109
4090,12,3,15,110.0,110
4091,12,3,15,111.0,111
4092,12,3,15,112.0,112
4093,12,3,15,113.0,113
4094,12,3,15,114.0,114
4095,12,3,15,115.0,115
4096,12,3,15,116.0,116
4097,12,3,15,117.0,117
4098,12,3,15,118.0,118
4099,12,3,15,119.0,119
4100,12,3,15,120.0,120
4101,13,3,16,121.0,121
4102,13,3,16,121.0,121
4103,13,3,16,121.0,121
4104,13,3,16,121.0,121
4105,13,3,16,121.0,121
4106,13,3,16,121.0,121
4107,13,3,16,121.0,121
4108,13,3,16,121.0,121
4109,13,3,16,121.0,121
4110,13,3,16,121.0,121
4111,13,3,16,121.0,121
4112,13,3,16,121.0,121
4113,13,3,16,121.0,121
4114,13,3,16,121.0,121
4115,13,3,16,121.0,121
4116,13,3,16,121.0,121
4117,13,3,16,121.0,121
4118,13,3,16,121.0,121
4119,13,3,16,121.0,121
4120,13,3,16,121.0,121
4121,13,3,16,121.0,121
4122,13,3,16,121.0,121
4123,13,3,16,121.0,121
4124,13,3,16,121.0,121
4125,13,3,16,121.0,121
4126,13,3,16,121.0,121
4127,13,3,16,121.0,121
4128,13,3,16,121.0,121
4129,13,3,16,121.0,121
4130,13,3,16,121.0,121
4131,13,3,16,121.0,121
4132,13,3,16,121.0,121
4133,13,3,16,121.0,121
4134,13,3,16,121.0,121
4135,13,3,16,121.0,121
4136,13,3,16,0.0,0
4137,13,3,16,0.0,0
4138,13,3,16,0.0,0
4139,13,3,16,0.0,0
4140,13,3,16,0.0,0
4141,13,3,16,0.0,0
4142,13,3,16,0.0,0
4143,13,3,16,0.0,0
4144,13,3,16,0.0,0
4145,13,3,16,0.0,0
4146,13,3,16,0.0,0
4147,13,3,16,0.0,0
4148,13,3,16,0.0,0
4149,13,3,16,0.0,0
4150,13,3,16,0.0,0
4151,13,3,16,0.0,0
4152,13,3,16,0.0,0
4153,13,3,16,0.0,0
4154,13,3,16,0.0,0
4155,13,3,16,0.0,0
4156,13,3,16,0.0,0
4157,13,3,16,0.0,0
4158,13,3,16,0.0,0
4159,13,3,16,0.0,0
4160,13,3,16,0.0,0
4161,13,3,16,0.0,0
4162,13,3,16,0.0,0
4163,13,3,16,0.0,0
4164,13,3,16,0.0,0
4165,13,3,16,0.0,0
4166,13,3,16,0.0,0
4167,13,3,16,0.0,0
4168,13,3,16,0.0,0
4169,13,3,16,0.0,0
4170,13,3,16,0.0,0
4171,13,3,16,0.0,0
4172,13,3,16,0.0,0
4173,13,3,16,0.0,0
4174,13,3,16,0.0,0
4175,13,3,16,0.0,0
4176,13,3,16,0.0,0
4177,13,3,16,0.0,0
4178,13,3,16,0.0,0
4179,13,3,16,0.0,0
4180,13,3,16,0.0,0
4181,13,3,16,0.0,0
4182,13,3,16,0.0,0
4183,13,3,16,0.0,0
4184,13,3,16,0.0,0
4185,13,3,16,0.0,0
4186,13,3,16,0.0,0
4187,13,3,16,0.0,0
4188,13,3,16,0.0,0
4189,13,3,16,0.0,0
4190,13,3,16,0.0,0
4191,13,3,16,0.0,0
4192,13,3,16,0.0,0
4193,13,3,16,0.0,0
4194,13,3,16,0.0,0
4195,13,3,16,0.0,0
4196,13,3,16,0.0,0
4197,13,3,16,0.0,0
4198,13,3,16,0.0,0
4199,13,3,16,0.0,0
4200,13,3,16,0.0,0
4201,13,3,16,0.0,0
4202,13,3,16,0.0,0
4203,13,3,16,0.0,0
4204,13,3,16,0.0,0
4205,13,3,16,0.0,0
4206,13,3,16,0.0,0
4207,13,3,16,0.0,0
4208,13,3,16,0.0,0
4209,13,3,16,0.0,0
4210,13,3,16,0.0,0
4211,13,3,16,0.0,0
4212,13,3,16,0.0,0
4213,13,3,16,0.0,0
4214,13,3,16,0.0,0
4215,13,3,16,0.0,0
4216,13,3,16,0.0,0
4217,13,3,16,0.0,0
4218,13,3,16,0.0,0
4219,13,3,16,0.0,0
4220,13,3,16,0.0,0
4221,13,3,16,0.0,0
4222,13,3,16,0.0,0
4223,13,3,16,0.0,0
4224,13,3,16,0.0,0
4225,13,3,16,0.0,0
4226,13,3,16,0.0,0
4227,13,3,16,0.0,0
4228,13,3,16,0.0,0
4229,13,3,16,0.0,0
4230,13,3,16,0.0,0
4231,13,3,16,0.0,0
4232,13,3,16,0.0,0
4233,13,3,16,0.0,0
4234,13,3,16,0.0,0
4235,13,3,16,0.0,0
4236,13,3,16,0.0,0
4237,13,3,16,0.0,0
4238,13,3,16,0.0,0
4239,13,3,16,0.0,0
4240,13,3,16,0.0,0
4241,13,3,16,0.0,0
4242,13,3,16,0.0,0
4243,13,3,16,0.0,0
4244,13,3,16,0.0,0
4245,13,3,16,0.0,0
4246,13,3,16,0.0,0
4247,13,3,16,0.0,0
4248,13,3,16,0.0,0
4249,13,3,16,0.0,0
4250,13,3,16,0.0,0
4251,13,3,16,0.0,0
4252,13,3,16,0.0,0
4253,13,3,16,0.0,0
4254,13,3,16,0.0,0
4255,13,3,16,0.0,0
4256,13,3,16,0.0,0
4257,13,3,16,0.0,0
4258,13,3,16,0.0,0
4259,13,3,16,0.0,0
4260,13,3,16,0.0,0
4261,13,3,16,0.0,0
4262,13,3,16,0.0,0
4263,13,3,16,0.0,0
4264,13,3,16,0.0,0
4265,13,3,16,0.0,0
4266,13,3,16,0.0,0
4267,13,3,16,0.0,0
4268,13,3,16,0.0,0
4269,13,3,16,0.0,0
4270,13,3,16,0.0,0
4271,13,3,16,0.0,0
4272,13,3,16,0.0,0
4273,13,3,16,0.0,0
4274,13,3,16,0.0,0
4275,13,3,16,0.0,0
4276,13,3,16,0.0,0
4277,13,3,16,0.0,0
4278,13,3,16,0.0,0
4279,13,3,16,0.0,0
4280,13,3,16,0.0,0
4281,13,3,16,0.0,0
4282,13,3,16,0.0,0
4283,13,3,16,0.0,0
4284,13,3,16,0.0,0
4285,13,3,16,0.0,0
4286,13,3,16,0.0,0
4287,13,3,16,0.0,0
4288,13,3,16,0.0,0
4289,13,3,16,0.0,0
4290,13,3,16,0.0,0
4291,13,3,16,0.0,0
4292,13,3,16,0.0,0
4293,13,3,16,0.0,0
4294,13,3,16,0.0,0
4295,13,3,16,0.0,0
4296,13,3,16,0.0,0
4297,13,3,16,0.0,0
4298,13,3,16,0.0,0
4299,13,3,16,0.0,0
4300,13,3,16,0.0,0
4301,13,3,16,0.0,0
4302,13,3,16,0.0,0
4303,13,3,16,0.0,0
4304,13,3,16,0.0,0
4305,13,3,16,0.0,0
4306,13,3,16,0.0,0
4307,13,3,16,0.0,0
4308,13,3,16,0.0,0
4309,13,3,16,0.0,0
4310,13,3,16,0.0,0
4311,13,3,16,0.0,0
4312,13,3,16,0.0,0
4313,13,3,16,0.0,0
4314,13,3,16,0.0,0
4315,13,3,16,0.0,0
4316,13,3,16,0.0,0
4317,13,3,16,0.0,0
4318,13,3,16,0.0,0
4319,13,3,16,0.0,0
4320,13,3,16,0.0,0
4321,13,3,16,0.0,0
4322,13,3,16,0.0,0
4323,13,3,16,0.0,0
4324,13,3,16,0.0,0
4325,13,3,16,0.0,0
4326,13,3,16,0.0,0
4327,13,3,16,0.0,0
4328,13,3,16,0.0,0
4329,13,3,16,0.0,0
4330,13,3,16,0.0,0
4331,13,3,16,0.0,0
4332,13,3,16,0.0,0
4333,13,3,16,0.0,0
4334,13,3,16,0.0,0
4335,13,3,16,0.0,0
4336,13,3,16,0.0,0
4337,13,3,16,0.0,0
4338,13,3,16,0.0,0
4339,13,3,16,0.0,0
4340,13,3,16,0.0,0
4341,13,3,16,0.0,0
4342,13,3,16,0.0,0
4343,13,3,16,0.0,0
4344,13,3,16,0.0,0
4345,13,3,16,0.0,0
4346,13,3,16,0.0,0
4347,13,3,16,0.0,0
4348,13,3,16,0.0,0
4349,13,3,16,0.0,0
4350,13,3,16,0.0,0
4351,13,3,16,0.0,0
4352,13,3,16,0.0,0
4353,13,3,16,0.0,0
4354,13,3,16,0.0,0
4355,13,3,16,0.0,0
4356,13,3,16,0.0,0
4357,13,3,16,0.0,0
4358,13,3,16,0.0,0
4359,13,3,16,0.0,0
4360,13,3,16,0.0,0
4361,13,3,16,0.0,0
4362,13,3,16,0.0,0
4363,13,3,16,0.0,0
4364,13,3,16,0.0,0
4365,13,3,16,0.0,0
4366,13,3,16,0.0,0
4367,13,3,16,0.0,0
4368,13,3,16,0.0,0
4369,13,3,16,0.0,0
4370,13,3,16,0.0,0
4371,13,3,16,0.0,0
4372,13,3,16,0.0,0
4373,13,3,16,0.0,0
4374,13,3,16,0.0,0
4375,13,3,16,0.0,0
4376,13,3,16,0.0,0
4377,13,3,16,0.0,0
4378,13,3,16,0.0,0
4379,13,3,16,0.0,0
4380,13,3,16,0.0,0
4381,13,3,16,0.0,0
4382,13,3,16,0.0,0
4383,13,3,16,0.0,0
4384,13,3,16,0.0,0
4385,13,3,16,0.0,0
4386,13,3,16,0.0,0
4387,13,3,16,0.0,0
4388,13,3,16,0.0,0
4389,13,3,16,0.0,0
4390,13,3,16,0.0,0
4391,13,3,16,0.0,0
4392,13,3,16,0.0,0
4393,13,3,16,0.0,0
4394,13,3,16,0.0,0
4395,13,3,16,0.0,0
4396,13,3,16,0.0,0
4397,13,3,16,0.0,0
4398,13,3,16,0.0,0
4399,13,3,16,0.0,0
4400,13,3,16,0.0,0
4401,13,3,16,0.0,0
4402,13,3,16,0.0,0
4403,13,3,16,0.0,0
4404,13,3,16,0.0,0
4405,13,3,16,0.0,0
4406,13,3,16,0.0,0
4407,13,3,16,0.0,0
4408,13,3,16,0.0,0
4409,13,3,16,0.0,0
4410,13,3,16,0.0,0
4411,13,3,16,0.0,0
4412,13,3,16,0.0,0
4413,13,3,16,0.0,0
4414,13,3,16,0.0,0
4415,13,3,16,0.0,0
4416,13,3,16,0.0,0
4417,13,3,16,0.0,0
4418,13,3,16,0.0,0
4419,13,3,16,0.0,0
4420,13,3,16,0.0,0
4421,13,3,16,0.0,0
4422,13,3,16,0.0,0
4423,13,3,16,0.0,0
4424,13,3,16,0.0,0
4425,13,3,16,0.0,0
4426,13,3,16,0.0,0
4427,13,3,16,0.0,0
4428,13,3,16,0.0,0
4429,13,3,16,0.0,0
4430,13,3,16,0.0,0
4431,13,3,16,0.0,0
4432,13,3,16,0.0,0
4433,13,3,16,0.0,0
4434,13,3,16,0.0,0
4435,13,3,16,0.0,0
4436,13,3,16,0.0,0
4437,13,3,16,0.0,0
4438,13,3,16,0.0,0
4439,13,3,16,0.0,0
4440,13,3,16,0.0,0
4441,13,3,16,0.0,0
4442,13,3,16,0.0,0
4443,13,3,16,0.0,0
4444,13,3,16,0.0,0
4445,13,3,16,0.0,0
4446,13,3,16,0.0,0
4447,13,3,16,0.0,0
4448,13,3,16,0.0,0
4449,13,3,16,0.0,0
4450,13,4,17,0.0,0
4451,13,4,17,0.0,0
4452,13,4,17,0.0,0
4453,13,4,17,0.0,0
4454,13,4,17,0.0,0
4455,13,4,17,0.0,0
4456,13,4,17,0.0,0
4457,13,4,17,0.0,0
4458,13,4,17,0.0,0
4459,13,4,17,0.0,0
4460,13,4,17,0.0,0
4461,13,4,17,0.0,0
4462,13,4,17,0.0,0
4463,13,4,17,0.0,0
4464,13,4,17,0.0,0
4465,13,4,17,0.0,0
4466,13,4,17,0.0,0
4467,13,4,17,0.0,0
4468,13,4,17,0.0,0
4469,13,4,17,0.0,0
4470,13,4,17,0.0,0
4471,13,4,17,0.0,0
4472,13,4,17,0.0,0
4473,13,4,17,0.0,0
4474,13,4,17,0.0,0
4475,13,4,17,0.0,0
4476,13,4,17,0.0,0
4477,13,4,17,0.0,0
4478,13,4,17,0.0,0
4479,13,4,17,0.0,0
4480,13,4,17,0.0,0
4481,13,4,17,0.0,0
4482,13,4,17,0.0,0
4483,13,4,17,0.0,0
4484,13,4,17,0.0,0
4485,13,4,17,0.0,0
4486,13,4,17,0.0,0
4487,13,4,17,0.0,0
4488,13,4,17,0.0,0
4489,13,4,17,0.0,0
4490,13,4,17,0.0,0
4491,13,4,17,0.0,0
4492,13,4,17,0.0,0
4493,13,4,17,0.0,0
4494,13,4,17,0.0,0
4495,13,4,17,0.0,0
4496,13,4,17,0.0,0
4497,13,4,17,0.0,0
4498,13,4,17,0.0,0
4499,13,4,17,0.0,0
4500,13,4,17,0.0,0
4501,13,4,17,0.0,0
4502,13,4,17,0.0,0
4503,13,4,17,0.0,0
4504,13,4,17,0.0,0
4505,13,4,17,0.0,0
4506,13,4,17,0.0,0
4507,13,4,17,0.0,0
4508,13,4,17,0.0,0
4509,13,4,17,0.0,0
4510,13,4,17,0.0,0
4511,13,4,17,0.0,0
4512,13,4,17,0.0,0
4513,13,4,17,0.0,0
4514,13,4,17,0.0,0
4515,13,4,17,0.0,0
4516,13,4,17,0.0,0
4517,13,4,17,0.0,0
4518,13,4,17,0.0,0
4519,13,4,17,0.0,0
4520,13,4,17,0.0,0
4521,13,4,17,0.0,0
4522,13,4,17,0.0,0
4523,13,4,17,0.0,0
4524,13,4,17,0.0,0
4525,13,4,17,0.0,0
4526,13,4,17,0.0,0
4527,13,4,17,0.0,0
4528,13,4,17,0.0,0
4529,13,4,17,0.0,0
4530,13,4,17,0.0,0
4531,13,4,17,0.0,0
4532,13,4,17,0.0,0
4533,13,4,17,0.0,0
4534,13,4,17,0.0,0
4535,13,4,17,0.0,0
4536,13,4,17,0.0,0
4537,13,4,17,0.0,0
4538,13,4,17,0.0,0
4539,13,4,17,0.0,0
4540,13,4,17,0.0,0
4541,13,4,17,0.0,0
4542,13,4,17,0.0,0
4543,13,4,17,0.0,0
4544,13,4,17,0.0,0
4545,13,4,17,0.0,0
4546,13,4,17,0.0,0
4547,13,4,17,0.0,0
4548,13,4,17,0.0,0
4549,13,4,17,0.0,0
4550,13,4,17,0.0,0
4551,13,4,17,0.0,0
4552,13,4,17,0.0,0
4553,13,4,17,0.0,0
4554,13,4,17,0.0,0
4555,13,4,17,0.0,0
4556,13,4,17,0.0,0
4557,13,4,17,0.0,0
4558,13,4,17,0.0,0
4559,13,4,17,0.0,0
4560,13,4,17,0.0,0
4561,13,4,17,0.0,0
4562,13,4,17,0.0,0
4563,13,4,17,0.0,0
4564,13,4,17,0.0,0
4565,13,4,17,0.0,0
4566,13,4,17,0.0,0
4567,13,4,17,0.0,0
4568,13,4,17,0.0,0
4569,13,4,17,0.0,0
4570,13,4,17,0.0,0
4571,13,4,17,0.0,0
4572,13,4,17,0.0,0
4573,13,4,17,0.0,0
4574,13,4,17,0.0,0
4575,13,4,17,0.0,0
4576,13,4,17,0.0,0
4577,13,4,17,0.0,0
4578,13,4,17,0.0,0
4579,13,4,17,0.0,0
4580,13,4,17,0.0,0
4581,13,4,17,0.0,0
4582,13,4,17,0.0,0
4583,13,4,17,0.0,0
4584,13,4,17,0.0,0
4585,13,4,17,0.0,0
4586,13,4,17,0.0,0
4587,13,4,17,0.0,0
4588,13,4,17,0.0,0
4589,13,4,17,0.0,0
4590,13,4,17,0.0,0
4591,13,4,17,0.0,0
4592,13,4,17,0.0,0
4593,13,4,17,0.0,0
4594,13,4,17,0.0,0
4595,13,4,17,0.0,0
4596,13,4,17,0.0,0
4597,13,4,17,0.0,0
4598,13,4,17,0.0,0
4599,13,4,17,0.0,0
4600,13,4,17,0.0,0
4601,13,4,17,0.0,0
4602,13,4,17,0.0,0
4603,13,4,17,0.0,0
4604,13,4,17,0.0,0
4605,13,4,17,0.0,0
4606,13,4,17,0.0,0
4607,13,4,17,0.0,0
4608,13,4,17,0.0,0
4609,13,4,17,0.0,0
4610,13,4,17,0.0,0
4611,13,4,17,0.0,0
4612,13,4,17,0.0,0
4613,13,4,17,0.0,0
4614,13,4,17,0.0,0
4615,13,4,17,0.0,0
4616,13,4,17,0.0,0
4617,13,4,17,0.0,0
4618,13,4,17,0.0,0
4619,13,4,17,0.0,0
4620,13,4,17,0.0,0
4621,13,4,17,0.0,0
4622,13,4,17,0.0,0
4623,13,4,17,0.0,0
4624,13,4,17,0.0,0
4625,13,4,17,0.0,0
4626,13,4,17,0.0,0
4627,13,4,17,0.0,0
4628,13,4,17,0.0,0
4629,13,4,17,0.0,0
4630,13,4,17,0.0,0
4631,13,4,17,0.0,0
4632,13,4,17,0.0,0
4633,13,4,17,0.0,0
4634,13,4,17,0.0,0
4635,13,4,17,0.0,0
4636,13,4,17,0.0,0
4637,13,4,17,0.0,0
4638,13,4,17,0.0,0
4639,13,4,17,0.0,0
4640,13,4,17,0.0,0
4641,13,4,17,0.0,0
4642,13,4,17,0.0,0
4643,13,4,17,0.0,0
4644,13,4,17,0.0,0
4645,13,4,17,0.0,0
4646,13,4,17,0.0,0
4647,13,4,17,0.0,0
4648,13,4,17,0.0,0
4649,13,4,17,0.0,0
4650,13,4,17,0.0,0
4651,13,4,17,0.0,0
4652,13,4,17,0.0,0
4653,13,4,17,0.0,0
4654,13,4,17,0.0,0
4655,13,4,17,0.0,0
4656,13,4,17,0.0,0
4657,13,4,17,0.0,0
4658,13,4,17,0.0,0
4659,13,4,17,0.0,0
4660,13,4,17,0.0,0
4661,13,4,17,0.0,0
4662,13,4,17,0.0,0
4663,13,4,17,0.0,0
4664,13,4,17,0.0,0
4665,13,4,17,0.0,0
4666,13,4,17,0.0,0
4667,13,4,17,0.0,0
4668,13,4,17,0.0,0
4669,13,4,17,0.0,0
4670,13,4,17,0.0,0
4671,13,4,17,0.0,0
4672,13,4,17,0.0,0
4673,13,4,17,0.0,0
4674,13,4,17,0.0,0
4675,13,4,17,0.0,0
4676,13,4,17,0.0,0
4677,13,4,17,0.0,0
4678,13,4,17,0.0,0
4679,13,4,17,0.0,0
4680,13,4,17,0.0,0
4681,13,4,17,0.0,0
4682,13,4,17,0.0,0
4683,13,4,17,0.0,0
4684,13,4,17,0.0,0
4685,13,4,17,0.0,0
4686,13,4,17,0.0,0
4687,13,4,17,0.0,0
4688,13,4,17,0.0,0
4689,13,4,17,0.0,0
4690,13,4,17,0.0,0
4691,13,4,17,0.0,0
4692,13,4,17,0.0,0
4693,13,4,17,0.0,0
4694,13,4,17,0.0,0
4695,13,4,17,0.0,0
4696,13,4,17,0.0,0
4697,13,4,17,0.0,0
4698,13,4,17,0.0,0
4699,13,4,17,0.0,0
4700,13,4,17,0.0,0
4701,13,4,17,0.0,0
4702,13,4,17,0.0,0
4703,13,4,17,0.0,0
4704,13,4,17,0.0,0
4705,13,4,17,0.0,0
4706,13,4,17,0.0,0
4707,13,4,17,0.0,0
4708,13,4,17,0.0,0
4709,13,4,17,0.0,0
4710,13,4,17,0.0,0
4711,13,4,17,0.0,0
4712,13,4,17,0.0,0
4713,13,4,17,0.0,0
4714,13,4,17,0.0,0
4715,13,4,17,0.0,0
4716,13,4,17,0.0,0
4717,13,4,17,0.0,0
4718,13,4,17,0.0,0
4719,13,4,17,0.0,0
4720,13,4,17,0.0,0
4721,13,4,17,0.0,0
4722,13,4,17,0.0,0
4723,13,4,17,0.0,0
4724,13,4,17,0.0,0
4725,13,4,17,0.0,0
4726,13,4,17,0.0,0
4727,13,4,17,0.0,0
4728,13,4,17,0.0,0
4729,13,4,17,0.0,0
4730,13,4,17,0.0,0
4731,13,4,17,0.0,0
4732,13,4,17,0.0,0
4733,13,4,17,0.0,0
4734,13,4,17,0.0,0
4735,13,4,17,0.0,0
4736,13,4,17,0.0,0
4737,13,4,17,0.0,0
4738,13,4,17,0.0,0
4739,13,4,17,0.0,0
4740,13,4,17,0.0,0
4741,13,4,17,0.0,0
4742,13,4,17,0.0,0
4743,13,4,17,0.0,0
4744,13,4,17,0.0,0
4745,13,4,17,0.0,0
4746,13,4,17,0.0,0
4747,13,4,17,0.0,0
4748,13,4,17,0.0,0
4749,13,4,17,0.0,0
4750,13,4,17,0.0,0
4751,13,4,17,0.0,0
4752,13,4,17,0.0,0
4753,13,4,17,0.0,0
4754,13,4,17,0.0,0
4755,13,4,17,0.0,0
4756,13,4,17,0.0,0
4757,13,4,17,0.0,0
4758,13,4,17,0.0,0
4759,13,4,17,0.0,0
4760,13,4,17,0.0,0
4761,13,4,17,0.0,0
4762,13,4,17,0.0,0
4763,13,4,17,0.0,0
4764,13,4,17,0.0,0
4765,13,4,17,0.0,0
4766,13,4,17,0.0,0
4767,13,4,17,0.0,0
4768,13,4,17,0.0,0
4769,13,4,17,0.0,0
4770,13,4,17,0.0,0
4771,13,4,17,0.0,0
4772,13,4,17,0.0,0
4773,13,4,17,0.0,0
4774,13,4,17,0.0,0
4775,13,4,17,0.0,0
4776,13,4,17,0.0,0
4777,13,4,17,0.0,0
4778,13,4,17,0.0,0
4779,13,4,17,0.0,0
4780,13,4,17,0.0,0
4781,13,4,17,0.0,0
4782,13,4,17,0.0,0
4783,13,4,17,0.0,0
4784,13,4,17,0.0,0
4785,13,4,17,0.0,0
4786,13,4,17,0.0,0
4787,13,4,17,0.0,0
4788,13,4,17,0.0,0
4789,13,4,17,0.0,0
4790,13,4,17,0.0,0
4791,13,4,17,0.0,0
4792,13,4,17,0.0,0
4793,13,4,17,0.0,0
4794,13,4,17,0.0,0
4795,13,4,17,0.0,0
4796,13,4,17,0.0,0
4797,13,4,17,0.0,0
4798,13,4,17,0.0,0
4799,13,4,17,0.0,0
4800,13,4,17,0.0,0
4801,13,4,17,0.0,0
4802,13,4,17,0.0,0
4803,13,4,17,0.0,0
4804,13,4,17,0.0,0
4805,13,4,17,0.0,0
4806,13,4,17,0.0,0
4807,13,4,17,0.0,0
4808,13,4,17,0.0,0
4809,13,4,17,0.0,0
4810,13,4,17,0.0,0
4811,13,4,17,0.0,0
4812,13,4,17,0.0,0
4813,13,4,17,0.0,0
4814,13,4,17,0.0,0
4815,13,4,17,0.0,0
4816,13,4,17,0.0,0
4817,13,4,17,0.0,0
4818,13,4,17,0.0,0
4819,13,4,17,0.0,0
4820,13,4,17,0.0,0
4821,13,4,17,0.0,0
4822,13,4,17,0.0,0
4823,13,4,17,0.0,0
4824,13,4,17,0.0,0
4825,13,4,17,0.0,0
4826,13,4,17,0.0,0
4827,13,4,17,0.0,0
4828,13,4,17,0.0,0
4829,13,4,17,0.0,0
4830,13,4,17,0.0,0
4831,13,4,17,0.0,0
4832,13,5,18,0.0,0
4833,13,5,18,0.0,0
4834,13,5,18,0.0,0
4835,13,5,18,0.0,0
4836,13,5,18,0.0,0
4837,13,5,18,0.0,0
4838,13,5,18,0.0,0
4839,13,5,18,0.0,0
4840,13,5,18,0.0,0
4841,13,5,18,0.0,0
4842,13,5,18,0.0,0
4843,13,5,18,0.0,0
4844,13,5,18,0.0,0
4845,13,5,18,0.0,0
4846,13,5,18,0.0,0
4847,13,5,18,0.0,0
4848,13,5,18,0.0,0
4849,13,5,18,0.0,0
4850,13,5,18,0.0,0
4851,13,5,18,0.0,0
4852,13,5,18,0.0,0
4853,13,5,18,0.0,0
4854,13,5,18,0.0,0
4855,13,5,18,0.0,0
4856,13,5,18,0.0,0
4857,13,5,18,0.0,0
4858,13,5,18,0.0,0
4859,13,5,18,0.0,0
4860,13,5,18,0.0,0
4861,13,5,18,0.0,0
4862,13,5,18,0.0,0
4863,13,5,18,0.0,0
4864,13,5,18,0.0,0
4865,13,5,18,0.0,0
4866,13,5,18,0.0,0
4867,13,5,18,0.0,0
4868,13,5,18,0.0,0
4869,13,5,18,0.0,0
4870,13,5,18,0.0,0
4871,13,5,18,0.0,0
4872,13,5,18,0.0,0
4873,13,5,18,0.0,0
4874,13,5,18,0.0,0
4875,13,5,18,0.0,0
4876,13,5,18,0.0,0
4877,13,5,18,0.0,0
4878,13,5,18,0.0,0
4879,13,5,18,0.0,0
4880,13,5,18,0.0,0
4881,13,5,18,0.0,0
4882,13,5,18,0.0,0
4883,13,5,18,0.0,0
4884,13,5,18,0.0,0
4885,13,5,18,0.0,0
4886,13,5,18,0.0,0
4887,13,5,18,0.0,0
4888,13,5,18,0.0,0
4889,13,5,18,0.0,0
4890,13,5,18,0.0,0
4891,13,5,18,0.0,0
4892,13,5,18,0.0,0
4893,13,5,18,0.0,0
4894,13,5,18,0.0,0
4895,13,5,18,0.0,0
4896,13,5,18,0.0,0
4897,13,5,18,0.0,0
4898,13,5,18,0.0,0
4899,13,5,18,0.0,0
4900,13,5,18,0.0,0
4901,13,5,18,0.0,0
4902,13,5,18,0.0,0
4903,13,5,18,0.0,0
4904,13,5,18,0.0,0
4905,13,5,18,0.0,0
4906,13,5,18,0.0,0
4907,13,5,18,0.0,0
4908,13,5,18,0.0,0
4909,13,5,18,0.0,0
4910,13,5,18,0.0,0
4911,13,5,18,0.0,0
4912,13,5,18,0.0,0
4913,13,5,18,0.0,0
4914,13,5,18,0.0,0
4915,13,5,18,0.0,0
4916,13,5,18,0.0,0
4917,13,5,18,0.0,0
4918,13,5,18,0.0,0
4919,13,5,18,0.0,0
4920,13,5,18,0.0,0
4921,13,5,18,0.0,0
4922,13,5,18,0.0,0
4923,13,5,18,0.0,0
4924,13,5,18,0.0,0
4925,13,5,18,0.0,0
4926,13,5,18,0.0,0
4927,13,5,18,0.0,0
4928,13,5,18,0.0,0
4929,13,5,18,0.0,0
4930,13,5,18,0.0,0
4931,13,5,18,0.0,0
4932,13,5,18,0.0,0
4933,13,5,18,0.0,0
4934,13,5,18,0.0,0
4935,13,5,18,0.0,0
4936,13,5,18,0.0,0
4937,13,5,18,0.0,0
4938,13,5,18,0.0,0
4939,13,5,18,0.0,0
4940,13,5,18,0.0,0
4941,13,5,18,0.0,0
4942,13,5,18,0.0,0
4943,13,5,18,0.0,0
4944,13,5,18,0.0,0
4945,13,5,18,0.0,0
4946,13,5,18,0.0,0
4947,13,5,18,0.0,0
4948,13,5,18,0.0,0
4949,13,5,18,0.0,0
4950,13,5,18,0.0,0
4951,13,5,18,0.0,0
4952,13,5,18,0.0,0
4953,13,5,18,0.0,0
4954,13,5,18,0.0,0
4955,13,5,18,0.0,0
4956,13,5,18,0.0,0
4957,13,5,18,0.0,0
4958,13,5,18,0.0,0
4959,13,5,18,0.0,0
4960,13,5,18,0.0,0
4961,13,5,18,0.0,0
4962,13,5,18,0.0,0
4963,13,5,18,0.0,0
4964,13,5,18,0.0,0
4965,13,5,18,0.0,0
4966,13,5,18,0.0,0
4967,13,5,18,0.0,0
4968,13,5,18,0.0,0
4969,13,5,18,0.0,0
4970,13,5,18,0.0,0
4971,13,5,18,0.0,0
4972,13,5,18,0.0,0
4973,13,5,18,0.0,0
4974,13,5,18,0.0,0
4975,13,5,18,0.0,0
4976,13,5,18,0.0,0
4977,13,5,18,0.0,0
4978,13,5,18,0.0,0
4979,13,5,18,0.0,0
4980,13,5,18,0.0,0
4981,13,5,18,0.0,0
4982,13,5,18,0.0,0
4983,13,5,18,0.0,0
4984,13,5,18,0.0,0
4985,13,5,18,0.0,0
4986,13,5,18,0.0,0
4987,13,5,18,0.0,0
4988,13,5,18,0.0,0
4989,13,5,18,0.0,0
4990,13,5,18,0.0,0
4991,13,5,18,0.0,0
4992,13,5,18,0.0,0
4993,13,5,18,0.0,0
4994,13,5,18,0.0,0
4995,13,5,18,0.0,0
4996,13,5,18,0.0,0
4997,13,5,18,0.0,0
4998,13,5,18,0.0,0
4999,13,5,18,0.0,0
5000,13,5,18,0.0,0
5001,13,5,18,0.0,0
5002,13,5,18,0.0,0
5003,13,5,18,0.0,0
5004,13,5,18,0.0,0
5005,13,5,18,0.0,0
5006,13,5,18,0.0,0
5007,13,5,18,0.0,0
5008,13,5,18,0.0,0
5009,13,5,18,0.0,0
5010,13,5,18,0.0,0
5011,13,5,18,0.0,0
5012,13,5,18,0.0,0
5013,13,5,18,0.0,0
5014,13,5,18,0.0,0
5015,13,5,18,0.0,0
5016,13,5,18,0.0,0
5017,13,5,18,0.0,0
5018,13,5,18,0.0,0
5019,13,5,18,0.0,0
5020,13,5,18,0.0,0
5021,13,5,18,0.0,0
5022,13,5,18,0.0,0
5023,13,5,18,0.0,0
5024,13,5,18,0.0,0
5025,13,5,18,0.0,0
5026,13,5,18,0.0,0
5027,13,5,18,0.0,0
5028,13,5,18,0.0,0
5029,13,5,18,0.0,0
5030,13,5,18,0.0,0
5031,13,5,18,0.0,0
5032,13,5,18,0.0,0
5033,13,5,18,0.0,0
5034,13,5,18,0.0,0
5035,13,5,18,0.0,0
5036,13,5,18,0.0,0
5037,13,5,18,0.0,0
5038,13,5,18,0.0,0
5039,13,5,18,0.0,0
5040,13,5,18,0.0,0
5041,13,5,18,0.0,0
5042,13,5,18,0.0,0
5043,13,5,18,0.0,0
5044,13,5,18,0.0,0
5045,13,5,18,0.0,0
5046,13,5,18,0.0,0
5047,13,5,18,0.0,0
5048,13,5,18,0.0,0
5049,13,5,18,0.0,0
5050,13,5,18,0.0,0
5051,13,5,18,0.0,0
5052,13,5,18,0.0,0
5053,13,5,18,0.0,0
5054,13,5,18,0.0,0
5055,13,5,18,0.0,0
5056,13,5,18,0.0,0
5057,13,5,18,0.0,0
5058,13,5,18,0.0,0
5059,13,5,18,0.0,0
5060,13,5,18,0.0,0
5061,13,5,18,0.0,0
5062,13,5,18,0.0,0
5063,13,5,18,0.0,0
5064,13,5,18,0.0,0
5065,13,5,18,0.0,0
5066,13,5,18,0.0,0
5067,13,5,18,0.0,0
5068,13,5,18,0.0,0
5069,13,5,18,0.0,0
5070,13,5,18,0.0,0
5071,13,5,18,0.0,0
5072,13,5,18,0.0,0
5073,13,5,18,0.0,0
5074,13,5,18,0.0,0
5075,13,5,18,0.0,0
5076,13,5,18,0.0,0
5077,13,5,18,0.0,0
5078,13,6,19,0.0,0
5079,13,6,19,0.0,0
5080,13,6,19,0.0,0
5081,13,6,19,0.0,0
5082,13,6,19,0.0,0
5083,13,6,19,0.0,0
5084,13,6,19,0.0,0
5085,13,6,19,0.0,0
5086,13,6,19,0.0,0
5087,13,6,19,0.0,0
5088,13,6,19,0.0,0
5089,13,6,19,0.0,0
5090,13,6,19,0.0,0
5091,13,6,19,0.0,0
5092,13,6,19,0.0,0
5093,13,6,19,0.0,0
5094,13,6,19,0.0,0
5095,13,6,19,0.0,0
5096,13,6,19,0.0,0
5097,13,6,19,0.0,0
5098,13,6,19,0.0,0
5099,13,6,19,0.0,0
5100,13,6,19,0.0,0
5101,13,6,19,0.0,0
5102,13,6,19,0.0,0
5103,13,6,19,0.0,0
5104,13,6,19,0.0,0
5105,13,6,19,0.0,0
5106,13,6,19,0.0,0
5107,13,6,19,0.0,0
5108,13,6,19,0.0,0
5109,13,6,19,0.0,0
5110,13,6,19,0.0,0
5111,13,6,19,0.0,0
5112,13,6,19,0.0,0
5113,13,6,19,0.0,0
5114,13,6,19,0.0,0
5115,13,6,19,0.0,0
5116,13,6,19,0.0,0
5117,13,6,19,0.0,0
5118,13,6,19,0.0,0
5119,13,6,19,0.0,0
5120,13,6,19,0.0,0
5121,13,6,19,0.0,0
5122,13,6,19,0.0,0
5123,13,6,19,0.0,0
5124,13,6,19,0.0,0
5125,13,6,19,0.0,0
5126,13,6,19,0.0,0
5127,13,6,19,0.0,0
5128,13,6,19,0.0,0
5129,13,6,19,0.0,0
5130,13,6,19,0.0,0
5131,13,6,19,0.0,0
5132,13,6,19,0.0,0
5133,13,6,19,0.0,0
5134,13,6,19,0.0,0
5135,13,6,19,0.0,0
5136,13,6,19,0.0,0
5137,13,6,19,0.0,0
5138,13,6,19,0.0,0
5139,13,6,19,0.0,0
5140,13,6,19,0.0,0
5141,13,6,19,0.0,0
5142,13,6,19,0.0,0
5143,13,6,19,0.0,0
5144,13,6,19,0.0,0
5145,13,6,19,0.0,0
5146,13,6,19,0.0,0
5147,13,6,19,0.0,0
5148,13,6,19,0.0,0
5149,13,6,19,0.0,0
5150,13,6,19,0.0,0
5151,13,6,19,0.0,0
5152,13,6,19,0.0,0
5153,13,6,19,0.0,0
5154,13,6,19,0.0,0
5155,13,6,19,0.0,0
5156,13,6,19,0.0,0
5157,13,6,19,0.0,0
5158,13,6,19,0.0,0
5159,13,6,19,0.0,0
5160,13,6,19,0.0,0
5161,13,6,19,0.0,0
5162,13,6,19,0.0,0
5163,13,6,19,0.0,0
5164,13,6,19,0.0,0
5165,13,6,19,0.0,0
5166,13,6,19,0.0,0
5167,13,6,19,0.0,0
5168,13,6,19,0.0,0
5169,13,6,19,0.0,0
5170,13,6,19,0.0,0
5171,13,6,19,0.0,0
5172,13,6,19,0.0,0
5173,13,6,19,0.0,0
5174,13,6,19,0.0,0
5175,13,6,19,0.0,0
5176,13,6,19,0.0,0
5177,13,6,19,0.0,0
5178,13,6,19,0.0,0
5179,13,6,19,0.0,0
5180,13,6,19,0.0,0
5181,13,6,19,0.0,0
5182,13,6,19,0.0,0
5183,13,6,19,0.0,0
5184,13,6,19,0.0,0
5185,13,6,19,0.0,0
5186,13,6,19,0.0,0
5187,13,6,19,0.0,0
5188,13,6,19,0.0,0
5189,13,6,19,0.0,0
5190,13,6,19,0.0,0
5191,13,6,19,0.0,0
5192,13,6,19,0.0,0
5193,13,6,19,0.0,0
5194,13,6,19,0.0,0
5195,13,6,19,0.0,0
5196,13,6,19,0.0,0
5197,13,6,19,0.0,0
5198,13,6,19,0.0,0
5199,13,6,19,0.0,0
5200,13,6,19,0.0,0
5201,13,6,19,0.0,0
5202,13,6,19,0.0,0
5203,13,6,19,0.0,0
5204,13,6,19,0.0,0
5205,13,6,19,0.0,0
5206,13,6,19,0.0,0
5207,13,6,19,0.0,0
5208,13,6,19,0.0,0
5209,13,6,19,0.0,0
5210,13,6,19,0.0,0
5211,13,6,19,0.0,0
5212,13,6,19,0.0,0
5213,13,6,19,0.0,0
5214,13,6,19,0.0,0
5215,13,6,19,0.0,0
5216,13,6,19,0.0,0
5217,13,6,19,0.0,0
5218,13,6,19,0.0,0
5219,13,6,19,0.0,0
5220,13,6,19,0.0,0
5221,13,6,19,0.0,0
5222,13,6,19,0.0,0
5223,13,6,19,0.0,0
5224,13,6,19,0.0,0
5225,13,6,19,0.0,0
5226,13,6,19,0.0,0
5227,13,6,19,0.0,0
5228,13,6,19,0.0,0
5229,13,6,19,0.0,0
5230,13,6,19,0.0,0
5231,13,6,19,0.0,0
5232,13,6,19,0.0,0
5233,13,6,19,0.0,0
5234,13,6,19,0.0,0
5235,13,6,19,0.0,0
5236,13,6,19,0.0,0
5237,13,6,19,0.0,0
5238,13,6,19,0.0,0
5239,13,6,19,0.0,0
5240,13,6,19,0.0,0
5241,13,6,19,0.0,0
5242,13,6,19,0.0,0
5243,13,6,19,0.0,0
5244,13,6,19,0.0,0
5245,13,6,19,0.0,0
5246,13,6,19,0.0,0
5247,13,6,19,0.0,0
5248,13,6,19,0.0,0
5249,13,6,19,0.0,0
5250,13,6,19,0.0,0
5251,13,6,19,0.0,0
5252,13,6,19,0.0,0
5253,13,6,19,0.0,0
5254,13,6,19,0.0,0
5255,13,6,19,0.0,0
5256,13,6,19,0.0,0
5257,13,6,19,0.0,0
5258,13,6,19,0.0,0
5259,13,6,19,0.0,0
5260,13,6,19,0.0,0
5261,13,6,19,0.0,0
5262,13,6,19,0.0,0
5263,13,6,19,0.0,0
5264,13,6,19,0.0,0
5265,13,6,19,0.0,0
5266,13,6,19,0.0,0
5267,13,6,19,0.0,0
5268,13,6,19,0.0,0
5269,13,6,19,0.0,0
5270,13,6,19,0.0,0
5271,13,6,19,0.0,0
5272,13,6,19,0.0,0
5273,13,6,19,0.0,0
5274,13,6,19,0.0,0
5275,13,6,19,0.0,0
5276,13,6,19,0.0,0
5277,13,6,19,0.0,0
5278,13,6,19,0.0,0
5279,13,6,19,0.0,0
5280,13,6,19,0.0,0
5281,13,6,19,0.0,0
5282,13,6,19,0.0,0
5283,13,6,19,0.0,0
5284,13,6,19,0.0,0
5285,13,6,19,0.0,0
5286,13,6,19,0.0,0
5287,13,6,19,1.0,1
5288,13,6,19,2.0,2
5289,13,6,19,3.0,3
5290,13,6,19,4.0,4
5291,13,6,19,5.0,5
5292,13,6,19,6.0,6
5293,13,6,19,7.0,7
5294,13,6,19,8.0,8
5295,13,6,19,9.0,9
5296,13,6,19,10.0,10
5297,13,6,19,11.0,11
5298,13,6,19,12.0,12
5299,13,6,19,13.0,13
5300,13,6,19,14.0,14
5301,13,6,19,15.0,15
5302,13,6,19,16.0,16
5303,13,6,19,17.0,17
5304,13,6,19,18.0,18
5305,13,6,19,19.0,19
5306,13,6,19,20.0,20
5307,13,6,19,21.0,21
5308,13,6,19,22.0,22
5309,13,6,19,23.0,23
5310,13,6,19,24.0,24
5311,13,6,19,25.0,25
5312,13,6,19,26.0,26
5313,13,6,19,27.0,27
5314,13,6,19,28.0,28
5315,13,6,19,29.0,29
5316,13,6,19,30.0,30
5317,13,6,19,31.0,31
5318,13,6,19,32.0,32
5319,13,6,19,33.0,33
5320,13,6,19,34.0,34
5321,13,6,19,35.0,35
5322,13,6,19,36.0,36
5323,13,6,19,37.0,37
5324,13,6,19,38.0,38
5325,13,6,19,39.0,39
5326,13,6,19,40.0,40
5327,13,6,19,41.0,41
5328,13,6,19,42.0,42
5329,13,6,19,43.0,43
5330,13,6,19,44.0,44
5331,13,6,19,45.0,45
5332,13,6,19,46.0,46
5333,13,6,19,47.0,47
5334,13,6,19,48.0,48
5335,13,6,19,49.0,49
5336,13,6,19,50.0,50
5337,13,6,19,51.0,51
5338,13,6,19,52.0,52
5339,13,6,19,53.0,53
5340,13,6,19,54.0,54
5341,13,6,19,55.0,55
5342,13,6,19,56.0,56
5343,13,6,19,57.0,57
5344,13,6,19,58.0,58
5345,13,6,19,59.0,59
5346,13,6,19,60.0,60
5347,13,6,19,61.0,61
5348,13,6,19,62.0,62
5349,13,6,19,63.0,63
5350,13,6,19,64.0,64
5351,13,6,19,65.0,65
5352,13,6,19,66.0,66
5353,13,6,19,67.0,67
5354,13,6,19,68.0,68
5355,13,6,19,69.0,69
5356,13,6,19,70.0,70
5357,13,6,19,71.0,71
5358,13,6,19,72.0,72
5359,13,6,19,73.0,73
5360,13,6,19,74.0,74
5361,13,6,19,75.0,75
5362,13,6,19,76.0,76
5363,13,6,19,77.0,77
5364,13,6,19,78.0,78
5365,13,6,19,79.0,79
5366,13,6,19,80.0,80
5367,13,6,19,81.0,81
5368,13,6,19,82.0,82
5369,13,6,19,83.0,83
5370,13,6,19,84.0,84
5371,13,6,19,85.0,85
5372,13,6,19,86.0,86
5373,13,6,19,87.0,87
5374,13,6,19,88.0,88
5375,13,6,19,89.0,89
5376,13,6,19,90.0,90
5377,13,6,19,91.0,91
5378,13,6,19,92.0,92
5379,13,6,19,93.0,93
5380,13,6,19,94.0,94
5381,13,6,19,95.0,95
5382,13,6,19,96.0,96
5383,13,6,19,97.0,97
5384,13,6,19,98.0,98
5385,13,6,19,99.0,99
5386,13,6,19,100.0,100
5387,13,6,19,101.0,101
5388,13,6,19,102.0,102
5389,13,6,19,103.0,103
5390,13,6,19,104.0,104
5391,13,6,19,105.0,105
5392,13,6,19,106.0,106
5393,13,6,19,107.0,107
5394,13,6,19,108.0,108
5395,13,6,19,109.0,109
5396,13,6,19,110.0,110
5397,13,6,19,111.0,111
5398,13,6,19,112.0,112
5399,13,6,19,113.0,113
5400,13,6,19,114.0,114
5401,13,6,19,115.0,115
5402,13,6,19,116.0,116
5403,13,6,19,117.0,117
5404,13,6,19,118.0,118
5405,13,6,19,119.0,119
5406,13,6,19,120.0,120
5407,13,6,19,121.0,121
5408,13,6,19,122.0,122
5409,13,6,19,123.0,123
5410,13,6,19,124.0,124
5411,13,6,19,125.0,125
5412,13,6,19,126.0,126
5413,13,6,19,127.0,127
5414,13,6,19,128.0,128
5415,13,6,19,129.0,129
5416,13,6,19,130.0,130
5417,13,6,19,131.0,131
5418,13,6,19,132.0,132
5419,13,6,19,133.0,133
5420,13,6,19,134.0,134
5421,13,6,19,135.0,135
5422,13,6,19,136.0,136
5423,13,6,19,137.0,137
5424,13,6,19,138.0,138
5425,13,6,19,139.0,139
5426,13,6,19,140.0,140
5427,13,6,19,141.0,141
5428,13,6,19,142.0,142
5429,13,6,19,143.0,143
5430,13,6,19,144.0,144
5431,13,6,19,145.0,145
5432,13,6,19,146.0,146
5433,13,6,19,147.0,147
5434,13,6,19,148.0,148
5435,13,6,19,149.0,149
5436,13,6,19,150.0,150
5437,13,6,19,151.0,151
5438,13,6,19,152.0,152
5439,13,6,19,153.0,153
5440,13,6,19,154.0,154
5441,13,6,19,155.0,155
5442,13,6,19,156.0,156
5443,13,6,19,157.0,157
5444,13,6,19,158.0,158
5445,13,6,19,159.0,159
5446,14,6,20,160.0,160
5447,14,6,20,160.0,160
5448,14,6,20,160.0,160
5449,14,6,20,160.0,160
5450,14,6,20,160.0,160
5451,14,6,20,160.0,160
5452,14,6,20,160.0,160
5453,14,6,20,160.0,160
5454,14,6,20,160.0,160
5455,14,6,20,160.0,160
5456,14,6,20,160.0,160
5457,14,6,20,160.0,160
5458,14,6,20,160.0,160
5459,14,6,20,160.0,160
5460,14,6,20,160.0,160
5461,14,6,20,160.0,160
5462,14,6,20,160.0,160
5463,14,6,20,160.0,160
5464,14,6,20,160.0,160
5465,14,6,20,160.0,160
5466,14,6,20,160.0,160
5467,14,6,20,160.0,160
5468,14,6,20,160.0,160
5469,14,6,20,160.0,160
5470,14,6,20,160.0,160
5471,14,6,20,160.0,160
5472,14,6,20,160.0,160
5473,14,6,20,160.0,160
5474,14,6,20,160.0,160
5475,14,6,20,160.0,160
5476,14,6,20,160.0,160
5477,14,6,20,160.0,160
5478,14,6,20,160.0,160
5479,14,6,20,160.0,160
5480,14,6,20,160.0,160
5481,14,6,20,160.0,160
5482,14,6,20,160.0,160
5483,14,6,20,160.0,160
5484,14,6,20,160.0,160
5485,14,6,20,160.0,160
5486,14,6,20,160.0,160
5487,14,6,20,160.0,160
5488,14,6,20,160.0,160
5489,14,6,20,160.0,160
5490,14,6,20,160.0,160
5491,14,6,20,160.0,160
5492,14,6,20,160.0,160
5493,14,6,20,160.0,160
5494,14,6,20,160.0,160
5495,14,6,20,160.0,160
5496,14,6,20,160.0,160
5497,14,6,20,160.0,160
5498,14,6,20,160.0,160
5499,14,6,20,160.0,160
5500,14,6,20,160.0,160
5501,14,6,20,160.0,160
5502,14,6,20,160.0,160
5503,14,6,20,160.0,160
5504,14,6,20,160.0,160
5505,14,6,20,160.0,160
5506,14,6,20,160.0,160
5507,14,6,20,160.0,160
5508,14,6,20,160.0,160
5509,14,6,20,0.0,0
5510,14,6,20,0.0,0
5511,14,6,20,0.0,0
5512,14,6,20,0.0,0
5513,14,6,20,0.0,0
5514,14,6,20,0.0,0
5515,14,6,20,0.0,0
5516,14,6,20,0.0,0
5517,14,6,20,0.0,0
5518,14,6,20,0.0,0
5519,14,6,20,0.0,0
5520,14,6,20,0.0,0
5521,14,6,20,0.0,0
5522,14,6,20,0.0,0
5523,14,6,20,0.0,0
5524,14,6,20,0.0,0
5525,14,6,20,0.0,0
5526,14,6,20,0.0,0
5527,14,6,20,0.0,0
5528,14,6,20,0.0,0
5529,14,6,20,0.0,0
5530,14,6,20,0.0,0
5531,14,6,20,0.0,0
5532,14,6,20,0.0,0
5533,14,6,20,0.0,0
5534,14,6,20,0.0,0
5535,14,6,20,0.0,0
5536,14,6,20,0.0,0
5537,14,6,20,0.0,0
5538,14,6,20,0.0,0
5539,14,6,20,0.0,0
5540,14,6,20,0.0,0
5541,14,6,20,0.0,0
5542,14,6,20,0.0,0
5543,14,6,20,0.0,0
5544,14,6,20,0.0,0
5545,14,6,20,0.0,0
5546,14,6,20,0.0,0
5547,14,6,20,0.0,0
5548,14,6,20,0.0,0
5549,14,6,20,0.0,0
5550,14,6,20,0.0,0
5551,14,6,20,0.0,0
5552,14,6,20,0.0,0
5553,14,6,20,0.0,0
5554,14,6,20,0.0,0
5555,14,6,20,0.0,0
5556,14,6,20,0.0,0
5557,14,6,20,0.0,0
5558,14,6,20,0.0,0
5559,14,6,20,0.0,0
5560,14,6,20,0.0,0
5561,14,6,20,0.0,0
5562,14,6,20,0.0,0
5563,14,6,20,0.0,0
5564,14,6,20,0.0,0
5565,14,6,20,0.0,0
5566,14,6,20,0.0,0
5567,14,6,20,0.0,0
5568,14,6,20,0.0,0
5569,14,6,20,0.0,0
5570,14,6,20,0.0,0
5571,14,6,20,0.0,0
5572,14,6,20,0.0,0
5573,14,6,20,0.0,0
5574,14,6,20,0.0,0
5575,14,6,20,0.0,0
5576,14,6,20,0.0,0
5577,14,6,20,0.0,0
5578,14,6,20,0.0,0
5579,14,6,20,0.0,0
5580,14,6,20,0.0,0
5581,14,6,20,0.0,0
5582,14,6,20,0.0,0
5583,14,6,20,0.0,0
5584,14,6,20,0.0,0
5585,14,6,20,0.0,0
5586,14,6,20,0.0,0
5587,14,6,20,0.0,0
5588,14,6,20,0.0,0
5589,14,6,20,0.0,0
5590,14,6,20,0.0,0
5591,14,6,20,0.0,0
5592,14,6,20,0.0,0
5593,14,6,20,0.0,0
5594,14,6,20,0.0,0
5595,14,6,20,0.0,0
5596,14,6,20,0.0,0
5597,14,6,20,0.0,0
5598,14,6,20,0.0,0
5599,14,6,20,0.0,0
5600,14,6,20,0.0,0
5601,14,6,20,0.0,0
5602,14,6,20,0.0,0
5603,14,6,20,0.0,0
5604,14,6,20,0.0,0
5605,14,6,20,0.0,0
5606,14,6,20,0.0,0
5607,14,6,20,0.0,0
5608,14,6,20,0.0,0
5609,14,6,20,0.0,0
5610,14,6,20,0.0,0
5611,14,6,20,0.0,0
5612,14,6,20,0.0,0
5613,14,6,20,0.0,0
5614,14,6,20,0.0,0
5615,14,6,20,0.0,0
5616,14,6,20,0.0,0
5617,14,6,20,0.0,0
5618,14,6,20,0.0,0
5619,14,6,20,0.0,0
5620,14,6,20,0.0,0
5621,14,6,20,0.0,0
5622,14,6,20,0.0,0
5623,14,6,20,0.0,0
5624,14,6,20,0.0,0
5625,14,6,20,0.0,0
5626,14,6,20,0.0,0
5627,14,6,20,0.0,0
5628,14,6,20,0.0,0
5629,14,6,20,0.0,0
5630,14,6,20,0.0,0
5631,14,6,20,0.0,0
5632,14,6,20,0.0,0
5633,14,6,20,0.0,0
5634,14,6,20,0.0,0
5635,14,6,20,0.0,0
5636,14,6,20,0.0,0
5637,14,6,20,0.0,0
5638,14,6,20,0.0,0
5639,14,6,20,0.0,0
5640,14,6,20,0.0,0
5641,14,6,20,0.0,0
5642,14,6,20,0.0,0
5643,14,6,20,0.0,0
5644,14,6,20,0.0,0
5645,14,6,20,0.0,0
5646,14,6,20,0.0,0
5647,14,6,20,0.0,0
5648,14,6,20,0.0,0
5649,14,6,20,0.0,0
5650,14,6,20,0.0,0
5651,14,6,20,0.0,0
5652,14,6,20,0.0,0
5653,14,6,20,0.0,0
5654,14,6,20,0.0,0
5655,14,6,20,0.0,0
5656,14,6,20,0.0,0
5657,14,6,20,0.0,0
5658,14,6,20,0.0,0
5659,14,6,20,0.0,0
5660,14,6,20,0.0,0
5661,14,6,20,0.0,0
5662,14,6,20,0.0,0
5663,14,6,20,0.0,0
5664,14,6,20,0.0,0
5665,14,6,20,0.0,0
5666,14,6,20,0.0,0
5667,14,6,20,0.0,0
5668,14,6,20,0.0,0
5669,14,6,20,0.0,0
5670,14,6,20,0.0,0
5671,14,6,20,0.0,0
5672,14,6,20,0.0,0
5673,14,6,20,0.0,0
5674,14,6,20,0.0,0
5675,14,6,20,0.0,0
5676,14,6,20,0.0,0
5677,14,6,20,0.0,0
5678,14,6,20,0.0,0
5679,14,6,20,0.0,0
5680,14,6,20,0.0,0
5681,14,6,20,0.0,0
5682,14,6,20,0.0,0
5683,14,6,20,0.0,0
5684,14,6,20,0.0,0
5685,14,6,20,0.0,0
5686,14,6,20,0.0,0
5687,14,6,20,0.0,0
5688,14,6,20,0.0,0
5689,14,6,20,0.0,0
5690,14,6,20,0.0,0
5691,14,6,20,0.0,0
5692,14,6,20,0.0,0
5693,14,6,20,0.0,0
5694,14,6,20,0.0,0
5695,14,6,20,0.0,0
5696,14,6,20,0.0,0
5697,14,6,20,0.0,0
5698,14,6,20,0.0,0
5699,14,6,20,0.0,0
5700,14,6,20,0.0,0
5701,14,6,20,0.0,0
5702,14,6,20,0.0,0
5703,14,6,20,0.0,0
5704,14,6,20,0.0,0
5705,14,6,20,0.0,0
5706,14,6,20,0.0,0
5707,14,6,20,0.0,0
5708,14,6,20,0.0,0
5709,14,6,20,0.0,0
5710,14,6,20,0.0,0
5711,14,6,20,0.0,0
5712,14,6,20,0.0,0
5713,14,6,20,0.0,0
5714,14,6,20,0.0,0
5715,14,6,20,0.0,0
5716,14,6,20,0.0,0
5717,14,6,20,0.0,0
5718,14,6,20,0.0,0
5719,14,6,20,0.0,0
5720,14,6,20,0.0,0
5721,14,6,20,0.0,0
5722,14,6,20,0.0,0
5723,14,6,20,0.0,0
5724,14,6,20,1.0,1
5725,14,6,20,2.0,2
5726,14,6,20,3.0,3
5727,14,6,20,4.0,4
5728,14,6,20,5.0,5
5729,14,6,20,6.0,6
5730,14,6,20,7.0,7
5731,14,6,20,8.0,8
5732,14,6,20,9.0,9
5733,14,6,20,10.0,10
5734,14,6,20,11.0,11
5735,14,6,20,12.0,12
5736,14,6,20,13.0,13
5737,14,6,20,14.0,14
5738,14,6,20,15.0,15
5739,14,6,20,16.0,16
5740,14,6,20,17.0,17
5741,14,6,20,18.0,18
5742,14,6,20,19.0,19
5743,14,6,20,20.0,20
5744,14,6,20,21.0,21
5745,14,6,20,22.0,22
5746,14,6,20,23.0,23
5747,14,6,20,24.0,24
5748,14,6,20,25.0,25
5749,14,6,20,26.0,26
5750,14,6,20,27.0,27
5751,14,6,20,28.0,28
5752,14,6,20,29.0,29
5753,14,6,20,30.0,30
5754,14,6,20,31.0,31
5755,14,6,20,32.0,32
5756,14,6,20,33.0,33
5757,14,6,20,34.0,34
5758,14,6,20,35.0,35
5759,14,6,20,36.0,36
5760,14,6,20,37.0,37
5761,14,6,20,38.0,38
5762,14,6,20,39.0,39
5763,14,6,20,40.0,40
5764,14,6,20,41.0,41
5765,14,6,20,42.0,42
5766,14,6,20,43.0,43
5767,14,6,20,44.0,44
5768,14,6,20,45.0,45
5769,14,6,20,46.0,46
5770,14,6,20,47.0,47
5771,14,6,20,48.0,48
5772,14,6,20,49.0,49
5773,14,6,20,50.0,50
5774,14,6,20,51.0,51
5775,14,6,20,52.0,52
5776,14,6,20,53.0,53
5777,14,6,20,54.0,54
5778,14,6,20,55.0,55
5779,14,6,20,56.0,56
5780,14,6,20,57.0,57
5781,14,6,20,58.0,58
5782,14,6,20,59.0,59
5783,14,6,20,60.0,60
5784,14,6,20,61.0,61
5785,14,6,20,62.0,62
5786,14,6,20,63.0,63
5787,14,6,20,64.0,64
5788,14,6,20,65.0,65
5789,14,6,20,66.0,66
5790,14,6,20,67.0,67
5791,14,6,20,68.0,68
5792,14,6,20,69.0,69
5793,14,6,20,70.0,70
5794,14,6,20,71.0,71
5795,14,6,20,72.0,72
5796,14,6,20,73.0,73
5797,14,6,20,74.0,74
5798,14,6,20,75.0,75
5799,14,6,20,76.0,76
5800,14,6,20,77.0,77
5801,14,6,20,78.0,78
5802,14,6,20,79.0,79
5803,14,6,20,80.0,80
5804,14,6,20,81.0,81
5805,14,6,20,82.0,82
5806,14,6,20,83.0,83
5807,14,6,20,84.0,84
5808,14,6,20,85.0,85
5809,14,6,20,86.0,86
5810,14,6,20,87.0,87
5811,14,6,20,88.0,88
5812,14,6,20,89.0,89
5813,14,6,20,90.0,90
5814,14,6,20,91.0,91
5815,14,6,20,92.0,92
5816,14,6,20,93.0,93
5817,14,6,20,94.0,94
5818,14,6,20,95.0,95
5819,14,6,20,96.0,96
5820,14,6,20,97.0,97
5821,14,6,20,98.0,98
5822,14,6,20,99.0,99
5823,14,6,20,100.0,100
5824,14,6,20,101.0,101
5825,14,6,20,102.0,102
5826,14,6,20,103.0,103
5827,14,6,20,104.0,104
5828,14,6,20,105.0,105
5829,14,6,20,106.0,106
5830,14,6,20,107.0,107
5831,14,6,20,108.0,108
5832,14,6,20,109.0,109
5833,14,6,20,110.0,110
5834,14,6,20,111.0,111
5835,14,6,20,112.0,112
5836,14,6,20,113.0,113
5837,14,6,20,114.0,114
5838,14,6,20,115.0,115
5839,14,6,20,116.0,116
5840,14,6,20,117.0,117
5841,14,6,20,118.0,118
5842,14,6,20,119.0,119
5843,14,6,20,120.0,120
5844,14,6,20,121.0,121
5845,14,6,20,122.0,122
5846,14,6,20,123.0,123
5847,14,6,20,124.0,124
5848,14,6,20,125.0,125
5849,14,6,20,126.0,126
5850,14,6,20,127.0,127
5851,14,6,20,128.0,128
5852,14,6,20,129.0,129
5853,14,6,20,130.0,130
5854,14,6,20,131.0,131
5855,14,6,20,132.0,132
5856,14,6,20,133.0,133
5857,14,6,20,134.0,134
5858,14,6,20,135.0,135
5859,14,6,20,136.0,136
5860,14,6,20,137.0,137
5861,14,6,20,138.0,138
5862,14,6,20,139.0,139
5863,14,6,20,140.0,140
5864,14,6,20,141.0,141
5865,14,6,20,142.0,142
5866,14,6,20,143.0,143
5867,14,6,20,144.0,144
5868,14,6,20,145.0,145
5869,14,6,20,146.0,146
5870,14,6,20,147.0,147
5871,14,6,20,148.0,148
5872,14,6,20,149.0,149
5873,14,6,20,150.0,150
5874,14,6,20,151.0,151
5875,14,6,20,152.0,152
5876,14,6,20,153.0,153
5877,14,6,20,154.0,154
5878,14,6,20,155.0,155
5879,14,6,20,156.0,156
5880,14,6,20,157.0,157
5881,14,6,20,158.0,158
5882,14,6,20,159.0,159
5883,14,6,20,160.0,160
5884,14,6,20,161.0,161
5885,14,6,20,162.0,162
5886,14,6,20,163.0,163
5887,14,6,20,164.0,164
5888,14,6,20,165.0,165
5889,14,6,20,166.0,166
5890,15,6,21,167.0,167
5891,15,6,21,167.0,167
5892,15,6,21,167.0,167
5893,15,6,21,167.0,167
5894,15,6,21,167.0,167
5895,15,6,21,167.0,167
5896,15,6,21,167.0,167
5897,15,6,21,167.0,167
5898,15,6,21,167.0,167
5899,15,6,21,167.0,167
5900,15,6,21,167.0,167
5901,15,6,21,167.0,167
5902,15,6,21,167.0,167
5903,15,6,21,167.0,167
5904,15,6,21,167.0,167
5905,15,6,21,167.0,167
5906,15,6,21,167.0,167
5907,15,6,21,167.0,167
5908,15,6,21,167.0,167
5909,15,6,21,167.0,167
5910,15,6,21,167.0,167
5911,15,6,21,167.0,167
5912,15,6,21,167.0,167
5913,15,6,21,167.0,167
5914,15,6,21,167.0,167
5915,15,6,21,167.0,167
5916,15,6,21,167.0,167
5917,15,6,21,167.0,167
5918,15,6,21,167.0,167
5919,15,6,21,167.0,167
5920,15,6,21,167.0,167
5921,15,6,21,167.0,167
5922,15,6,21,167.0,167
5923,15,6,21,167.0,167
5924,15,6,21,167.0,167
5925,15,6,21,167.0,167
5926,15,6,21,167.0,167
5927,15,6,21,167.0,167
5928,15,6,21,167.0,167
5929,15,6,21,167.0,167
5930,15,6,21,167.0,167
5931,15,6,21,167.0,167
5932,15,6,21,167.0,167
5933,15,6,21,167.0,167
5934,15,6,21,167.0,167
5935,15,6,21,167.0,167
5936,15,6,21,167.0,167
5937,15,6,21,167.0,167
5938,15,6,21,167.0,167
5939,15,6,21,167.0,167
5940,15,6,21,167.0,167
5941,15,6,21,167.0,167
5942,15,6,21,167.0,167
5943,15,6,21,167.0,167
5944,15,6,21,167.0,167
5945,15,6,21,167.0,167
5946,15,6,21,167.0,167
5947,15,6,21,167.0,167
5948,15,6,21,167.0,167
5949,15,6,21,167.0,167
5950,15,6,21,167.0,167
5951,15,6,21,167.0,167
5952,15,6,21,167.0,167
5953,15,6,21,167.0,167
5954,15,6,21,167.0,167
5955,15,6,21,167.0,167
5956,15,6,21,167.0,167
5957,15,6,21,167.0,167
5958,15,6,21,0.0,0
5959,15,6,21,0.0,0
5960,15,6,21,0.0,0
5961,15,6,21,0.0,0
5962,15,6,21,0.0,0
5963,15,6,21,0.0,0
5964,15,6,21,0.0,0
5965,15,6,21,0.0,0
5966,15,6,21,0.0,0
5967,15,6,21,0.0,0
5968,15,6,21,0.0,0
5969,15,6,21,0.0,0
5970,15,6,21,0.0,0
5971,15,6,21,0.0,0
5972,15,6,21,0.0,0
5973,15,6,21,0.0,0
5974,15,6,21,0.0,0
5975,15,6,21,0.0,0
5976,15,6,21,0.0,0
5977,15,6,21,0.0,0
5978,15,6,21,0.0,0
5979,15,6,21,0.0,0
5980,15,6,21,0.0,0
5981,15,6,21,0.0,0
5982,15,6,21,0.0,0
5983,15,6,21,0.0,0
5984,15,6,21,0.0,0
5985,15,6,21,0.0,0
5986,15,6,21,0.0,0
5987,15,6,21,0.0,0
5988,15,6,21,0.0,0
5989,15,6,21,0.0,0
5990,15,6,21,0.0,0
5991,15,6,21,0.0,0
5992,15,6,21,0.0,0
5993,15,6,21,0.0,0
5994,15,6,21,0.0,0
5995,15,6,21,0.0,0
5996,15,6,21,0.0,0
5997,15,6,21,0.0,0
5998,15,6,21,0.0,0
5999,15,6,21,0.0,0
6000,15,6,21,0.0,0
6001,15,6,21,0.0,0
6002,15,6,21,0.0,0
6003,15,6,21,0.0,0
6004,15,6,21,0.0,0
6005,15,6,21,0.0,0
6006,15,6,21,0.0,0
6007,15,6,21,0.0,0
6008,15,6,21,0.0,0
6009,15,6,21,0.0,0
6010,15,6,21,0.0,0
6011,15,6,21,0.0,0
6012,15,6,21,0.0,0
6013,15,6,21,0.0,0
6014,15,6,21,0.0,0
6015,15,6,21,0.0,0
6016,15,6,21,0.0,0
6017,15,6,21,0.0,0
6018,15,6,21,0.0,0
6019,15,6,21,0.0,0
6020,15,6,21,0.0,0
6021,15,6,21,0.0,0
6022,15,6,21,0.0,0
6023,15,6,21,0.0,0
6024,15,6,21,0.0,0
6025,15,6,21,0.0,0
6026,15,6,21,0.0,0
6027,15,6,21,0.0,0
6028,15,6,21,0.0,0
6029,15,6,21,0.0,0
6030,15,6,21,0.0,0
6031,15,6,21,0.0,0
6032,15,6,21,0.0,0
6033,15,6,21,0.0,0
6034,15,6,21,0.0,0
6035,15,6,21,0.0,0
6036,15,6,21,0.0,0
6037,15,6,21,0.0,0
6038,15,6,21,0.0,0
6039,15,6,21,0.0,0
6040,15,6,21,0.0,0
6041,15,6,21,0.0,0
6042,15,6,21,0.0,0
6043,15,6,21,0.0,0
6044,15,6,21,0.0,0
6045,15,6,21,0.0,0
6046,15,6,21,0.0,0
6047,15,6,21,0.0,0
6048,15,6,21,0.0,0
6049,15,6,21,0.0,0
6050,15,6,21,0.0,0
6051,15,6,21,0.0,0
6052,15,6,21,0.0,0
6053,15,6,21,0.0,0
6054,15,6,21,0.0,0
6055,15,6,21,0.0,0
6056,15,6,21,0.0,0
6057,15,6,21,0.0,0
6058,15,6,21,0.0,0
6059,15,6,21,0.0,0
6060,15,6,21,0.0,0
6061,15,6,21,0.0,0
6062,15,6,21,0.0,0
6063,15,6,21,0.0,0
6064,15,6,21,0.0,0
6065,15,6,21,0.0,0
6066,15,6,21,0.0,0
6067,15,6,21,0.0,0
6068,15,6,21,0.0,0
6069,15,6,21,0.0,0
6070,15,6,21,0.0,0
6071,15,6,21,0.0,0
6072,15,6,21,0.0,0
6073,15,6,21,0.0,0
6074,15,6,21,0.0,0
6075,15,6,21,0.0,0
6076,15,6,21,0.0,0
6077,15,6,21,0.0,0
6078,15,6,21,0.0,0
6079,15,6,21,0.0,0
6080,15,6,21,0.0,0
6081,15,6,21,0.0,0
6082,15,6,21,0.0,0
6083,15,6,21,0.0,0
6084,15,6,21,0.0,0
6085,15,6,21,0.0,0
6086,15,6,21,0.0,0
6087,15,6,21,0.0,0
6088,15,6,21,0.0,0
6089,15,6,21,0.0,0
6090,15,6,21,0.0,0
6091,15,6,21,0.0,0
6092,15,6,21,0.0,0
6093,15,6,21,0.0,0
6094,15,6,21,0.0,0
6095,15,6,21,0.0,0
6096,15,6,21,0.0,0
6097,15,6,21,0.0,0
6098,15,6,21,0.0,0
6099,15,6,21,0.0,0
6100,15,6,21,0.0,0
6101,15,6,21,0.0,0
6102,15,6,21,0.0,0
6103,15,6,21,0.0,0
6104,15,6,21,0.0,0
6105,15,6,21,0.0,0
6106,15,6,21,0.0,0
6107,15,6,21,0.0,0
6108,15,6,21,0.0,0
6109,15,6,21,0.0,0
6110,15,6,21,0.0,0
6111,15,6,21,0.0,0
6112,15,6,21,0.0,0
6113,15,6,21,0.0,0
6114,15,6,21,0.0,0
6115,15,6,21,0.0,0
6116,15,6,21,0.0,0
6117,15,6,21,0.0,0
6118,15,6,21,0.0,0
6119,15,6,21,0.0,0
6120,15,6,21,0.0,0
6121,15,6,21,0.0,0
6122,15,6,21,0.0,0
6123,15,6,21,0.0,0
6124,15,6,21,0.0,0
6125,15,6,21,0.0,0
6126,15,6,21,0.0,0
6127,15,6,21,0.0,0
6128,15,6,21,0.0,0
6129,15,6,21,0.0,0
6130,15,6,21,0.0,0
6131,15,6,21,0.0,0
6132,15,6,21,0.0,0
6133,15,6,21,0.0,0
6134,15,6,21,0.0,0
6135,15,6,21,0.0,0
6136,15,6,21,0.0,0
6137,15,6,21,0.0,0
6138,15,6,21,0.0,0
6139,15,6,21,0.0,0
6140,15,6,21,0.0,0
6141,15,6,21,0.0,0
6142,15,6,21,0.0,0
6143,15,6,21,0.0,0
6144,15,6,21,0.0,0
6145,15,6,21,0.0,0
6146,15,6,21,0.0,0
6147,15,6,21,0.0,0
6148,15,6,21,0.0,0
6149,15,6,21,0.0,0
6150,15,6,21,0.0,0
6151,15,6,21,0.0,0
6152,15,6,21,0.0,0
6153,15,6,21,0.0,0
6154,15,6,21,0.0,0
6155,15,6,21,0.0,0
6156,15,6,21,0.0,0
6157,15,6,21,0.0,0
6158,15,6,21,0.0,0
6159,15,6,21,0.0,0
6160,15,6,21,0.0,0
6161,15,6,21,0.0,0
6162,15,6,21,0.0,0
6163,15,6,21,0.0,0
6164,15,6,21,0.0,0
6165,15,6,21,0.0,0
6166,15,6,21,0.0,0
6167,15,6,21,0.0,0
6168,15,6,21,0.0,0
6169,15,6,21,0.0,0
6170,15,6,21,0.0,0
6171,15,6,21,0.0,0
6172,15,6,21,0.0,0
6173,15,6,21,0.0,0
6174,15,6,21,0.0,0
6175,15,6,21,0.0,0
6176,15,6,21,0.0,0
6177,15,6,21,0.0,0
6178,15,6,21,0.0,0
6179,15,6,21,0.0,0
6180,15,6,21,0.0,0
6181,15,6,21,0.0,0
6182,15,6,21,0.0,0
6183,15,6,21,0.0,0
6184,15,6,21,0.0,0
6185,15,6,21,0.0,0
6186,15,6,21,0.0,0
6187,15,6,21,0.0,0
6188,15,6,21,0.0,0
6189,15,6,21,0.0,0
6190,15,6,21,0.0,0
6191,15,6,21,0.0,0
6192,15,6,21,0.0,0
6193,15,6,21,0.0,0
6194,15,6,21,0.0,0
6195,15,6,21,0.0,0
6196,15,6,21,0.0,0
6197,15,6,21,0.0,0
6198,15,6,21,0.0,0
6199,15,6,21,0.0,0
6200,15,6,21,0.0,0
6201,15,6,21,0.0,0
6202,15,6,21,0.0,0
6203,15,6,21,0.0,0
6204,15,6,21,0.0,0
6205,15,6,21,0.0,0
6206,15,6,21,0.0,0
6207,15,6,21,0.0,0
6208,15,6,21,0.0,0
6209,15,6,21,0.0,0
6210,15,6,21,0.0,0
6211,15,6,21,0.0,0
6212,15,6,21,0.0,0
6213,15,6,21,0.0,0
6214,15,6,21,0.0,0
6215,15,6,21,0.0,0
6216,15,6,21,0.0,0
6217,15,6,21,0.0,0
6218,15,6,21,0.0,0
6219,15,6,21,0.0,0
6220,15,6,21,0.0,0
6221,15,6,21,0.0,0
6222,15,6,21,0.0,0
6223,15,6,21,0.0,0
6224,15,6,21,0.0,0
6225,15,6,21,0.0,0
6226,15,6,21,0.0,0
6227,15,6,21,0.0,0
6228,15,6,21,0.0,0
6229,15,6,21,0.0,0
6230,15,6,21,0.0,0
6231,15,6,21,0.0,0
6232,15,6,21,0.0,0
6233,15,6,21,0.0,0
6234,15,6,21,0.0,0
6235,15,6,21,0.0,0
6236,15,6,21,0.0,0
6237,15,6,21,0.0,0
6238,15,6,21,0.0,0
6239,15,6,21,0.0,0
6240,15,6,21,0.0,0
6241,15,6,21,0.0,0
6242,15,6,21,0.0,0
6243,15,6,21,0.0,0
6244,15,6,21,0.0,0
6245,15,6,21,0.0,0
6246,15,6,21,0.0,0
6247,15,6,21,0.0,0
6248,15,6,21,0.0,0
6249,15,6,21,0.0,0
6250,15,6,21,0.0,0
6251,15,6,21,0.0,0
6252,15,6,21,0.0,0
6253,15,6,21,0.0,0
6254,15,6,21,0.0,0
6255,15,6,21,0.0,0
6256,15,6,21,0.0,0
6257,15,6,21,0.0,0
6258,15,6,21,0.0,0
6259,15,6,21,0.0,0
6260,15,6,21,0.0,0
6261,15,6,21,0.0,0
6262,15,6,21,0.0,0
6263,15,6,21,0.0,0
6264,15,6,21,0.0,0
6265,15,6,21,0.0,0
6266,15,6,21,0.0,0
6267,15,6,21,0.0,0
6268,15,6,21,0.0,0
6269,15,6,21,0.0,0
6270,15,6,21,0.0,0
6271,15,6,21,0.0,0
6272,15,6,21,0.0,0
6273,15,6,21,0.0,0
6274,15,6,21,0.0,0
6275,15,6,21,0.0,0
6276,15,6,21,0.0,0
6277,15,6,21,0.0,0
6278,15,6,21,0.0,0
6279,15,6,21,0.0,0
6280,15,6,21,0.0,0
6281,15,6,21,0.0,0
6282,15,6,21,0.0,0
6283,15,6,21,0.0,0
6284,15,6,21,0.0,0
6285,15,6,21,0.0,0
6286,15,6,21,0.0,0
6287,15,6,21,0.0,0
6288,15,6,21,0.0,0
6289,15,6,21,0.0,0
6290,15,6,21,0.0,0
6291,15,6,21,0.0,0
6292,15,6,21,0.0,0
6293,15,6,21,0.0,0
6294,15,6,21,0.0,0
6295,15,6,21,0.0,0
6296,15,6,21,0.0,0
6297,15,6,21,0.0,0
6298,15,6,21,0.0,0
6299,15,6,21,0.0,0
6300,15,6,21,0.0,0
6301,15,6,21,0.0,0
6302,15,6,21,0.0,0
6303,15,6,21,0.0,0
6304,15,6,21,0.0,0
6305,15,6,21,0.0,0
6306,15,6,21,0.0,0
6307,15,6,21,0.0,0
6308,15,6,21,0.0,0
6309,15,6,21,0.0,0
6310,15,6,21,0.0,0
6311,15,6,21,0.0,0
6312,15,6,21,0.0,0
6313,15,6,21,0.0,0
6314,15,6,21,0.0,0
6315,15,6,21,0.0,0
6316,15,6,21,0.0,0
6317,15,6,21,0.0,0
6318,15,6,21,0.0,0
6319,15,6,21,0.0,0
6320,15,6,21,0.0,0
6321,15,6,21,0.0,0
6322,15,6,21,0.0,0
6323,15,6,21,0.0,0
6324,15,6,21,0.0,0
6325,15,6,21,0.0,0
6326,15,6,21,0.0,0
6327,15,6,21,0.0,0
6328,15,6,21,0.0,0
6329,15,6,21,0.0,0
6330,15,6,21,0.0,0
6331,15,6,21,0.0,0
6332,15,6,21,0.0,0
6333,15,6,21,0.0,0
6334,15,6,21,0.0,0
6335,15,6,21,0.0,0
6336,15,6,21,0.0,0
6337,15,6,21,0.0,0
6338,15,6,21,0.0,0
6339,15,6,21,0.0,0
6340,15,6,21,0.0,0
6341,15,6,21,0.0,0
6342,15,6,21,0.0,0
6343,15,6,21,0.0,0
6344,15,6,21,0.0,0
6345,15,6,21,0.0,0
6346,15,6,21,0.0,0
6347,15,6,21,0.0,0
6348,15,6,21,0.0,0
6349,15,6,21,0.0,0
6350,15,6,21,0.0,0
6351,15,6,21,0.0,0
6352,15,6,21,0.0,0
6353,15,6,21,0.0,0
6354,15,6,21,0.0,0
6355,15,6,21,0.0,0
6356,15,6,21,0.0,0
6357,15,6,21,0.0,0
6358,15,6,21,0.0,0
6359,15,6,21,0.0,0
6360,15,6,21,0.0,0
6361,15,6,21,0.0,0
6362,15,6,21,0.0,0
6363,15,6,21,0.0,0
6364,15,6,21,0.0,0
6365,15,6,21,0.0,0
6366,15,6,21,0.0,0
6367,15,6,21,0.0,0
6368,15,6,21,0.0,0
6369,15,6,21,0.0,0
6370,15,6,21,0.0,0
6371,15,6,21,0.0,0
6372,15,6,21,0.0,0
6373,15,6,21,0.0,0
6374,15,6,21,0.0,0
6375,15,6,21,0.0,0
6376,15,6,21,0.0,0
6377,15,6,21,0.0,0
6378,15,6,21,0.0,0
6379,15,6,21,0.0,0
6380,15,6,21,0.0,0
6381,15,6,21,0.0,0
6382,15,6,21,0.0,0
6383,15,6,21,0.0,0
6384,15,6,21,0.0,0
6385,15,6,21,0.0,0
6386,15,6,21,0.0,0
6387,15,6,21,0.0,0
6388,15,6,21,0.0,0
6389,15,6,21,0.0,0
6390,15,6,21,0.0,0
6391,15,6,21,0.0,0
6392,15,6,21,0.0,0
6393,15,6,21,0.0,0
6394,15,6,21,0.0,0
6395,15,6,21,0.0,0
6396,15,6,21,0.0,0
6397,15,6,21,0.0,0
6398,15,6,21,0.0,0
6399,15,6,21,0.0,0
6400,15,6,21,0.0,0
6401,15,6,21,0.0,0
6402,15,6,21,0.0,0
6403,15,6,21,0.0,0
6404,15,6,21,0.0,0
6405,15,6,21,0.0,0
6406,15,6,21,0.0,0
6407,15,6,21,0.0,0
6408,15,6,21,0.0,0
6409,15,6,21,0.0,0
6410,15,6,21,0.0,0
6411,15,6,21,0.0,0
6412,15,6,21,0.0,0
6413,15,6,21,0.0,0
6414,15,6,21,0.0,0
6415,15,6,21,0.0,0
6416,15,6,21,0.0,0
6417,15,6,21,0.0,0
6418,15,6,21,0.0,0
6419,15,6,21,0.0,0
6420,15,6,21,0.0,0
6421,15,7,22,0.0,0
6422,15,7,22,0.0,0
6423,15,7,22,0.0,0
6424,15,7,22,0.0,0
6425,15,7,22,0.0,0
6426,15,7,22,0.0,0
6427,15,7,22,0.0,0
6428,15,7,22,0.0,0
6429,15,7,22,0.0,0
6430,15,7,22,0.0,0
6431,15,7,22,0.0,0
6432,15,7,22,0.0,0
6433,15,7,22,0.0,0
6434,15,7,22,0.0,0
6435,15,7,22,0.0,0
6436,15,7,22,0.0,0
6437,15,7,22,0.0,0
6438,15,7,22,0.0,0
6439,15,7,22,0.0,0
6440,15,7,22,0.0,0
6441,15,7,22,0.0,0
6442,15,7,22,0.0,0
6443,15,7,22,0.0,0
6444,15,7,22,0.0,0
6445,15,7,22,0.0,0
6446,15,7,22,0.0,0
6447,15,7,22,0.0,0
6448,15,7,22,0.0,0
6449,15,7,22,0.0,0
6450,15,7,22,0.0,0
6451,15,7,22,0.0,0
6452,15,7,22,0.0,0
6453,15,7,22,0.0,0
6454,15,7,22,0.0,0
6455,15,7,22,0.0,0
6456,15,7,22,0.0,0
6457,15,7,22,0.0,0
6458,15,7,22,0.0,0
6459,15,7,22,0.0,0
6460,15,7,22,0.0,0
6461,15,7,22,0.0,0
6462,15,7,22,0.0,0
6463,15,7,22,0.0,0
6464,15,7,22,0.0,0
6465,15,7,22,0.0,0
6466,15,7,22,0.0,0
6467,15,7,22,0.0,0
6468,15,7,22,0.0,0
6469,15,7,22,0.0,0
6470,15,7,22,0.0,0
6471,15,7,22,0.0,0
6472,15,7,22,0.0,0
6473,15,7,22,0.0,0
6474,15,7,22,0.0,0
6475,15,7,22,0.0,0
6476,15,7,22,0.0,0
6477,15,7,22,0.0,0
6478,15,7,22,0.0,0
6479,15,7,22,0.0,0
6480,15,7,22,0.0,0
6481,15,7,22,0.0,0
6482,15,7,22,0.0,0
6483,15,7,22,0.0,0
6484,15,7,22,0.0,0
6485,15,7,22,0.0,0
6486,15,7,22,0.0,0
6487,15,7,22,0.0,0
6488,15,7,22,0.0,0
6489,15,7,22,0.0,0
6490,15,7,22,0.0,0
6491,15,7,22,0.0,0
6492,15,7,22,0.0,0
6493,15,7,22,0.0,0
6494,15,7,22,0.0,0
6495,15,7,22,0.0,0
6496,15,7,22,0.0,0
6497,15,7,22,0.0,0
6498,15,7,22,0.0,0
6499,15,7,22,0.0,0
6500,15,7,22,0.0,0
6501,15,7,22,0.0,0
6502,15,7,22,0.0,0
6503,15,7,22,0.0,0
6504,15,7,22,0.0,0
6505,15,7,22,0.0,0
6506,15,7,22,0.0,0
6507,15,7,22,0.0,0
6508,15,7,22,0.0,0
6509,15,7,22,0.0,0
6510,15,7,22,0.0,0
6511,15,7,22,0.0,0
6512,15,7,22,0.0,0
6513,15,7,22,0.0,0
6514,15,7,22,0.0,0
6515,15,7,22,0.0,0
6516,15,7,22,0.0,0
6517,15,7,22,0.0,0
6518,15,7,22,0.0,0
6519,15,7,22,0.0,0
6520,15,7,22,0.0,0
6521,15,7,22,0.0,0
6522,15,7,22,0.0,0
6523,15,7,22,0.0,0
6524,15,7,22,0.0,0
6525,15,7,22,0.0,0
6526,15,7,22,0.0,0
6527,15,7,22,0.0,0
6528,15,7,22,0.0,0
6529,15,7,22,0.0,0
6530,15,7,22,0.0,0
6531,15,7,22,0.0,0
6532,15,7,22,0.0,0
6533,15,7,22,0.0,0
6534,15,7,22,0.0,0
6535,15,7,22,0.0,0
6536,15,7,22,0.0,0
6537,15,7,22,0.0,0
6538,15,7,22,0.0,0
6539,15,7,22,0.0,0
6540,15,7,22,0.0,0
6541,15,7,22,0.0,0
6542,15,7,22,0.0,0
6543,15,7,22,0.0,0
6544,15,7,22,0.0,0
6545,15,7,22,0.0,0
6546,15,7,22,0.0,0
6547,15,7,22,0.0,0
6548,15,7,22,0.0,0
6549,15,7,22,0.0,0
6550,15,7,22,0.0,0
6551,15,7,22,0.0,0
6552,15,7,22,0.0,0
6553,15,7,22,0.0,0
6554,15,7,22,0.0,0
6555,15,7,22,0.0,0
6556,15,7,22,0.0,0
6557,15,7,22,0.0,0
6558,15,7,22,0.0,0
6559,15,7,22,0.0,0
6560,15,7,22,0.0,0
6561,15,7,22,0.0,0
6562,15,7,22,0.0,0
6563,15,7,22,0.0,0
6564,15,7,22,0.0,0
6565,15,7,22,0.0,0
6566,15,7,22,0.0,0
6567,15,7,22,0.0,0
6568,15,7,22,0.0,0
6569,15,7,22,0.0,0
6570,15,7,22,0.0,0
6571,15,7,22,0.0,0
6572,15,7,22,0.0,0
6573,15,7,22,0.0,0
6574,15,7,22,0.0,0
6575,15,7,22,0.0,0
6576,15,7,22,0.0,0
6577,15,7,22,0.0,0
6578,15,7,22,0.0,0
6579,15,7,22,0.0,0
6580,15,7,22,0.0,0
6581,15,7,22,0.0,0
6582,15,7,22,0.0,0
6583,15,7,22,0.0,0
6584,15,7,22,0.0,0
6585,15,7,22,0.0,0
6586,15,7,22,0.0,0
6587,15,7,22,0.0,0
6588,15,7,22,0.0,0
6589,15,7,22,0.0,0
6590,15,7,22,0.0,0
6591,15,7,22,0.0,0
6592,15,7,22,0.0,0
6593,15,7,22,0.0,0
6594,15,7,22,0.0,0
6595,15,7,22,0.0,0
6596,15,7,22,0.0,0
6597,15,7,22,0.0,0
6598,15,7,22,0.0,0
6599,15,7,22,0.0,0
6600,15,7,22,0.0,0
6601,15,7,22,0.0,0
6602,15,7,22,0.0,0
6603,15,7,22,0.0,0
6604,15,7,22,0.0,0
6605,15,7,22,0.0,0
6606,15,7,22,0.0,0
6607,15,7,22,0.0,0
6608,15,7,22,0.0,0
6609,15,7,22,0.0,0
6610,15,7,22,0.0,0
6611,15,7,22,0.0,0
6612,15,7,22,0.0,0
6613,15,7,22,0.0,0
6614,15,7,22,0.0,0
6615,15,7,22,0.0,0
6616,15,7,22,0.0,0
6617,15,7,22,0.0,0
6618,15,7,22,0.0,0
6619,15,7,22,0.0,0
6620,15,7,22,0.0,0
6621,15,7,22,0.0,0
6622,15,7,22,0.0,0
6623,15,7,22,0.0,0
6624,15,7,22,0.0,0
6625,15,7,22,0.0,0
6626,15,7,22,1.0,1
6627,15,7,22,2.0,2
6628,15,7,22,3.0,3
6629,15,7,22,4.0,4
6630,15,7,22,5.0,5
6631,15,7,22,6.0,6
6632,15,7,22,7.0,7
6633,15,7,22,8.0,8
6634,15,7,22,9.0,9
6635,15,7,22,10.0,10
6636,15,7,22,11.0,11
6637,15,7,22,12.0,12
6638,15,7,22,13.0,13
6639,15,7,22,14.0,14
6640,15,7,22,15.0,15
6641,15,7,22,16.0,16
6642,15,7,22,17.0,17
6643,15,7,22,18.0,18
6644,15,7,22,19.0,19
6645,15,7,22,20.0,20
6646,15,7,22,21.0,21
6647,15,7,22,22.0,22
6648,15,7,22,23.0,23
6649,15,7,22,24.0,24
6650,15,7,22,25.0,25
6651,15,7,22,26.0,26
6652,15,7,22,27.0,27
6653,15,7,22,28.0,28
6654,15,7,22,29.0,29
6655,15,7,22,30.0,30
6656,15,7,22,31.0,31
6657,15,7,22,32.0,32
6658,15,7,22,33.0,33
6659,15,7,22,34.0,34
6660,15,7,22,35.0,35
6661,15,7,22,36.0,36
6662,15,7,22,37.0,37
6663,15,7,22,38.0,38
6664,15,7,22,39.0,39
6665,15,7,22,40.0,40
6666,15,7,22,41.0,41
6667,15,7,22,42.0,42
6668,15,7,22,43.0,43
6669,15,7,22,44.0,44
6670,15,7,22,45.0,45
6671,15,7,22,46.0,46
6672,15,7,22,47.0,47
6673,15,7,22,48.0,48
6674,15,7,22,49.0,49
6675,15,7,22,50.0,50
6676,15,7,22,51.0,51
6677,15,7,22,52.0,52
6678,15,7,22,53.0,53
6679,15,7,22,54.0,54
6680,15,7,22,55.0,55
6681,15,7,22,56.0,56
6682,15,7,22,57.0,57
6683,15,7,22,58.0,58
6684,15,7,22,59.0,59
6685,15,7,22,60.0,60
6686,15,7,22,61.0,61
6687,15,7,22,62.0,62
6688,15,7,22,63.0,63
6689,15,7,22,64.0,64
6690,15,7,22,65.0,65
6691,15,7,22,66.0,66
6692,15,7,22,67.0,67
6693,15,7,22,68.0,68
6694,15,7,22,69.0,69
6695,15,7,22,70.0,70
6696,15,7,22,71.0,71
6697,15,7,22,72.0,72
6698,15,7,22,73.0,73
6699,15,7,22,74.0,74
6700,15,7,22,75.0,75
6701,15,7,22,76.0,76
6702,15,7,22,77.0,77
6703,15,7,22,78.0,78
6704,15,7,22,79.0,79
6705,15,7,22,80.0,80
6706,15,7,22,81.0,81
6707,15,7,22,82.0,82
6708,15,7,22,83.0,83
6709,15,7,22,84.0,84
6710,15,7,22,85.0,85
6711,15,7,22,86.0,86
6712,15,7,22,87.0,87
6713,15,7,22,88.0,88
6714,15,7,22,89.0,89
6715,15,7,22,90.0,90
6716,15,7,22,91.0,91
6717,15,7,22,92.0,92
6718,15,7,22,93.0,93
6719,15,7,22,94.0,94
6720,15,7,22,95.0,95
6721,15,7,22,96.0,96
6722,15,7,22,97.0,97
6723,15,7,22,98.0,98
6724,15,7,22,99.0,99
6725,15,7,22,100.0,100
6726,15,7,22,101.0,101
6727,15,7,22,102.0,102
6728,15,7,22,103.0,103
6729,15,7,22,104.0,104
6730,15,7,22,105.0,105
6731,15,7,22,106.0,106
6732,15,7,22,107.0,107
6733,15,7,22,108.0,108
6734,15,7,22,109.0,109
6735,15,7,22,110.0,110
6736,15,7,22,111.0,111
6737,15,7,22,112.0,112
6738,15,7,22,113.0,113
6739,15,7,22,114.0,114
6740,15,7,22,115.0,115
6741,15,7,22,116.0,116
6742,15,7,22,117.0,117
6743,15,7,22,118.0,118
6744,15,7,22,119.0,119
6745,15,7,22,120.0,120
6746,15,7,22,121.0,121
6747,15,7,22,122.0,122
6748,15,7,22,123.0,123
6749,15,7,22,124.0,124
6750,15,7,22,125.0,125
6751,15,7,22,126.0,126
6752,15,7,22,127.0,127
6753,15,7,22,128.0,128
6754,15,7,22,129.0,129
6755,15,7,22,130.0,130
6756,15,7,22,131.0,131
6757,15,7,22,132.0,132
6758,15,7,22,133.0,133
6759,15,7,22,134.0,134
6760,15,7,22,135.0,135
6761,15,7,22,136.0,136
6762,15,7,22,137.0,137
6763,15,7,22,138.0,138
6764,15,7,22,139.0,139
6765,15,7,22,140.0,140
6766,15,7,22,141.0,141
6767,15,7,22,142.0,142
6768,15,7,22,143.0,143
6769,15,7,22,144.0,144
6770,15,7,22,145.0,145
6771,15,7,22,146.0,146
6772,15,7,22,147.0,147
6773,15,7,22,148.0,148
6774,15,7,22,149.0,149
6775,15,7,22,150.0,150
6776,15,7,22,151.0,151
6777,15,7,22,152.0,152
6778,15,7,22,153.0,153
6779,15,7,22,154.0,154
6780,15,7,22,155.0,155
6781,15,7,22,156.0,156
6782,15,7,22,157.0,157
6783,15,7,22,158.0,158
6784,15,7,22,159.0,159
6785,16,7,23,160.0,160
6786,16,7,23,160.0,160
6787,16,7,23,160.0,160
6788,16,7,23,160.0,160
6789,16,7,23,160.0,160
6790,16,7,23,160.0,160
6791,16,7,23,160.0,160
6792,16,7,23,160.0,160
6793,16,7,23,160.0,160
6794,16,7,23,160.0,160
6795,16,7,23,160.0,160
6796,16,7,23,160.0,160
6797,16,7,23,160.0,160
6798,16,7,23,160.0,160
6799,16,7,23,160.0,160
6800,16,7,23,160.0,160
6801,16,7,23,160.0,160
6802,16,7,23,160.0,160
6803,16,7,23,160.0,160
6804,16,7,23,160.0,160
6805,16,7,23,160.0,160
6806,16,7,23,160.0,160
6807,16,7,23,160.0,160
6808,16,7,23,160.0,160
6809,16,7,23,160.0,160
6810,16,7,23,160.0,160
6811,16,7,23,160.0,160
6812,16,7,23,160.0,160
6813,16,7,23,160.0,160
6814,16,7,23,160.0,160
6815,16,7,23,160.0,160
6816,16,7,23,160.0,160
6817,16,7,23,160.0,160
6818,16,7,23,160.0,160
6819,16,7,23,160.0,160
6820,16,7,23,160.0,160
6821,16,7,23,160.0,160
6822,16,7,23,160.0,160
6823,16,7,23,160.0,160
6824,16,7,23,160.0,160
6825,16,7,23,160.0,160
6826,16,7,23,160.0,160
6827,16,7,23,160.0,160
6828,16,7,23,160.0,160
6829,16,7,23,160.0,160
6830,16,7,23,160.0,160
6831,16,7,23,160.0,160
6832,16,7,23,160.0,160
6833,16,7,23,160.0,160
6834,16,7,23,160.0,160
6835,16,7,23,160.0,160
6836,16,7,23,160.0,160
6837,16,7,23,160.0,160
6838,16,7,23,160.0,160
6839,16,7,23,160.0,160
6840,16,7,23,160.0,160
6841,16,7,23,160.0,160
6842,16,7,23,160.0,160
6843,16,7,23,160.0,160
6844,16,7,23,160.0,160
6845,16,7,23,160.0,160
6846,16,7,23,160.0,160
6847,16,7,23,160.0,160
6848,16,7,23,160.0,160
6849,16,7,23,160.0,160
6850,16,7,23,160.0,160
6851,16,7,23,160.0,160
6852,16,7,23,160.0,160
6853,16,7,23,160.0,160
6854,16,7,23,160.0,160
6855,16,7,23,160.0,160
6856,16,7,23,160.0,160
6857,16,7,23,160.0,160
6858,16,7,23,0.0,0
6859,16,7,23,0.0,0
6860,16,7,23,0.0,0
6861,16,7,23,0.0,0
6862,16,7,23,0.0,0
6863,16,7,23,0.0,0
6864,16,7,23,0.0,0
6865,16,7,23,0.0,0
6866,16,7,23,0.0,0
6867,16,7,23,0.0,0
6868,16,7,23,0.0,0
6869,16,7,23,0.0,0
6870,16,7,23,0.0,0
6871,16,7,23,0.0,0
6872,16,7,23,0.0,0
6873,16,7,23,0.0,0
6874,16,7,23,0.0,0
6875,16,7,23,0.0,0
6876,16,7,23,0.0,0
6877,16,7,23,0.0,0
6878,16,7,23,0.0,0
6879,16,7,23,0.0,0
6880,16,7,23,0.0,0
6881,16,7,23,0.0,0
6882,16,7,23,0.0,0
6883,16,7,23,0.0,0
6884,16,7,23,0.0,0
6885,16,7,23,0.0,0
6886,16,7,23,0.0,0
6887,16,7,23,0.0,0
6888,16,7,23,0.0,0
6889,16,7,23,0.0,0
6890,16,7,23,0.0,0
6891,16,7,23,0.0,0
6892,16,7,23,0.0,0
6893,16,7,23,0.0,0
6894,16,7,23,0.0,0
6895,16,7,23,0.0,0
6896,16,7,23,0.0,0
6897,16,7,23,0.0,0
6898,16,7,23,0.0,0
6899,16,7,23,0.0,0
6900,16,7,23,0.0,0
6901,16,7,23,0.0,0
6902,16,7,23,0.0,0
6903,16,7,23,0.0,0
6904,16,7,23,0.0,0
6905,16,7,23,0.0,0
6906,16,7,23,0.0,0
6907,16,7,23,0.0,0
6908,16,7,23,0.0,0
6909,16,7,23,0.0,0
6910,16,7,23,0.0,0
6911,16,7,23,0.0,0
6912,16,7,23,0.0,0
6913,16,7,23,0.0,0
6914,16,7,23,0.0,0
6915,16,7,23,0.0,0
6916,16,7,23,0.0,0
6917,16,7,23,0.0,0
6918,16,7,23,0.0,0
6919,16,7,23,0.0,0
6920,16,7,23,0.0,0
6921,16,7,23,0.0,0
6922,16,7,23,0.0,0
6923,16,7,23,0.0,0
6924,16,7,23,0.0,0
6925,16,7,23,0.0,0
6926,16,7,23,0.0,0
6927,16,7,23,0.0,0
6928,16,7,23,0.0,0
6929,16,7,23,0.0,0
6930,16,7,23,0.0,0
6931,16,7,23,0.0,0
6932,16,7,23,0.0,0
6933,16,7,23,0.0,0
6934,16,7,23,0.0,0
6935,16,7,23,0.0,0
6936,16,7,23,0.0,0
6937,16,7,23,0.0,0
6938,16,7,23,0.0,0
6939,16,7,23,0.0,0
6940,16,7,23,0.0,0
6941,16,7,23,0.0,0
6942,16,7,23,0.0,0
6943,16,7,23,0.0,0
6944,16,7,23,0.0,0
6945,16,7,23,0.0,0
6946,16,7,23,0.0,0
6947,16,7,23,0.0,0
6948,16,7,23,0.0,0
6949,16,7,23,0.0,0
6950,16,7,23,0.0,0
6951,16,7,23,0.0,0
6952,16,7,23,0.0,0
6953,16,7,23,0.0,0
6954,16,7,23,0.0,0
6955,16,7,23,0.0,0
6956,16,7,23,0.0,0
6957,16,7,23,0.0,0
6958,16,7,23,0.0,0
6959,16,7,23,0.0,0
6960,16,7,23,0.0,0
6961,16,7,23,0.0,0
6962,16,7,23,0.0,0
6963,16,7,23,0.0,0
6964,16,7,23,0.0,0
6965,16,7,23,0.0,0
6966,16,7,23,0.0,0
6967,16,7,23,0.0,0
6968,16,7,23,0.0,0
6969,16,7,23,0.0,0
6970,16,7,23,0.0,0
6971,16,7,23,0.0,0
6972,16,7,23,0.0,0
6973,16,7,23,0.0,0
6974,16,7,23,0.0,0
6975,16,7,23,0.0,0
6976,16,7,23,0.0,0
6977,16,7,23,0.0,0
6978,16,7,23,0.0,0
6979,16,7,23,0.0,0
6980,16,7,23,0.0,0
6981,16,7,23,0.0,0
6982,16,7,23,0.0,0
6983,16,7,23,0.0,0
6984,16,7,23,0.0,0
6985,16,7,23,0.0,0
6986,16,7,23,0.0,0
6987,16,7,23,0.0,0
6988,16,7,23,0.0,0
6989,16,7,23,0.0,0
6990,16,7,23,0.0,0
6991,16,7,23,0.0,0
6992,16,7,23,0.0,0
6993,16,7,23,0.0,0
6994,16,7,23,0.0,0
6995,16,7,23,0.0,0
6996,16,7,23,0.0,0
6997,16,7,23,0.0,0
6998,16,7,23,0.0,0
6999,16,7,23,0.0,0
7000,16,7,23,0.0,0
7001,16,7,23,0.0,0
7002,16,7,23,0.0,0
7003,16,7,23,0.0,0
7004,16,7,23,0.0,0
7005,16,7,23,0.0,0
7006,16,7,23,0.0,0
7007,16,7,23,0.0,0
7008,16,7,23,0.0,0
7009,16,7,23,0.0,0
7010,16,7,23,0.0,0
7011,16,7,23,0.0,0
7012,16,7,23,0.0,0
7013,16,7,23,0.0,0
7014,16,7,23,0.0,0
7015,16,7,23,0.0,0
7016,16,7,23,0.0,0
7017,16,7,23,0.0,0
7018,16,7,23,0.0,0
7019,16,7,23,0.0,0
7020,16,7,23,0.0,0
7021,16,7,23,0.0,0
7022,16,7,23,0.0,0
7023,16,7,23,0.0,0
7024,16,7,23,0.0,0
7025,16,7,23,0.0,0
7026,16,7,23,0.0,0
7027,16,7,23,0.0,0
7028,16,7,23,0.0,0
7029,16,7,23,0.0,0
7030,16,7,23,0.0,0
7031,16,7,23,0.0,0
7032,16,7,23,0.0,0
7033,16,7,23,0.0,0
7034,16,7,23,0.0,0
7035,16,7,23,0.0,0
7036,16,7,23,0.0,0
7037,16,7,23,0.0,0
7038,16,7,23,0.0,0
7039,16,7,23,0.0,0
7040,16,7,23,0.0,0
7041,16,7,23,0.0,0
7042,16,7,23,0.0,0
7043,16,7,23,0.0,0
7044,16,7,23,0.0,0
7045,16,7,23,0.0,0
7046,16,7,23,0.0,0
7047,16,7,23,0.0,0
7048,16,7,23,0.0,0
7049,16,7,23,0.0,0
7050,16,7,23,0.0,0
7051,16,7,23,0.0,0
7052,16,7,23,0.0,0
7053,16,7,23,0.0,0
7054,16,7,23,0.0,0
7055,16,7,23,0.0,0
7056,16,7,23,0.0,0
7057,16,7,23,0.0,0
7058,16,7,23,0.0,0
7059,16,7,23,0.0,0
7060,16,7,23,0.0,0
7061,16,7,23,0.0,0
7062,16,7,23,0.0,0
7063,16,7,23,0.0,0
7064,16,7,23,0.0,0
7065,16,7,23,0.0,0
7066,16,7,23,0.0,0
7067,16,7,23,0.0,0
7068,16,7,23,0.0,0
7069,16,7,23,0.0,0
7070,16,7,23,0.0,0
7071,16,7,23,0.0,0
7072,16,7,23,0.0,0
7073,16,7,23,0.0,0
7074,16,7,23,0.0,0
7075,16,7,23,0.0,0
7076,16,7,23,0.0,0
7077,16,7,23,0.0,0
7078,16,7,23,0.0,0
7079,16,7,23,0.0,0
7080,16,7,23,0.0,0
7081,16,7,23,0.0,0
7082,16,7,23,0.0,0
7083,16,7,23,0.0,0
7084,16,7,23,0.0,0
7085,16,7,23,0.0,0
7086,16,7,23,0.0,0
7087,16,7,23,0.0,0
7088,16,7,23,0.0,0
7089,16,7,23,0.0,0
7090,16,7,23,0.0,0
7091,16,7,23,0.0,0
7092,16,7,23,0.0,0
7093,16,7,23,0.0,0
7094,16,7,23,0.0,0
7095,16,7,23,0.0,0
7096,16,7,23,0.0,0
7097,16,7,23,0.0,0
7098,16,7,23,0.0,0
7099,16,7,23,0.0,0
7100,16,7,23,0.0,0
7101,16,7,23,0.0,0
7102,16,7,23,0.0,0
7103,16,7,23,0.0,0
7104,16,7,23,0.0,0
7105,16,7,23,0.0,0
7106,16,7,23,0.0,0
7107,16,7,23,0.0,0
7108,16,7,23,0.0,0
7109,16,7,23,0.0,0
7110,16,7,23,0.0,0
7111,16,7,23,0.0,0
7112,16,7,23,0.0,0
7113,16,7,23,0.0,0
7114,16,7,23,0.0,0
7115,16,7,23,0.0,0
7116,16,7,23,0.0,0
7117,16,7,23,0.0,0
7118,16,7,23,0.0,0
7119,16,7,23,0.0,0
7120,16,7,23,0.0,0
7121,16,7,23,0.0,0
7122,16,7,23,0.0,0
7123,16,7,23,0.0,0
7124,16,7,23,0.0,0
7125,16,7,23,0.0,0
7126,16,7,23,0.0,0
7127,16,7,23,0.0,0
7128,16,7,23,0.0,0
7129,16,7,23,0.0,0
7130,16,7,23,0.0,0
7131,16,7,23,0.0,0
7132,16,7,23,0.0,0
7133,16,7,23,1.0,1
7134,16,7,23,2.0,2
7135,16,7,23,3.0,3
7136,16,7,23,4.0,4
7137,16,7,23,5.0,5
7138,16,7,23,6.0,6
7139,16,7,23,7.0,7
7140,16,7,23,8.0,8
7141,16,7,23,9.0,9
7142,16,7,23,10.0,10
7143,16,7,23,11.0,11
7144,16,7,23,12.0,12
7145,16,7,23,13.0,13
7146,16,7,23,14.0,14
7147,16,7,23,15.0,15
7148,16,7,23,16.0,16
7149,16,7,23,17.0,17
7150,16,7,23,18.0,18
7151,16,7,23,19.0,19
7152,16,7,23,20.0,20
7153,16,7,23,21.0,21
7154,16,7,23,22.0,22
7155,16,7,23,23.0,23
7156,16,7,23,24.0,24
7157,16,7,23,25.0,25
7158,16,7,23,26.0,26
7159,16,7,23,27.0,27
7160,16,7,23,28.0,28
7161,16,7,23,29.0,29
7162,16,7,23,30.0,30
7163,16,7,23,31.0,31
7164,16,7,23,32.0,32
7165,16,7,23,33.0,33
7166,16,7,23,34.0,34
7167,16,7,23,35.0,35
7168,16,7,23,36.0,36
7169,16,7,23,37.0,37
7170,16,7,23,38.0,38
7171,16,7,23,39.0,39
7172,16,7,23,40.0,40
7173,16,7,23,41.0,41
7174,16,7,23,42.0,42
7175,16,7,23,43.0,43
7176,16,7,23,44.0,44
7177,16,7,23,45.0,45
7178,16,7,23,46.0,46
7179,16,7,23,47.0,47
7180,16,7,23,48.0,48
7181,16,7,23,49.0,49
7182,16,7,23,50.0,50
7183,16,7,23,51.0,51
7184,16,7,23,52.0,52
7185,16,7,23,53.0,53
7186,16,7,23,54.0,54
7187,16,7,23,55.0,55
7188,16,7,23,56.0,56
7189,16,7,23,57.0,57
7190,16,7,23,58.0,58
7191,16,7,23,59.0,59
7192,16,7,23,60.0,60
7193,16,7,23,61.0,61
7194,16,7,23,62.0,62
7195,16,7,23,63.0,63
7196,16,7,23,64.0,64
7197,16,7,23,65.0,65
7198,16,7,23,66.0,66
7199,16,7,23,67.0,67
7200,16,7,23,68.0,68
7201,16,7,23,69.0,69
7202,16,7,23,70.0,70
7203,16,7,23,71.0,71
7204,16,7,23,72.0,72
7205,16,7,23,73.0,73
7206,16,7,23,74.0,74
7207,16,7,23,75.0,75
7208,16,7,23,76.0,76
7209,16,7,23,77.0,77
7210,16,7,23,78.0,78
7211,16,7,23,79.0,79
7212,16,7,23,80.0,80
7213,16,7,23,81.0,81
7214,16,7,23,82.0,82
7215,16,7,23,83.0,83
7216,16,7,23,84.0,84
7217,16,7,23,85.0,85
7218,16,7,23,86.0,86
7219,16,7,23,87.0,87
7220,16,7,23,88.0,88
7221,16,7,23,89.0,89
7222,16,7,23,90.0,90
7223,16,7,23,91.0,91
7224,16,7,23,92.0,92
7225,16,7,23,93.0,93
7226,16,7,23,94.0,94
7227,16,7,23,95.0,95
7228,16,7,23,96.0,96
7229,16,7,23,97.0,97
7230,16,7,23,98.0,98
7231,16,7,23,99.0,99
7232,16,7,23,100.0,100
7233,16,7,23,101.0,101
7234,16,7,23,102.0,102
7235,16,7,23,103.0,103
7236,16,7,23,104.0,104
7237,16,7,23,105.0,105
7238,16,7,23,106.0,106
7239,16,7,23,107.0,107
7240,16,7,23,108.0,108
7241,16,7,23,109.0,109
7242,16,7,23,110.0,110
7243,16,7,23,111.0,111
7244,16,7,23,112.0,112
7245,16,7,23,113.0,113
7246,16,7,23,114.0,114
7247,16,7,23,115.0,115
7248,16,7,23,116.0,116
7249,16,7,23,117.0,117
7250,16,7,23,118.0,118
7251,16,7,23,119.0,119
7252,16,7,23,120.0,120
7253,16,7,23,121.0,121
7254,16,7,23,122.0,122
7255,16,7,23,123.0,123
7256,16,7,23,124.0,124
7257,16,7,23,125.0,125
7258,16,7,23,126.0,126
7259,16,7,23,127.0,127
7260,16,7,23,128.0,128
7261,16,7,23,129.0,129
7262,16,7,23,130.0,130
7263,16,7,23,131.0,131
7264,16,7,23,132.0,132
7265,16,7,23,133.0,133
7266,16,7,23,134.0,134
7267,16,7,23,135.0,135
7268,16,7,23,136.0,136
7269,16,7,23,137.0,137
7270,16,7,23,138.0,138
7271,16,7,23,139.0,139
7272,16,7,23,140.0,140
7273,16,7,23,141.0,141
7274,16,7,23,142.0,142
7275,16,7,23,143.0,143
7276,16,7,23,144.0,144
7277,16,7,23,145.0,145
7278,16,7,23,146.0,146
7279,16,7,23,147.0,147
7280,16,7,23,148.0,148
7281,16,7,23,149.0,149
7282,16,7,23,150.0,150
7283,16,7,23,151.0,151
7284,16,7,23,152.0,152
7285,16,7,23,153.0,153
7286,16,7,23,154.0,154
7287,17,7,24,155.0,155
7288,17,7,24,155.0,155
7289,17,7,24,155.0,155
7290,17,7,24,155.0,155
7291,17,7,24,155.0,155
7292,17,7,24,155.0,155
7293,17,7,24,155.0,155
7294,17,7,24,155.0,155
7295,17,7,24,155.0,155
7296,17,7,24,155.0,155
7297,17,7,24,155.0,155
7298,17,7,24,155.0,155
7299,17,7,24,155.0,155
7300,17,7,24,155.0,155
7301,17,7,24,155.0,155
7302,17,7,24,155.0,155
7303,17,7,24,155.0,155
7304,17,7,24,155.0,155
7305,17,7,24,155.0,155
7306,17,7,24,155.0,155
7307,17,7,24,155.0,155
7308,17,7,24,155.0,155
7309,17,7,24,155.0,155
7310,17,7,24,155.0,155
7311,17,7,24,155.0,155
7312,17,7,24,155.0,155
7313,17,7,24,155.0,155
7314,17,7,24,155.0,155
7315,17,7,24,155.0,155
7316,17,7,24,155.0,155
7317,17,7,24,155.0,155
7318,17,7,24,155.0,155
7319,17,7,24,155.0,155
7320,17,7,24,155.0,155
7321,17,7,24,155.0,155
7322,17,7,24,155.0,155
7323,17,7,24,155.0,155
7324,17,7,24,155.0,155
7325,17,7,24,155.0,155
7326,17,7,24,155.0,155
7327,17,7,24,155.0,155
7328,17,7,24,155.0,155
7329,17,7,24,155.0,155
7330,17,7,24,155.0,155
7331,17,7,24,155.0,155
7332,17,7,24,155.0,155
7333,17,7,24,155.0,155
7334,17,7,24,155.0,155
7335,17,7,24,155.0,155
7336,17,7,24,155.0,155
7337,17,7,24,155.0,155
7338,17,7,24,155.0,155
7339,17,7,24,155.0,155
7340,17,7,24,155.0,155
7341,17,7,24,155.0,155
7342,17,7,24,155.0,155
7343,17,7,24,155.0,155
7344,17,7,24,155.0,155
7345,17,7,24,155.0,155
7346,17,7,24,155.0,155
7347,17,7,24,155.0,155
7348,17,7,24,155.0,155
7349,17,7,24,155.0,155
7350,17,7,24,155.0,155
7351,17,7,24,155.0,155
7352,17,7,24,155.0,155
7353,17,7,24,155.0,155
7354,17,7,24,155.0,155
7355,17,7,24,155.0,155
7356,17,7,24,155.0,155
7357,17,7,24,155.0,155
7358,17,7,24,155.0,155
7359,17,7,24,155.0,155
7360,17,7,24,155.0,155
7361,17,7,24,155.0,155
7362,17,7,24,155.0,155
7363,17,7,24,155.0,155
7364,17,7,24,155.0,155
7365,17,7,24,155.0,155
7366,17,7,24,155.0,155
7367,17,7,24,155.0,155
7368,17,7,24,0.0,0
7369,17,7,24,0.0,0
7370,17,7,24,0.0,0
7371,17,7,24,0.0,0
7372,17,7,24,0.0,0
7373,17,7,24,0.0,0
7374,17,7,24,0.0,0
7375,17,7,24,0.0,0
7376,17,7,24,0.0,0
7377,17,7,24,0.0,0
7378,17,7,24,0.0,0
7379,17,7,24,0.0,0
7380,17,7,24,0.0,0
7381,17,7,24,0.0,0
7382,17,7,24,0.0,0
7383,17,7,24,0.0,0
7384,17,7,24,0.0,0
7385,17,7,24,0.0,0
7386,17,7,24,0.0,0
7387,17,7,24,0.0,0
7388,17,7,24,0.0,0
7389,17,7,24,0.0,0
7390,17,7,24,0.0,0
7391,17,7,24,0.0,0
7392,17,7,24,0.0,0
7393,17,7,24,0.0,0
7394,17,7,24,0.0,0
7395,17,7,24,0.0,0
7396,17,7,24,0.0,0
7397,17,7,24,0.0,0
7398,17,7,24,0.0,0
7399,17,7,24,0.0,0
7400,17,7,24,0.0,0
7401,17,7,24,0.0,0
7402,17,7,24,0.0,0
7403,17,7,24,0.0,0
7404,17,7,24,0.0,0
7405,17,7,24,0.0,0
7406,17,7,24,0.0,0
7407,17,7,24,0.0,0
7408,17,7,24,0.0,0
7409,17,7,24,0.0,0
7410,17,7,24,0.0,0
7411,17,7,24,0.0,0
7412,17,7,24,0.0,0
7413,17,7,24,0.0,0
7414,17,7,24,0.0,0
7415,17,7,24,0.0,0
7416,17,7,24,0.0,0
7417,17,7,24,0.0,0
7418,17,7,24,0.0,0
7419,17,7,24,0.0,0
7420,17,7,24,0.0,0
7421,17,7,24,0.0,0
7422,17,7,24,0.0,0
7423,17,7,24,0.0,0
7424,17,7,24,0.0,0
7425,17,7,24,0.0,0
7426,17,7,24,0.0,0
7427,17,7,24,0.0,0
7428,17,7,24,0.0,0
7429,17,7,24,0.0,0
7430,17,7,24,0.0,0
7431,17,7,24,0.0,0
7432,17,7,24,0.0,0
7433,17,7,24,0.0,0
7434,17,7,24,0.0,0
7435,17,7,24,0.0,0
7436,17,7,24,0.0,0
7437,17,7,24,0.0,0
7438,17,7,24,0.0,0
7439,17,7,24,0.0,0
7440,17,7,24,0.0,0
7441,17,7,24,0.0,0
7442,17,7,24,0.0,0
7443,17,7,24,0.0,0
7444,17,7,24,0.0,0
7445,17,7,24,0.0,0
7446,17,7,24,0.0,0
7447,17,7,24,0.0,0
7448,17,7,24,0.0,0
7449,17,7,24,0.0,0
7450,17,7,24,0.0,0
7451,17,7,24,0.0,0
7452,17,7,24,0.0,0
7453,17,7,24,0.0,0
7454,17,7,24,0.0,0
7455,17,7,24,0.0,0
7456,17,7,24,0.0,0
7457,17,7,24,0.0,0
7458,17,7,24,0.0,0
7459,17,7,24,0.0,0
7460,17,7,24,0.0,0
7461,17,7,24,0.0,0
7462,17,7,24,0.0,0
7463,17,7,24,0.0,0
7464,17,7,24,0.0,0
7465,17,7,24,0.0,0
7466,17,7,24,0.0,0
7467,17,7,24,0.0,0
7468,17,7,24,0.0,0
7469,17,7,24,0.0,0
7470,17,7,24,0.0,0
7471,17,7,24,0.0,0
7472,17,7,24,0.0,0
7473,17,7,24,0.0,0
7474,17,7,24,0.0,0
7475,17,7,24,0.0,0
7476,17,7,24,0.0,0
7477,17,7,24,0.0,0
7478,17,7,24,0.0,0
7479,17,7,24,0.0,0
7480,17,7,24,0.0,0
7481,17,7,24,0.0,0
7482,17,7,24,0.0,0
7483,17,7,24,0.0,0
7484,17,7,24,0.0,0
7485,17,7,24,0.0,0
7486,17,7,24,0.0,0
7487,17,7,24,0.0,0
7488,17,7,24,0.0,0
7489,17,7,24,0.0,0
7490,17,7,24,0.0,0
7491,17,7,24,0.0,0
7492,17,7,24,0.0,0
7493,17,7,24,0.0,0
7494,17,7,24,0.0,0
7495,17,7,24,0.0,0
7496,17,7,24,0.0,0
7497,17,7,24,0.0,0
7498,17,7,24,0.0,0
7499,17,7,24,0.0,0
7500,17,7,24,0.0,0
7501,17,7,24,0.0,0
7502,17,7,24,0.0,0
7503,17,7,24,0.0,0
7504,17,7,24,0.0,0
7505,17,7,24,0.0,0
7506,17,7,24,0.0,0
7507,17,7,24,0.0,0
7508,17,7,24,0.0,0
7509,17,7,24,0.0,0
7510,17,7,24,0.0,0
7511,17,7,24,0.0,0
7512,17,7,24,0.0,0
7513,17,7,24,0.0,0
7514,17,7,24,0.0,0
7515,17,7,24,0.0,0
7516,17,7,24,0.0,0
7517,17,7,24,0.0,0
7518,17,7,24,0.0,0
7519,17,7,24,0.0,0
7520,17,7,24,0.0,0
7521,17,7,24,0.0,0
7522,17,7,24,0.0,0
7523,17,7,24,0.0,0
7524,17,7,24,0.0,0
7525,17,7,24,0.0,0
7526,17,7,24,0.0,0
7527,17,7,24,0.0,0
7528,17,7,24,0.0,0
7529,17,7,24,0.0,0
7530,17,7,24,0.0,0
7531,17,7,24,0.0,0
7532,17,7,24,0.0,0
7533,17,7,24,0.0,0
7534,17,7,24,0.0,0
7535,17,7,24,0.0,0
7536,17,7,24,0.0,0
7537,17,7,24,0.0,0
7538,17,7,24,0.0,0
7539,17,7,24,0.0,0
7540,17,7,24,0.0,0
7541,17,7,24,0.0,0
7542,17,7,24,0.0,0
7543,17,7,24,0.0,0
7544,17,7,24,0.0,0
7545,17,7,24,0.0,0
7546,17,7,24,0.0,0
7547,17,7,24,0.0,0
7548,17,7,24,0.0,0
7549,17,7,24,0.0,0
7550,17,7,24,0.0,0
7551,17,7,24,0.0,0
7552,17,7,24,0.0,0
7553,17,7,24,0.0,0
7554,17,7,24,0.0,0
7555,17,7,24,0.0,0
7556,17,7,24,0.0,0
7557,17,7,24,0.0,0
7558,17,7,24,0.0,0
7559,17,7,24,0.0,0
7560,17,7,24,0.0,0
7561,17,7,24,0.0,0
7562,17,7,24,0.0,0
7563,17,7,24,0.0,0
7564,17,7,24,0.0,0
7565,17,7,24,0.0,0
7566,17,7,24,0.0,0
7567,17,7,24,0.0,0
7568,17,7,24,0.0,0
7569,17,7,24,0.0,0
7570,17,7,24,0.0,0
7571,17,7,24,0.0,0
7572,17,7,24,0.0,0
7573,17,7,24,0.0,0
7574,17,7,24,0.0,0
7575,17,7,24,0.0,0
7576,17,7,24,0.0,0
7577,17,7,24,0.0,0
7578,17,7,24,0.0,0
7579,17,7,24,0.0,0
7580,17,7,24,0.0,0
7581,17,7,24,0.0,0
7582,17,7,24,0.0,0
7583,17,7,24,0.0,0
7584,17,7,24,0.0,0
7585,17,7,24,0.0,0
7586,17,7,24,0.0,0
7587,17,7,24,0.0,0
7588,17,7,24,0.0,0
7589,17,7,24,0.0,0
7590,17,7,24,0.0,0
7591,17,7,24,0.0,0
7592,17,7,24,0.0,0
7593,17,7,24,0.0,0
7594,17,7,24,0.0,0
7595,17,7,24,0.0,0
7596,17,7,24,0.0,0
7597,17,7,24,0.0,0
7598,17,7,24,0.0,0
7599,17,7,24,0.0,0
7600,17,7,24,0.0,0
7601,17,7,24,0.0,0
7602,17,7,24,0.0,0
7603,17,7,24,0.0,0
7604,17,7,24,0.0,0
7605,17,7,24,0.0,0
7606,17,7,24,0.0,0
7607,17,7,24,0.0,0
7608,17,7,24,0.0,0
7609,17,7,24,0.0,0
7610,17,7,24,0.0,0
7611,17,7,24,0.0,0
7612,17,7,24,0.0,0
7613,17,7,24,0.0,0
7614,17,7,24,0.0,0
7615,17,7,24,0.0,0
7616,17,7,24,0.0,0
7617,17,7,24,0.0,0
7618,17,7,24,0.0,0
7619,17,7,24,0.0,0
7620,17,7,24,0.0,0
7621,17,7,24,0.0,0
7622,17,7,24,0.0,0
7623,17,7,24,0.0,0
7624,17,7,24,0.0,0
7625,17,7,24,0.0,0
7626,17,7,24,0.0,0
7627,17,7,24,0.0,0
7628,17,7,24,0.0,0
7629,17,7,24,0.0,0
7630,17,7,24,0.0,0
7631,17,7,24,0.0,0
7632,17,7,24,0.0,0
7633,17,7,24,0.0,0
7634,17,7,24,0.0,0
7635,17,7,24,0.0,0
7636,17,7,24,0.0,0
7637,17,7,24,0.0,0
7638,17,7,24,0.0,0
7639,17,7,24,0.0,0
7640,17,7,24,0.0,0
7641,17,7,24,0.0,0
7642,17,7,24,0.0,0
7643,17,7,24,0.0,0
7644,17,7,24,0.0,0
7645,17,7,24,0.0,0
7646,17,7,24,0.0,0
7647,17,7,24,0.0,0
7648,17,7,24,0.0,0
7649,17,7,24,0.0,0
7650,17,7,24,0.0,0
7651,17,7,24,0.0,0
7652,17,7,24,0.0,0
7653,17,7,24,0.0,0
7654,17,7,24,0.0,0
7655,17,7,24,0.0,0
7656,17,7,24,0.0,0
7657,17,7,24,0.0,0
7658,17,7,24,0.0,0
7659,17,7,24,0.0,0
7660,17,7,24,0.0,0
7661,17,7,24,0.0,0
7662,17,7,24,0.0,0
7663,17,7,24,0.0,0
7664,17,7,24,0.0,0
7665,17,7,24,0.0,0
7666,17,7,24,0.0,0
7667,17,7,24,0.0,0
7668,17,7,24,0.0,0
7669,17,7,24,0.0,0
7670,17,7,24,0.0,0
7671,17,7,24,0.0,0
7672,17,7,24,0.0,0
7673,17,7,24,0.0,0
7674,17,7,24,0.0,0
7675,17,7,24,0.0,0
7676,17,7,24,0.0,0
7677,17,7,24,0.0,0
7678,17,7,24,0.0,0
7679,17,7,24,0.0,0
7680,17,7,24,0.0,0
7681,17,7,24,0.0,0
7682,17,7,24,0.0,0
7683,17,7,24,0.0,0
7684,17,7,24,0.0,0
7685,17,7,24,0.0,0
7686,17,7,24,0.0,0
7687,17,7,24,0.0,0
7688,17,7,24,0.0,0
7689,17,7,24,0.0,0
7690,17,7,24,0.0,0
7691,17,7,24,0.0,0
7692,17,7,24,0.0,0
7693,17,7,24,0.0,0
7694,17,7,24,0.0,0
7695,17,7,24,0.0,0
7696,17,7,24,0.0,0
7697,17,7,24,0.0,0
7698,17,7,24,0.0,0
7699,17,7,24,0.0,0
7700,17,7,24,0.0,0
7701,17,7,24,0.0,0
7702,17,7,24,0.0,0
7703,17,7,24,0.0,0
7704,17,7,24,0.0,0
7705,17,7,24,0.0,0
7706,17,7,24,0.0,0
7707,17,7,24,0.0,0
7708,17,7,24,0.0,0
7709,17,7,24,0.0,0
7710,17,7,24,0.0,0
7711,17,7,24,0.0,0
7712,17,7,24,0.0,0
7713,17,7,24,0.0,0
7714,17,7,24,0.0,0
7715,17,7,24,0.0,0
7716,17,7,24,0.0,0
7717,17,7,24,0.0,0
7718,17,7,24,0.0,0
7719,17,7,24,0.0,0
7720,17,7,24,0.0,0
7721,17,7,24,0.0,0
7722,17,7,24,0.0,0
7723,17,7,24,0.0,0
7724,17,7,24,0.0,0
7725,17,7,24,0.0,0
7726,17,7,24,0.0,0
7727,17,7,24,0.0,0
7728,17,7,24,0.0,0
7729,17,7,24,0.0,0
7730,17,7,24,0.0,0
7731,17,7,24,0.0,0
7732,17,7,24,0.0,0
7733,17,7,24,0.0,0
7734,17,7,24,0.0,0
7735,17,7,24,0.0,0
7736,17,7,24,0.0,0
7737,17,7,24,0.0,0
7738,17,7,24,0.0,0
7739,17,7,24,0.0,0
7740,17,7,24,0.0,0
7741,17,7,24,0.0,0
7742,17,7,24,0.0,0
7743,17,7,24,0.0,0
7744,17,7,24,0.0,0
7745,17,7,24,0.0,0
7746,17,7,24,0.0,0
7747,17,7,24,0.0,0
7748,17,7,24,0.0,0
7749,17,7,24,0.0,0
7750,17,7,24,0.0,0
7751,17,7,24,0.0,0
7752,17,7,24,0.0,0
7753,17,7,24,0.0,0
7754,17,7,24,0.0,0
7755,17,7,24,0.0,0
7756,17,7,24,0.0,0
7757,17,7,24,0.0,0
7758,17,7,24,0.0,0
7759,17,7,24,0.0,0
7760,17,7,24,0.0,0
7761,17,7,24,0.0,0
7762,17,7,24,0.0,0
7763,17,7,24,0.0,0
7764,17,7,24,0.0,0
7765,17,7,24,0.0,0
7766,17,7,24,0.0,0
7767,17,7,24,0.0,0
7768,17,7,24,0.0,0
7769,17,7,24,0.0,0
7770,17,7,24,0.0,0
7771,17,7,24,0.0,0
7772,17,7,24,0.0,0
7773,17,7,24,0.0,0
7774,17,7,24,0.0,0
7775,17,7,24,0.0,0
7776,17,7,24,0.0,0
7777,17,7,24,0.0,0
7778,17,7,24,0.0,0
7779,17,7,24,0.0,0
7780,17,7,24,0.0,0
7781,17,7,24,0.0,0
7782,17,7,24,0.0,0
7783,17,7,24,0.0,0
7784,17,7,24,0.0,0
7785,17,7,24,0.0,0
7786,17,7,24,0.0,0
7787,17,7,24,0.0,0
7788,17,7,24,0.0,0
7789,17,7,24,0.0,0
7790,17,7,24,0.0,0
7791,17,7,24,0.0,0
7792,17,7,24,0.0,0
7793,17,7,24,0.0,0
7794,17,7,24,0.0,0
7795,17,7,24,0.0,0
7796,17,7,24,0.0,0
7797,17,7,24,0.0,0
7798,17,7,24,0.0,0
7799,17,7,24,0.0,0
7800,17,7,24,0.0,0
7801,17,7,24,0.0,0
7802,17,7,24,0.0,0
7803,17,7,24,0.0,0
7804,17,7,24,0.0,0
7805,17,7,24,0.0,0
7806,17,7,24,0.0,0
7807,17,7,24,0.0,0
7808,17,7,24,0.0,0
7809,17,7,24,0.0,0
7810,17,7,24,0.0,0
7811,17,7,24,0.0,0
7812,17,7,24,0.0,0
7813,17,7,24,0.0,0
7814,17,7,24,0.0,0
7815,17,7,24,0.0,0
7816,17,7,24,0.0,0
7817,17,7,24,0.0,0
7818,17,7,24,0.0,0
7819,17,7,24,0.0,0
7820,17,7,24,0.0,0
7821,17,7,24,0.0,0
7822,17,7,24,0.0,0
7823,17,7,24,0.0,0
7824,17,7,24,0.0,0
7825,17,7,24,0.0,0
7826,17,7,24,0.0,0
7827,17,7,24,0.0,0
7828,17,7,24,0.0,0
7829,17,7,24,0.0,0
7830,17,7,24,0.0,0
7831,17,7,24,0.0,0
7832,17,7,24,0.0,0
7833,17,7,24,0.0,0
7834,17,7,24,0.0,0
7835,17,7,24,0.0,0
7836,17,7,24,0.0,0
7837,17,7,24,0.0,0
7838,17,7,24,0.0,0
7839,17,7,24,0.0,0
7840,17,7,24,0.0,0
7841,17,7,24,0.0,0
7842,17,7,24,0.0,0
7843,17,7,24,0.0,0
7844,17,7,24,0.0,0
7845,17,7,24,0.0,0
7846,17,7,24,0.0,0
7847,17,7,24,0.0,0
7848,17,7,24,0.0,0
7849,17,7,24,0.0,0
7850,17,7,24,0.0,0
7851,17,7,24,0.0,0
7852,17,7,24,0.0,0
7853,17,7,24,0.0,0
7854,17,7,24,0.0,0
7855,17,7,24,0.0,0
7856,17,7,24,0.0,0
7857,17,7,24,0.0,0
7858,17,7,24,0.0,0
7859,17,7,24,0.0,0
7860,17,7,24,0.0,0
7861,17,8,25,0.0,0
7862,17,8,25,0.0,0
7863,17,8,25,0.0,0
7864,17,8,25,0.0,0
7865,17,8,25,0.0,0
7866,17,8,25,0.0,0
7867,17,8,25,0.0,0
7868,17,8,25,0.0,0
7869,17,8,25,0.0,0
7870,17,8,25,0.0,0
7871,17,8,25,0.0,0
7872,17,8,25,0.0,0
7873,17,8,25,0.0,0
7874,17,8,25,0.0,0
7875,17,8,25,0.0,0
7876,17,8,25,0.0,0
7877,17,8,25,0.0,0
7878,17,8,25,0.0,0
7879,17,8,25,0.0,0
7880,17,8,25,0.0,0
7881,17,8,25,0.0,0
7882,17,8,25,0.0,0
7883,17,8,25,0.0,0
7884,17,8,25,0.0,0
7885,17,8,25,0.0,0
7886,17,8,25,0.0,0
7887,17,8,25,0.0,0
7888,17,8,25,0.0,0
7889,17,8,25,0.0,0
7890,17,8,25,0.0,0
7891,17,8,25,0.0,0
7892,17,8,25,0.0,0
7893,17,8,25,0.0,0
7894,17,8,25,0.0,0
7895,17,8,25,0.0,0
7896,17,8,25,0.0,0
7897,17,8,25,0.0,0
7898,17,8,25,0.0,0
7899,17,8,25,0.0,0
7900,17,8,25,0.0,0
7901,17,8,25,0.0,0
7902,17,8,25,0.0,0
7903,17,8,25,0.0,0
7904,17,8,25,0.0,0
7905,17,8,25,0.0,0
7906,17,8,25,0.0,0
7907,17,8,25,0.0,0
7908,17,8,25,0.0,0
7909,17,8,25,0.0,0
7910,17,8,25,0.0,0
7911,17,8,25,0.0,0
7912,17,8,25,0.0,0
7913,17,8,25,0.0,0
7914,17,8,25,0.0,0
7915,17,8,25,0.0,0
7916,17,8,25,0.0,0
7917,17,8,25,0.0,0
7918,17,8,25,0.0,0
7919,17,8,25,0.0,0
7920,17,8,25,0.0,0
7921,17,8,25,0.0,0
7922,17,8,25,0.0,0
7923,17,8,25,0.0,0
7924,17,8,25,0.0,0
7925,17,8,25,0.0,0
7926,17,8,25,0.0,0
7927,17,8,25,0.0,0
7928,17,8,25,0.0,0
7929,17,8,25,0.0,0
7930,17,8,25,0.0,0
7931,17,8,25,0.0,0
7932,17,8,25,0.0,0
7933,17,8,25,0.0,0
7934,17,8,25,0.0,0
7935,17,8,25,0.0,0
7936,17,8,25,0.0,0
7937,17,8,25,0.0,0
7938,17,8,25,0.0,0
7939,17,8,25,0.0,0
7940,17,8,25,0.0,0
7941,17,8,25,0.0,0
7942,17,8,25,0.0,0
7943,17,8,25,0.0,0
7944,17,8,25,0.0,0
7945,17,8,25,0.0,0
7946,17,8,25,0.0,0
7947,17,8,25,0.0,0
7948,17,8,25,0.0,0
7949,17,8,25,0.0,0
7950,17,8,25,0.0,0
7951,17,8,25,0.0,0
7952,17,8,25,0.0,0
7953,17,8,25,0.0,0
7954,17,8,25,0.0,0
7955,17,8,25,0.0,0
7956,17,8,25,0.0,0
7957,17,8,25,0.0,0
7958,17,8,25,0.0,0
7959,17,8,25,0.0,0
7960,17,8,25,0.0,0
7961,17,8,25,0.0,0
7962,17,8,25,0.0,0
7963,17,8,25,0.0,0
7964,17,8,25,0.0,0
7965,17,8,25,0.0,0
7966,17,8,25,0.0,0
7967,17,8,25,0.0,0
7968,17,8,25,0.0,0
7969,17,8,25,0.0,0
7970,17,8,25,0.0,0
7971,17,8,25,0.0,0
7972,17,8,25,0.0,0
7973,17,8,25,0.0,0
7974,17,8,25,0.0,0
7975,17,8,25,0.0,0
7976,17,8,25,0.0,0
7977,17,8,25,0.0,0
7978,17,8,25,0.0,0
7979,17,8,25,0.0,0
7980,17,8,25,0.0,0
7981,17,8,25,0.0,0
7982,17,8,25,0.0,0
7983,17,8,25,0.0,0
7984,17,8,25,0.0,0
7985,17,8,25,0.0,0
7986,17,8,25,0.0,0
7987,17,8,25,0.0,0
7988,17,8,25,0.0,0
7989,17,8,25,0.0,0
7990,17,8,25,0.0,0
7991,17,8,25,0.0,0
7992,17,8,25,0.0,0
7993,17,8,25,0.0,0
7994,17,8,25,0.0,0
7995,17,8,25,0.0,0
7996,17,8,25,0.0,0
7997,17,8,25,0.0,0
7998,17,8,25,0.0,0
7999,17,8,25,0.0,0
8000,17,8,25,0.0,0
8001,17,8,25,0.0,0
8002,17,8,25,0.0,0
8003,17,8,25,0.0,0
8004,17,8,25,0.0,0
8005,17,8,25,0.0,0
8006,17,8,25,0.0,0
8007,17,8,25,0.0,0
8008,17,8,25,0.0,0
8009,17,8,25,0.0,0
8010,17,8,25,0.0,0
8011,17,8,25,0.0,0
8012,17,8,25,0.0,0
8013,17,8,25,0.0,0
8014,17,8,25,0.0,0
8015,17,8,25,0.0,0
8016,17,8,25,0.0,0
8017,17,8,25,0.0,0
8018,17,8,25,0.0,0
8019,17,8,25,0.0,0
8020,17,8,25,0.0,0
8021,17,8,25,0.0,0
8022,17,8,25,0.0,0
8023,17,8,25,0.0,0
8024,17,8,25,0.0,0
8025,17,8,25,0.0,0
8026,17,8,25,0.0,0
8027,17,8,25,0.0,0
8028,17,8,25,0.0,0
8029,17,8,25,0.0,0
8030,17,8,25,0.0,0
8031,17,8,25,0.0,0
8032,17,8,25,0.0,0
8033,17,8,25,0.0,0
8034,17,8,25,0.0,0
8035,17,8,25,0.0,0
8036,17,8,25,0.0,0
8037,17,8,25,0.0,0
8038,17,8,25,0.0,0
8039,17,8,25,0.0,0
8040,17,8,25,0.0,0
8041,17,8,25,0.0,0
8042,17,8,25,0.0,0
8043,17,8,25,0.0,0
8044,17,8,25,0.0,0
8045,17,8,25,0.0,0
8046,17,8,25,0.0,0
8047,17,8,25,0.0,0
8048,17,8,25,0.0,0
8049,17,8,25,0.0,0
8050,17,8,25,0.0,0
8051,17,8,25,0.0,0
8052,17,8,25,0.0,0
8053,17,8,25,0.0,0
8054,17,8,25,0.0,0
8055,17,8,25,0.0,0
8056,17,8,25,0.0,0
8057,17,8,25,0.0,0
8058,17,8,25,0.0,0
8059,17,8,25,0.0,0
8060,17,8,25,0.0,0
8061,17,8,25,0.0,0
8062,17,8,25,0.0,0
8063,17,8,25,0.0,0
8064,17,8,25,0.0,0
8065,17,8,25,0.0,0
8066,17,8,25,0.0,0
8067,17,8,25,0.0,0
8068,17,8,25,0.0,0
8069,17,8,25,0.0,0
8070,17,8,25,0.0,0
8071,17,8,25,0.0,0
8072,17,8,25,0.0,0
8073,17,8,25,0.0,0
8074,17,8,25,0.0,0
8075,17,8,25,0.0,0
8076,17,8,25,0.0,0
8077,17,8,25,0.0,0
8078,17,8,25,0.0,0
8079,17,8,25,0.0,0
8080,17,8,25,0.0,0
8081,17,8,25,0.0,0
8082,17,8,25,0.0,0
8083,17,8,25,0.0,0
8084,17,8,25,0.0,0
8085,17,8,25,0.0,0
8086,17,8,25,0.0,0
8087,17,8,25,0.0,0
8088,17,8,25,0.0,0
8089,17,8,25,0.0,0
8090,17,8,25,0.0,0
8091,17,8,25,0.0,0
8092,17,8,25,0.0,0
8093,17,8,25,0.0,0
8094,17,8,25,0.0,0
8095,17,8,25,0.0,0
8096,17,8,25,0.0,0
8097,17,8,25,0.0,0
8098,17,8,25,0.0,0
8099,17,8,25,0.0,0
8100,17,8,25,0.0,0
8101,17,8,25,0.0,0
8102,17,8,25,0.0,0
8103,17,8,25,0.0,0
8104,17,8,25,0.0,0
8105,17,8,25,0.0,0
8106,17,8,25,0.0,0
8107,17,8,25,0.0,0
8108,17,8,25,0.0,0
8109,17,8,25,0.0,0
8110,17,8,25,0.0,0
8111,17,8,25,0.0,0
8112,17,8,25,0.0,0
8113,17,8,25,0.0,0
8114,17,8,25,0.0,0
8115,17,8,25,0.0,0
8116,17,8,25,0.0,0
8117,17,8,25,0.0,0
8118,17,8,25,0.0,0
8119,17,8,25,0.0,0
8120,17,8,25,0.0,0
8121,17,8,25,0.0,0
8122,17,8,25,0.0,0
8123,17,8,25,0.0,0
8124,17,8,25,0.0,0
8125,17,8,25,0.0,0
8126,17,8,25,0.0,0
8127,17,8,25,0.0,0
8128,17,8,25,0.0,0
8129,17,8,25,0.0,0
8130,17,8,25,0.0,0
8131,17,8,25,0.0,0
8132,17,8,25,0.0,0
8133,17,8,25,0.0,0
8134,17,8,25,0.0,0
8135,17,8,25,0.0,0
8136,17,8,25,0.0,0
8137,17,8,25,0.0,0
8138,17,8,25,0.0,0
8139,17,8,25,0.0,0
8140,17,8,25,0.0,0
8141,17,8,25,0.0,0
8142,17,8,25,0.0,0
8143,17,8,25,0.0,0
8144,17,8,25,0.0,0
8145,17,8,25,0.0,0
8146,17,8,25,0.0,0
8147,17,8,25,0.0,0
8148,17,8,25,0.0,0
8149,17,8,25,0.0,0
8150,17,8,25,0.0,0
8151,17,8,25,0.0,0
8152,17,8,25,0.0,0
8153,17,8,25,0.0,0
8154,17,8,25,0.0,0
8155,17,8,25,0.0,0
8156,17,8,25,0.0,0
8157,17,8,25,0.0,0
8158,17,8,25,0.0,0
8159,17,8,25,0.0,0
8160,17,8,25,0.0,0
8161,17,8,25,0.0,0
8162,17,8,25,0.0,0
8163,17,8,25,0.0,0
8164,17,8,25,0.0,0
8165,17,8,25,0.0,0
8166,17,8,25,0.0,0
8167,17,8,25,0.0,0
8168,17,8,25,0.0,0
8169,17,8,25,0.0,0
8170,17,8,25,0.0,0
8171,17,8,25,0.0,0
8172,17,8,25,0.0,0
8173,17,8,25,0.0,0
8174,17,8,25,0.0,0
8175,17,8,25,0.0,0
8176,17,8,25,0.0,0
8177,17,8,25,0.0,0
8178,17,8,25,0.0,0
8179,17,8,25,0.0,0
8180,17,8,25,0.0,0
8181,17,8,25,0.0,0
8182,17,8,25,0.0,0
8183,17,8,25,0.0,0
8184,17,8,25,0.0,0
8185,17,8,25,0.0,0
8186,17,8,25,0.0,0
8187,17,8,25,0.0,0
8188,17,8,25,0.0,0
8189,17,8,25,0.0,0
8190,17,8,25,0.0,0
8191,17,8,25,0.0,0
8192,17,8,25,0.0,0
8193,17,8,25,0.0,0
8194,17,8,25,0.0,0
8195,17,8,25,0.0,0
8196,17,8,25,0.0,0
8197,17,8,25,0.0,0
8198,17,8,25,0.0,0
8199,17,8,25,0.0,0
8200,17,8,25,0.0,0
8201,17,8,25,0.0,0
8202,17,8,25,0.0,0
8203,17,8,25,0.0,0
8204,17,8,25,0.0,0
8205,17,8,25,0.0,0
8206,17,8,25,0.0,0
8207,17,8,25,0.0,0
8208,17,8,25,0.0,0
8209,17,8,25,0.0,0
8210,17,8,25,0.0,0
8211,17,8,25,0.0,0
8212,17,8,25,0.0,0
8213,17,8,25,0.0,0
8214,17,8,25,0.0,0
8215,17,8,25,0.0,0
8216,17,8,25,0.0,0
8217,17,8,25,0.0,0
8218,17,8,25,0.0,0
8219,17,8,25,1.0,1
8220,17,8,25,2.0,2
8221,17,8,25,3.0,3
8222,17,8,25,4.0,4
8223,17,8,25,5.0,5
8224,17,8,25,6.0,6
8225,17,8,25,7.0,7
8226,17,8,25,8.0,8
8227,17,8,25,9.0,9
8228,17,8,25,10.0,10
8229,17,8,25,11.0,11
8230,17,8,25,12.0,12
8231,17,8,25,13.0,13
8232,17,8,25,14.0,14
8233,17,8,25,15.0,15
8234,17,8,25,16.0,16
8235,17,8,25,17.0,17
8236,17,8,25,18.0,18
8237,17,8,25,19.0,19
8238,17,8,25,20.0,20
8239,17,8,25,21.0,21
8240,17,8,25,22.0,22
8241,17,8,25,23.0,23
8242,17,8,25,24.0,24
8243,17,8,25,25.0,25
8244,17,8,25,26.0,26
8245,17,8,25,27.0,27
8246,17,8,25,28.0,28
8247,17,8,25,29.0,29
8248,17,8,25,30.0,30
8249,17,8,25,31.0,31
8250,17,8,25,32.0,32
8251,17,8,25,33.0,33
8252,17,8,25,34.0,34
8253,17,8,25,35.0,35
8254,17,8,25,36.0,36
8255,17,8,25,37.0,37
8256,17,8,25,38.0,38
8257,17,8,25,39.0,39
8258,17,8,25,40.0,40
8259,17,8,25,41.0,41
8260,17,8,25,42.0,42
8261,17,8,25,43.0,43
8262,17,8,25,44.0,44
8263,17,8,25,45.0,45
8264,17,8,25,46.0,46
8265,17,8,25,47.0,47
8266,17,8,25,48.0,48
8267,17,8,25,49.0,49
8268,17,8,25,50.0,50
8269,17,8,25,51.0,51
8270,17,8,25,52.0,52
8271,17,8,25,53.0,53
8272,17,8,25,54.0,54
8273,17,8,25,55.0,55
8274,17,8,25,56.0,56
8275,17,8,25,57.0,57
8276,17,8,25,58.0,58
8277,17,8,25,59.0,59
8278,17,8,25,60.0,60
8279,17,8,25,61.0,61
8280,17,8,25,62.0,62
8281,17,8,25,63.0,63
8282,17,8,25,64.0,64
8283,17,8,25,65.0,65
8284,17,8,25,66.0,66
8285,17,8,25,67.0,67
8286,17,8,25,68.0,68
8287,17,8,25,69.0,69
8288,17,8,25,70.0,70
8289,17,8,25,71.0,71
8290,17,8,25,72.0,72
8291,17,8,25,73.0,73
8292,17,8,25,74.0,74
8293,17,8,25,75.0,75
8294,17,8,25,76.0,76
8295,17,8,25,77.0,77
8296,17,8,25,78.0,78
8297,17,8,25,79.0,79
8298,17,8,25,80.0,80
8299,17,8,25,81.0,81
8300,17,8,25,82.0,82
8301,17,8,25,83.0,83
8302,17,8,25,84.0,84
8303,17,8,25,85.0,85
8304,17,8,25,86.0,86
8305,17,8,25,87.0,87
8306,17,8,25,88.0,88
8307,17,8,25,89.0,89
8308,17,8,25,90.0,90
8309,17,8,25,91.0,91
8310,17,8,25,92.0,92
8311,17,8,25,93.0,93
8312,17,8,25,94.0,94
8313,17,8,25,95.0,95
8314,17,8,25,96.0,96
8315,17,8,25,97.0,97
8316,17,8,25,98.0,98
8317,17,8,25,99.0,99
8318,17,8,25,100.0,100
8319,17,8,25,101.0,101
8320,17,8,25,102.0,102
8321,17,8,25,103.0,103
8322,17,8,25,104.0,104
8323,17,8,25,105.0,105
8324,17,8,25,106.0,106
8325,17,8,25,107.0,107
8326,17,8,25,108.0,108
8327,17,8,25,109.0,109
8328,17,8,25,110.0,110
8329,17,8,25,111.0,111
8330,17,8,25,112.0,112
8331,17,8,25,113.0,113
8332,17,8,25,114.0,114
8333,17,8,25,115.0,115
8334,17,8,25,116.0,116
8335,17,8,25,117.0,117
8336,17,8,25,118.0,118
8337,17,8,25,119.0,119
8338,17,8,25,120.0,120
8339,17,8,25,121.0,121
8340,17,8,25,122.0,122
8341,17,8,25,123.0,123
8342,17,8,25,124.0,124
8343,17,8,25,125.0,125
8344,17,8,25,126.0,126
8345,17,8,25,127.0,127
8346,17,8,25,128.0,128
8347,17,8,25,129.0,129
8348,17,8,25,130.0,130
8349,17,8,25,131.0,131
8350,17,8,25,132.0,132
8351,17,8,25,133.0,133
8352,17,8,25,134.0,134
8353,17,8,25,135.0,135
8354,17,8,25,136.0,136
8355,17,8,25,137.0,137
8356,17,8,25,138.0,138
8357,17,8,25,139.0,139
8358,17,8,25,140.0,140
8359,17,8,25,141.0,141
8360,17,8,25,142.0,142
8361,17,8,25,143.0,143
8362,17,8,25,144.0,144
8363,17,8,25,145.0,145
8364,17,8,25,146.0,146
8365,17,8,25,147.0,147
8366,17,8,25,148.0,148
8367,17,8,25,149.0,149
8368,17,8,25,150.0,150
8369,17,8,25,151.0,151
8370,17,8,25,152.0,152
8371,17,8,25,153.0,153
8372,17,8,25,154.0,154
8373,17,8,25,155.0,155
8374,17,8,25,156.0,156
8375,17,8,25,157.0,157
8376,17,8,25,158.0,158
8377,17,8,25,159.0,159
8378,17,8,25,160.0,160
8379,17,8,25,161.0,161
8380,17,8,25,162.0,162
8381,17,8,25,163.0,163
8382,17,8,25,164.0,164
8383,17,8,25,165.0,165
8384,17,8,25,166.0,166
8385,17,8,25,167.0,167
8386,17,8,25,168.0,168
8387,17,8,25,169.0,169
8388,17,8,25,170.0,170
8389,17,8,25,171.0,171
8390,17,8,25,172.0,172
8391,17,8,25,173.0,173
8392,17,8,25,174.0,174
8393,17,8,25,175.0,175
8394,17,8,25,176.0,176
8395,17,8,25,177.0,177
8396,17,8,25,178.0,178
8397,17,8,25,179.0,179
8398,17,8,25,180.0,180
8399,17,8,25,181.0,181
8400,17,8,25,182.0,182
8401,17,8,25,183.0,183
8402,17,8,25,184.0,184
8403,17,8,25,185.0,185
8404,17,8,25,186.0,186
8405,17,8,25,187.0,187
8406,17,8,25,188.0,188
8407,17,8,25,189.0,189
8408,17,8,25,190.0,190
8409,17,8,25,191.0,191
8410,17,8,25,192.0,192
8411,17,8,25,193.0,193
8412,17,8,25,194.0,194
8413,17,8,25,195.0,195
8414,17,8,25,196.0,196
8415,17,8,25,197.0,197
8416,17,8,25,198.0,198
8417,17,8,25,199.0,199
8418,17,8,25,200.0,200
8419,17,8,25,201.0,201
8420,17,8,25,202.0,202
8421,17,8,25,203.0,203
8422,18,8,26,204.0,204
8423,18,8,26,204.0,204
8424,18,8,26,204.0,204
8425,18,8,26,204.0,204
8426,18,8,26,204.0,204
8427,18,8,26,204.0,204
8428,18,8,26,204.0,204
8429,18,8,26,204.0,204
8430,18,8,26,204.0,204
8431,18,8,26,204.0,204
8432,18,8,26,204.0,204
8433,18,8,26,204.0,204
8434,18,8,26,204.0,204
8435,18,8,26,204.0,204
8436,18,8,26,204.0,204
8437,18,8,26,204.0,204
8438,18,8,26,204.0,204
8439,18,8,26,204.0,204
8440,18,8,26,204.0,204
8441,18,8,26,204.0,204
8442,18,8,26,204.0,204
8443,18,8,26,204.0,204
8444,18,8,26,204.0,204
8445,18,8,26,204.0,204
8446,18,8,26,204.0,204
8447,18,8,26,204.0,204
8448,18,8,26,204.0,204
8449,18,8,26,204.0,204
8450,18,8,26,204.0,204
8451,18,8,26,204.0,204
8452,18,8,26,204.0,204
8453,18,8,26,204.0,204
8454,18,8,26,204.0,204
8455,18,8,26,204.0,204
8456,18,8,26,204.0,204
8457,18,8,26,204.0,204
8458,18,8,26,204.0,204
8459,18,8,26,204.0,204
8460,18,8,26,204.0,204
8461,18,8,26,204.0,204
8462,18,8,26,204.0,204
8463,18,8,26,204.0,204
8464,18,8,26,204.0,204
8465,18,8,26,204.0,204
8466,18,8,26,204.0,204
8467,18,8,26,204.0,204
8468,18,8,26,204.0,204
8469,18,8,26,204.0,204
8470,18,8,26,204.0,204
8471,18,8,26,204.0,204
8472,18,8,26,204.0,204
8473,18,8,26,204.0,204
8474,18,8,26,204.0,204
8475,18,8,26,204.0,204
8476,18,8,26,204.0,204
8477,18,8,26,204.0,204
8478,18,8,26,204.0,204
8479,18,8,26,204.0,204
8480,18,8,26,204.0,204
8481,18,8,26,204.0,204
8482,18,8,26,204.0,204
8483,18,8,26,204.0,204
8484,18,8,26,204.0,204
8485,18,8,26,204.0,204
8486,18,8,26,204.0,204
8487,18,8,26,204.0,204
8488,18,8,26,0.0,0
8489,18,8,26,0.0,0
8490,18,8,26,0.0,0
8491,18,8,26,0.0,0
8492,18,8,26,0.0,0
8493,18,8,26,0.0,0
8494,18,8,26,0.0,0
8495,18,8,26,0.0,0
8496,18,8,26,0.0,0
8497,18,8,26,0.0,0
8498,18,8,26,0.0,0
8499,18,8,26,0.0,0
8500,18,8,26,0.0,0
8501,18,8,26,0.0,0
8502,18,8,26,0.0,0
8503,18,8,26,0.0,0
8504,18,8,26,0.0,0
8505,18,8,26,0.0,0
8506,18,8,26,0.0,0
8507,18,8,26,0.0,0
8508,18,8,26,0.0,0
8509,18,8,26,0.0,0
8510,18,8,26,0.0,0
8511,18,8,26,0.0,0
8512,18,8,26,0.0,0
8513,18,8,26,0.0,0
8514,18,8,26,0.0,0
8515,18,8,26,0.0,0
8516,18,8,26,0.0,0
8517,18,8,26,0.0,0
8518,18,8,26,0.0,0
8519,18,8,26,0.0,0
8520,18,8,26,0.0,0
8521,18,8,26,0.0,0
8522,18,8,26,0.0,0
8523,18,8,26,0.0,0
8524,18,8,26,0.0,0
8525,18,8,26,0.0,0
8526,18,8,26,0.0,0
8527,18,8,26,0.0,0
8528,18,8,26,0.0,0
8529,18,8,26,0.0,0
8530,18,8,26,0.0,0
8531,18,8,26,0.0,0
8532,18,8,26,0.0,0
8533,18,8,26,0.0,0
8534,18,8,26,0.0,0
8535,18,8,26,0.0,0
8536,18,8,26,0.0,0
8537,18,8,26,0.0,0
8538,18,8,26,0.0,0
8539,18,8,26,0.0,0
8540,18,8,26,0.0,0
8541,18,8,26,0.0,0
8542,18,8,26,0.0,0
8543,18,8,26,0.0,0
8544,18,8,26,0.0,0
8545,18,8,26,0.0,0
8546,18,8,26,0.0,0
8547,18,8,26,0.0,0
8548,18,8,26,0.0,0
8549,18,8,26,0.0,0
8550,18,8,26,0.0,0
8551,18,8,26,0.0,0
8552,18,8,26,0.0,0
8553,18,8,26,0.0,0
8554,18,8,26,0.0,0
8555,18,8,26,0.0,0
8556,18,8,26,0.0,0
8557,18,8,26,0.0,0
8558,18,8,26,0.0,0
8559,18,8,26,0.0,0
8560,18,8,26,0.0,0
8561,18,8,26,0.0,0
8562,18,8,26,0.0,0
8563,18,8,26,0.0,0
8564,18,8,26,0.0,0
8565,18,8,26,0.0,0
8566,18,8,26,0.0,0
8567,18,8,26,0.0,0
8568,18,8,26,0.0,0
8569,18,8,26,0.0,0
8570,18,8,26,0.0,0
8571,18,8,26,0.0,0
8572,18,8,26,0.0,0
8573,18,8,26,0.0,0
8574,18,8,26,0.0,0
8575,18,8,26,0.0,0
8576,18,8,26,0.0,0
8577,18,8,26,0.0,0
8578,18,8,26,0.0,0
8579,18,8,26,0.0,0
8580,18,8,26,0.0,0
8581,18,8,26,0.0,0
8582,18,8,26,0.0,0
8583,18,8,26,0.0,0
8584,18,8,26,0.0,0
8585,18,8,26,0.0,0
8586,18,8,26,0.0,0
8587,18,8,26,0.0,0
8588,18,8,26,0.0,0
8589,18,8,26,0.0,0
8590,18,8,26,0.0,0
8591,18,8,26,0.0,0
8592,18,8,26,0.0,0
8593,18,8,26,0.0,0
8594,18,8,26,0.0,0
8595,18,8,26,0.0,0
8596,18,8,26,0.0,0
8597,18,8,26,0.0,0
8598,18,8,26,0.0,0
8599,18,8,26,0.0,0
8600,18,8,26,0.0,0
8601,18,8,26,0.0,0
8602,18,8,26,0.0,0
8603,18,8,26,0.0,0
8604,18,8,26,0.0,0
8605,18,8,26,0.0,0
8606,18,8,26,0.0,0
8607,18,8,26,0.0,0
8608,18,8,26,0.0,0
8609,18,8,26,0.0,0
8610,18,8,26,0.0,0
8611,18,8,26,0.0,0
8612,18,8,26,0.0,0
8613,18,8,26,0.0,0
8614,18,8,26,0.0,0
8615,18,8,26,0.0,0
8616,18,8,26,0.0,0
8617,18,8,26,0.0,0
8618,18,8,26,0.0,0
8619,18,8,26,0.0,0
8620,18,8,26,0.0,0
8621,18,8,26,0.0,0
8622,18,8,26,0.0,0
8623,18,8,26,0.0,0
8624,18,8,26,0.0,0
8625,18,8,26,0.0,0
8626,18,8,26,0.0,0
8627,18,8,26,0.0,0
8628,18,8,26,0.0,0
8629,18,8,26,0.0,0
8630,18,8,26,0.0,0
8631,18,8,26,0.0,0
8632,18,8,26,0.0,0
8633,18,8,26,0.0,0
8634,18,8,26,0.0,0
8635,18,8,26,0.0,0
8636,18,8,26,0.0,0
8637,18,8,26,0.0,0
8638,18,8,26,0.0,0
8639,18,8,26,0.0,0
8640,18,8,26,0.0,0
8641,18,8,26,0.0,0
8642,18,8,26,0.0,0
8643,18,8,26,0.0,0
8644,18,8,26,0.0,0
8645,18,8,26,0.0,0
8646,18,8,26,0.0,0
8647,18,8,26,0.0,0
8648,18,8,26,0.0,0
8649,18,8,26,0.0,0
8650,18,8,26,0.0,0
8651,18,8,26,0.0,0
8652,18,8,26,0.0,0
8653,18,8,26,0.0,0
8654,18,8,26,0.0,0
8655,18,8,26,0.0,0
8656,18,8,26,0.0,0
8657,18,8,26,0.0,0
8658,18,8,26,0.0,0
8659,18,8,26,0.0,0
8660,18,8,26,0.0,0
8661,18,8,26,0.0,0
8662,18,8,26,0.0,0
8663,18,8,26,0.0,0
8664,18,8,26,0.0,0
8665,18,8,26,0.0,0
8666,18,8,26,0.0,0
8667,18,8,26,0.0,0
8668,18,8,26,0.0,0
8669,18,8,26,0.0,0
8670,18,8,26,0.0,0
8671,18,8,26,0.0,0
8672,18,8,26,0.0,0
8673,18,8,26,0.0,0
8674,18,8,26,0.0,0
8675,18,8,26,0.0,0
8676,18,8,26,0.0,0
8677,18,8,26,0.0,0
8678,18,8,26,0.0,0
8679,18,8,26,0.0,0
8680,18,8,26,0.0,0
8681,18,8,26,0.0,0
8682,18,8,26,0.0,0
8683,18,8,26,0.0,0
8684,18,8,26,0.0,0
8685,18,8,26,0.0,0
8686,18,8,26,0.0,0
8687,18,8,26,0.0,0
8688,18,8,26,0.0,0
8689,18,8,26,0.0,0
8690,18,8,26,0.0,0
8691,18,8,26,0.0,0
8692,18,8,26,0.0,0
8693,18,8,26,0.0,0
8694,18,8,26,0.0,0
8695,18,8,26,0.0,0
8696,18,8,26,0.0,0
8697,18,8,26,0.0,0
8698,18,8,26,0.0,0
8699,18,8,26,0.0,0
8700,18,8,26,0.0,0
8701,18,8,26,0.0,0
8702,18,8,26,0.0,0
8703,18,8,26,0.0,0
8704,18,8,26,0.0,0
8705,18,8,26,0.0,0
8706,18,8,26,0.0,0
8707,18,8,26,0.0,0
8708,18,8,26,0.0,0
8709,18,8,26,0.0,0
8710,18,8,26,0.0,0
8711,18,8,26,0.0,0
8712,18,8,26,0.0,0
8713,18,8,26,0.0,0
8714,18,8,26,0.0,0
8715,18,8,26,0.0,0
8716,18,8,26,0.0,0
8717,18,8,26,0.0,0
8718,18,8,26,0.0,0
8719,18,8,26,0.0,0
8720,18,8,26,0.0,0
8721,18,8,26,0.0,0
8722,18,8,26,0.0,0
8723,18,8,26,0.0,0
8724,18,8,26,0.0,0
8725,18,8,26,0.0,0
8726,18,8,26,0.0,0
8727,18,8,26,0.0,0
8728,18,8,26,0.0,0
8729,18,8,26,0.0,0
8730,18,8,26,0.0,0
8731,18,8,26,0.0,0
8732,18,8,26,0.0,0
8733,18,8,26,0.0,0
8734,18,8,26,0.0,0
8735,18,8,26,0.0,0
8736,18,8,26,0.0,0
8737,18,8,26,0.0,0
8738,18,8,26,0.0,0
8739,18,8,26,0.0,0
8740,18,8,26,0.0,0
8741,18,8,26,0.0,0
8742,18,8,26,0.0,0
8743,18,8,26,0.0,0
8744,18,8,26,0.0,0
8745,18,8,26,0.0,0
8746,18,8,26,0.0,0
8747,18,8,26,0.0,0
8748,18,8,26,0.0,0
8749,18,8,26,0.0,0
8750,18,8,26,0.0,0
8751,18,8,26,0.0,0
8752,18,8,26,0.0,0
8753,18,8,26,0.0,0
8754,18,8,26,0.0,0
8755,18,8,26,0.0,0
8756,18,8,26,0.0,0
8757,18,8,26,0.0,0
8758,18,8,26,0.0,0
8759,18,8,26,0.0,0
8760,18,8,26,0.0,0
8761,18,8,26,0.0,0
8762,18,8,26,0.0,0
8763,18,8,26,0.0,0
8764,18,8,26,0.0,0
8765,18,8,26,0.0,0
8766,18,8,26,0.0,0
8767,18,8,26,0.0,0
8768,18,8,26,0.0,0
8769,18,8,26,0.0,0
8770,18,8,26,0.0,0
8771,18,8,26,0.0,0
8772,18,8,26,0.0,0
8773,18,8,26,0.0,0
8774,18,8,26,0.0,0
8775,18,8,26,0.0,0
8776,18,8,26,0.0,0
8777,18,8,26,0.0,0
8778,18,8,26,0.0,0
8779,18,8,26,0.0,0
8780,18,8,26,0.0,0
8781,18,8,26,0.0,0
8782,18,8,26,0.0,0
8783,18,8,26,0.0,0
8784,18,8,26,0.0,0
8785,18,8,26,0.0,0
8786,18,8,26,0.0,0
8787,18,8,26,0.0,0
8788,18,8,26,0.0,0
8789,18,8,26,0.0,0
8790,18,8,26,0.0,0
8791,18,8,26,0.0,0
8792,18,8,26,0.0,0
8793,18,8,26,0.0,0
8794,18,8,26,0.0,0
8795,18,8,26,0.0,0
8796,18,8,26,0.0,0
8797,18,8,26,0.0,0
8798,18,8,26,0.0,0
8799,18,8,26,0.0,0
8800,18,8,26,0.0,0
8801,18,8,26,0.0,0
8802,18,8,26,0.0,0
8803,18,8,26,0.0,0
8804,18,8,26,0.0,0
8805,18,8,26,0.0,0
8806,18,8,26,0.0,0
8807,18,8,26,0.0,0
8808,18,8,26,0.0,0
8809,18,8,26,0.0,0
8810,18,8,26,0.0,0
8811,18,8,26,0.0,0
8812,18,8,26,0.0,0
8813,18,8,26,0.0,0
8814,18,8,26,0.0,0
8815,18,8,26,0.0,0
8816,18,8,26,0.0,0
8817,18,8,26,0.0,0
8818,18,8,26,0.0,0
8819,18,8,26,0.0,0
8820,18,8,26,0.0,0
8821,18,8,26,0.0,0
8822,18,8,26,0.0,0
8823,18,8,26,0.0,0
8824,18,8,26,0.0,0
8825,18,8,26,0.0,0
8826,18,8,26,0.0,0
8827,18,8,26,0.0,0
8828,18,8,26,0.0,0
8829,18,8,26,0.0,0
8830,18,8,26,0.0,0
8831,18,8,26,0.0,0
8832,18,8,26,0.0,0
8833,18,8,26,0.0,0
8834,18,8,26,0.0,0
8835,18,8,26,0.0,0
8836,18,8,26,0.0,0
8837,18,8,26,0.0,0
8838,18,8,26,0.0,0
8839,18,8,26,0.0,0
8840,18,8,26,0.0,0
8841,18,8,26,0.0,0
8842,18,8,26,0.0,0
8843,18,8,26,0.0,0
8844,18,8,26,0.0,0
8845,18,8,26,0.0,0
8846,18,8,26,0.0,0
8847,18,8,26,0.0,0
8848,18,8,26,0.0,0
8849,18,8,26,0.0,0
8850,18,8,26,0.0,0
8851,18,8,26,0.0,0
8852,18,8,26,0.0,0
8853,18,8,26,0.0,0
8854,18,8,26,0.0,0
8855,18,8,26,0.0,0
8856,18,8,26,0.0,0
8857,18,8,26,0.0,0
8858,18,8,26,0.0,0
8859,18,8,26,0.0,0
8860,18,8,26,0.0,0
8861,18,8,26,0.0,0
8862,18,8,26,0.0,0
8863,18,8,26,0.0,0
8864,18,8,26,0.0,0
8865,18,8,26,0.0,0
8866,18,8,26,0.0,0
8867,18,8,26,0.0,0
8868,18,8,26,0.0,0
8869,18,8,26,0.0,0
8870,18,8,26,0.0,0
8871,18,8,26,0.0,0
8872,18,8,26,0.0,0
8873,18,8,26,0.0,0
8874,18,8,26,0.0,0
8875,18,8,26,0.0,0
8876,18,8,26,0.0,0
8877,18,8,26,0.0,0
8878,18,8,26,0.0,0
8879,18,8,26,0.0,0
8880,18,8,26,0.0,0
8881,18,8,26,0.0,0
8882,18,8,26,0.0,0
8883,18,8,26,0.0,0
8884,18,8,26,0.0,0
8885,18,8,26,0.0,0
8886,18,8,26,0.0,0
8887,18,8,26,0.0,0
8888,18,8,26,0.0,0
8889,18,8,26,0.0,0
8890,18,8,26,0.0,0
8891,18,8,26,0.0,0
8892,18,8,26,0.0,0
8893,18,8,26,0.0,0
8894,18,8,26,0.0,0
8895,18,8,26,0.0,0
8896,18,8,26,0.0,0
8897,18,8,26,0.0,0
8898,18,8,26,0.0,0
8899,18,8,26,0.0,0
8900,18,8,26,0.0,0
8901,18,8,26,0.0,0
8902,18,8,26,0.0,0
8903,18,8,26,0.0,0
8904,18,8,26,0.0,0
8905,18,8,26,0.0,0
8906,18,8,26,0.0,0
8907,18,8,26,0.0,0
8908,18,8,26,0.0,0
8909,18,8,26,0.0,0
8910,18,8,26,0.0,0
8911,18,8,26,0.0,0
8912,18,8,26,0.0,0
8913,18,8,26,0.0,0
8914,18,8,26,0.0,0
8915,18,8,26,0.0,0
8916,18,8,26,0.0,0
8917,18,8,26,0.0,0
8918,18,8,26,0.0,0
8919,18,8,26,0.0,0
8920,18,8,26,0.0,0
8921,18,8,26,0.0,0
8922,18,8,26,0.0,0
8923,18,8,26,0.0,0
8924,18,8,26,0.0,0
8925,18,8,26,0.0,0
8926,18,8,26,0.0,0
8927,18,8,26,0.0,0
8928,18,8,26,0.0,0
8929,18,8,26,0.0,0
8930,18,8,26,0.0,0
8931,18,8,26,0.0,0
8932,18,8,26,0.0,0
8933,18,8,26,0.0,0
8934,18,8,26,0.0,0
8935,18,8,26,0.0,0
8936,18,8,26,0.0,0
8937,18,8,26,0.0,0
8938,18,8,26,0.0,0
8939,18,8,26,0.0,0
8940,18,8,26,0.0,0
8941,18,8,26,0.0,0
8942,18,8,26,0.0,0
8943,18,8,26,0.0,0
8944,18,8,26,0.0,0
8945,18,8,26,0.0,0
8946,18,8,26,0.0,0
8947,18,8,26,0.0,0
8948,18,8,26,0.0,0
8949,18,8,26,0.0,0
8950,18,8,26,0.0,0
8951,18,8,26,0.0,0
8952,18,8,26,0.0,0
8953,18,8,26,0.0,0
8954,18,8,26,0.0,0
8955,18,8,26,0.0,0
8956,18,8,26,0.0,0
8957,18,8,26,0.0,0
8958,18,8,26,0.0,0
8959,18,8,26,0.0,0
8960,18,8,26,0.0,0
8961,18,8,26,0.0,0
8962,18,8,26,0.0,0
8963,18,8,26,0.0,0
8964,18,8,26,0.0,0
8965,18,8,26,0.0,0
8966,18,8,26,0.0,0
8967,18,8,26,0.0,0
8968,18,8,26,0.0,0
8969,18,8,26,0.0,0
8970,18,8,26,0.0,0
8971,18,8,26,0.0,0
8972,18,8,26,0.0,0
8973,18,8,26,0.0,0
8974,18,8,26,0.0,0
8975,18,8,26,0.0,0
8976,18,8,26,0.0,0
8977,18,8,26,0.0,0
8978,18,8,26,0.0,0
8979,18,8,26,0.0,0
8980,18,8,26,0.0,0
8981,18,8,26,0.0,0
8982,18,8,26,0.0,0
8983,18,8,26,0.0,0
8984,18,8,26,0.0,0
8985,18,8,26,0.0,0
8986,18,8,26,0.0,0
8987,18,8,26,0.0,0
8988,18,8,26,0.0,0
8989,18,8,26,0.0,0
8990,18,8,26,0.0,0
8991,18,8,26,0.0,0
8992,18,8,26,0.0,0
8993,18,8,26,0.0,0
8994,18,8,26,0.0,0
8995,18,8,26,0.0,0
8996,18,8,26,0.0,0
8997,18,8,26,0.0,0
8998,18,8,26,0.0,0
8999,18,8,26,0.0,0
9000,18,8,26,0.0,0
9001,18,8,26,0.0,0
9002,18,8,26,0.0,0
9003,18,8,26,0.0,0
9004,18,8,26,0.0,0
9005,18,8,26,0.0,0
9006,18,8,26,0.0,0
9007,18,8,26,0.0,0
9008,18,8,26,0.0,0
9009,18,8,26,0.0,0
9010,18,8,26,0.0,0
9011,18,8,26,0.0,0
9012,18,8,26,0.0,0
9013,18,8,26,0.0,0
9014,18,8,26,0.0,0
9015,18,8,26,0.0,0
9016,18,8,26,0.0,0
9017,18,8,26,0.0,0
9018,18,8,26,0.0,0
9019,18,8,26,0.0,0
9020,18,8,26,0.0,0
9021,18,8,26,0.0,0
9022,18,8,26,0.0,0
9023,18,8,26,0.0,0
9024,18,8,26,0.0,0
9025,18,8,26,0.0,0
9026,18,8,26,0.0,0
9027,18,8,26,0.0,0
9028,18,8,26,0.0,0
9029,18,8,26,0.0,0
9030,18,8,26,0.0,0
9031,18,8,26,0.0,0
9032,18,8,26,0.0,0
9033,18,8,26,0.0,0
9034,18,8,26,0.0,0
9035,18,8,26,0.0,0
9036,18,8,26,0.0,0
9037,18,8,26,0.0,0
9038,18,8,26,0.0,0
9039,18,8,26,0.0,0
9040,18,8,26,0.0,0
9041,18,8,26,0.0,0
9042,18,8,26,0.0,0
9043,18,8,26,0.0,0
9044,18,8,26,0.0,0
9045,18,8,26,0.0,0
9046,18,8,26,0.0,0
9047,18,8,26,0.0,0
9048,18,8,26,0.0,0
9049,18,8,26,0.0,0
9050,18,8,26,0.0,0
9051,18,8,26,0.0,0
9052,18,8,26,0.0,0
9053,18,8,26,0.0,0
9054,18,8,26,0.0,0
9055,18,8,26,0.0,0
9056,18,8,26,0.0,0
9057,18,8,26,0.0,0
9058,18,8,26,0.0,0
9059,18,8,26,0.0,0
9060,18,8,26,0.0,0
9061,18,8,26,0.0,0
9062,18,8,26,0.0,0
9063,18,8,26,0.0,0
9064,18,8,26,0.0,0
9065,18,8,26,0.0,0
9066,18,8,26,0.0,0
9067,18,8,26,0.0,0
9068,18,8,26,0.0,0
9069,18,8,26,0.0,0
9070,18,8,26,0.0,0
9071,18,8,26,0.0,0
9072,18,8,26,0.0,0
9073,18,8,26,0.0,0
9074,18,8,26,0.0,0
9075,18,8,26,0.0,0
9076,18,8,26,0.0,0
9077,18,8,26,0.0,0
9078,18,8,26,0.0,0
9079,18,8,26,0.0,0
9080,18,8,26,0.0,0
9081,18,8,26,0.0,0
9082,18,8,26,0.0,0
9083,18,8,26,0.0,0
9084,18,8,26,0.0,0
9085,18,8,26,0.0,0
9086,18,8,26,0.0,0
9087,18,8,26,0.0,0
9088,18,8,26,0.0,0
9089,18,8,26,0.0,0
9090,18,8,26,0.0,0
9091,18,8,26,0.0,0
9092,18,8,26,0.0,0
9093,18,8,26,0.0,0
9094,18,8,26,0.0,0
9095,18,8,26,0.0,0
9096,18,8,26,0.0,0
9097,18,8,26,0.0,0
9098,18,8,26,0.0,0
9099,18,8,26,0.0,0
9100,18,8,26,0.0,0
9101,18,8,26,0.0,0
9102,18,8,26,0.0,0
9103,18,8,26,0.0,0
9104,18,8,26,0.0,0
9105,18,8,26,0.0,0
9106,18,8,26,0.0,0
9107,18,8,26,0.0,0
9108,18,8,26,0.0,0
9109,18,8,26,0.0,0
9110,18,8,26,0.0,0
9111,18,8,26,0.0,0
9112,18,8,26,0.0,0
9113,18,8,26,0.0,0
9114,18,8,26,0.0,0
9115,18,8,26,0.0,0
9116,18,8,26,0.0,0
9117,18,8,26,0.0,0
9118,18,8,26,0.0,0
9119,18,8,26,0.0,0
9120,18,8,26,0.0,0
9121,18,8,26,0.0,0
9122,18,8,26,0.0,0
9123,18,8,26,0.0,0
9124,18,8,26,0.0,0
9125,18,8,26,0.0,0
9126,18,8,26,0.0,0
9127,18,8,26,0.0,0
9128,18,8,26,0.0,0
9129,18,8,26,0.0,0
9130,18,8,26,0.0,0
9131,18,8,26,0.0,0
9132,18,8,26,0.0,0
9133,18,8,26,0.0,0
9134,18,8,26,0.0,0
9135,18,8,26,0.0,0
9136,18,8,26,0.0,0
9137,18,8,26,0.0,0
9138,18,8,26,0.0,0
9139,18,8,26,0.0,0
9140,18,8,26,0.0,0
9141,18,8,26,0.0,0
9142,18,8,26,0.0,0
9143,18,8,26,0.0,0
9144,18,8,26,0.0,0
9145,18,8,26,0.0,0
9146,18,8,26,0.0,0
9147,18,8,26,0.0,0
9148,18,8,26,0.0,0
9149,18,8,26,0.0,0
9150,18,8,26,0.0,0
9151,18,8,26,0.0,0
9152,18,8,26,0.0,0
9153,18,8,26,0.0,0
9154,18,8,26,0.0,0
9155,18,8,26,0.0,0
9156,18,8,26,0.0,0
9157,18,8,26,0.0,0
9158,18,8,26,0.0,0
9159,18,8,26,0.0,0
9160,18,8,26,0.0,0
9161,18,8,26,0.0,0
9162,18,8,26,0.0,0
9163,18,8,26,0.0,0
9164,18,8,26,0.0,0
9165,18,8,26,0.0,0
9166,18,8,26,0.0,0
9167,18,8,26,0.0,0
9168,18,8,26,0.0,0
9169,18,8,26,0.0,0
9170,18,8,26,0.0,0
9171,18,8,26,0.0,0
9172,18,8,26,0.0,0
9173,18,8,26,0.0,0
9174,18,8,26,0.0,0
9175,18,8,26,0.0,0
9176,18,8,26,0.0,0
9177,18,8,26,0.0,0
9178,18,8,26,0.0,0
9179,18,8,26,0.0,0
9180,18,8,26,0.0,0
9181,18,8,26,0.0,0
9182,18,8,26,0.0,0
9183,18,8,26,0.0,0
9184,18,8,26,0.0,0
9185,18,8,26,0.0,0
9186,18,8,26,0.0,0
9187,18,8,26,0.0,0
9188,18,8,26,0.0,0
9189,18,8,26,0.0,0
9190,18,8,26,0.0,0
9191,18,8,26,0.0,0
9192,18,8,26,0.0,0
9193,18,8,26,0.0,0
9194,18,8,26,0.0,0
9195,18,8,26,0.0,0
9196,18,8,26,0.0,0
9197,18,8,26,0.0,0
9198,18,8,26,0.0,0
9199,18,8,26,0.0,0
9200,18,8,26,0.0,0
9201,18,8,26,0.0,0
9202,18,8,26,0.0,0
9203,18,8,26,0.0,0
9204,18,8,26,0.0,0
9205,18,8,26,0.0,0
9206,18,8,26,0.0,0
9207,18,8,26,0.0,0
9208,18,8,26,0.0,0
9209,18,8,26,0.0,0
9210,18,8,26,0.0,0
9211,18,8,26,0.0,0
9212,18,8,26,0.0,0
9213,18,8,26,0.0,0
9214,18,8,26,0.0,0
9215,18,8,26,0.0,0
9216,18,8,26,0.0,0
9217,18,8,26,0.0,0
9218,18,8,26,0.0,0
9219,18,8,26,0.0,0
9220,18,8,26,0.0,0
9221,18,8,26,0.0,0
9222,18,8,26,0.0,0
9223,18,8,26,0.0,0
9224,18,8,26,0.0,0
9225,18,8,26,0.0,0
9226,18,8,26,0.0,0
9227,18,8,26,0.0,0
9228,18,8,26,0.0,0
9229,18,8,26,0.0,0
9230,18,8,26,0.0,0
9231,18,8,26,0.0,0
9232,18,8,26,0.0,0
9233,18,8,26,0.0,0
9234,18,8,26,0.0,0
9235,18,8,26,0.0,0
9236,18,8,26,0.0,0
9237,18,8,26,0.0,0
9238,18,8,26,0.0,0
9239,18,8,26,0.0,0
9240,18,8,26,0.0,0
9241,18,8,26,0.0,0
9242,18,8,26,0.0,0
9243,18,8,26,0.0,0
9244,18,8,26,0.0,0
9245,18,8,26,0.0,0
9246,18,8,26,0.0,0
9247,18,8,26,0.0,0
9248,18,8,26,0.0,0
9249,18,8,26,0.0,0
9250,18,8,26,0.0,0
9251,18,8,26,0.0,0
9252,18,8,26,0.0,0
9253,18,8,26,0.0,0
9254,18,8,26,0.0,0
9255,18,8,26,0.0,0
9256,18,8,26,0.0,0
9257,18,8,26,0.0,0
9258,18,8,26,0.0,0
9259,18,8,26,0.0,0
9260,18,8,26,0.0,0
9261,18,8,26,0.0,0
9262,18,8,26,0.0,0
9263,18,8,26,0.0,0
9264,18,8,26,0.0,0
9265,18,8,26,0.0,0
9266,18,8,26,0.0,0
9267,18,8,26,0.0,0
9268,18,8,26,0.0,0
9269,18,8,26,0.0,0
9270,18,8,26,0.0,0
9271,18,8,26,0.0,0
9272,18,8,26,0.0,0
9273,18,8,26,0.0,0
9274,18,8,26,0.0,0
9275,18,8,26,0.0,0
9276,18,8,26,0.0,0
9277,18,8,26,0.0,0
9278,18,8,26,0.0,0
9279,18,8,26,0.0,0
9280,18,8,26,0.0,0
9281,18,8,26,0.0,0
9282,18,8,26,0.0,0
9283,18,8,26,0.0,0
9284,18,8,26,0.0,0
9285,18,8,26,0.0,0
9286,18,8,26,0.0,0
9287,18,8,26,0.0,0
9288,18,8,26,0.0,0
9289,18,8,26,0.0,0
9290,18,8,26,0.0,0
9291,18,8,26,0.0,0
9292,18,8,26,0.0,0
9293,18,8,26,0.0,0
9294,18,8,26,0.0,0
9295,18,8,26,0.0,0
9296,18,8,26,0.0,0
9297,18,8,26,0.0,0
9298,18,8,26,0.0,0
9299,18,8,26,0.0,0
9300,18,8,26,0.0,0
9301,18,8,26,0.0,0
9302,18,8,26,0.0,0
9303,18,8,26,0.0,0
9304,18,8,26,0.0,0
9305,18,8,26,0.0,0
9306,18,8,26,0.0,0
9307,18,8,26,0.0,0
9308,18,8,26,0.0,0
9309,18,8,26,0.0,0
9310,18,8,26,0.0,0
9311,18,8,26,0.0,0
9312,18,8,26,0.0,0
9313,18,8,26,0.0,0
9314,18,8,26,0.0,0
9315,18,8,26,0.0,0
9316,18,8,26,0.0,0
9317,18,8,26,0.0,0
9318,18,8,26,0.0,0
9319,18,8,26,0.0,0
9320,18,8,26,0.0,0
9321,18,8,26,0.0,0
9322,18,8,26,0.0,0
9323,18,8,26,0.0,0
9324,18,8,26,0.0,0
9325,18,8,26,0.0,0
9326,18,8,26,0.0,0
9327,18,8,26,0.0,0
9328,18,8,26,0.0,0
9329,18,8,26,0.0,0
9330,18,8,26,0.0,0
9331,18,9,27,0.0,0
9332,18,9,27,0.0,0
9333,18,9,27,0.0,0
9334,18,9,27,0.0,0
9335,18,9,27,0.0,0
9336,18,9,27,0.0,0
9337,18,9,27,0.0,0
9338,18,9,27,0.0,0
9339,18,9,27,0.0,0
9340,18,9,27,0.0,0
9341,18,9,27,0.0,0
9342,18,9,27,0.0,0
9343,18,9,27,0.0,0
9344,18,9,27,0.0,0
9345,18,9,27,0.0,0
9346,18,9,27,0.0,0
9347,18,9,27,0.0,0
9348,18,9,27,0.0,0
9349,18,9,27,0.0,0
9350,18,9,27,0.0,0
9351,18,9,27,0.0,0
9352,18,9,27,0.0,0
9353,18,9,27,0.0,0
9354,18,9,27,0.0,0
9355,18,9,27,0.0,0
9356,18,9,27,0.0,0
9357,18,9,27,0.0,0
9358,18,9,27,0.0,0
9359,18,9,27,0.0,0
9360,18,9,27,0.0,0
9361,18,9,27,0.0,0
9362,18,9,27,0.0,0
9363,18,9,27,0.0,0
9364,18,9,27,0.0,0
9365,18,9,27,0.0,0
9366,18,9,27,0.0,0
9367,18,9,27,0.0,0
9368,18,9,27,0.0,0
9369,18,9,27,0.0,0
9370,18,9,27,0.0,0
9371,18,9,27,0.0,0
9372,18,9,27,0.0,0
9373,18,9,27,0.0,0
9374,18,9,27,0.0,0
9375,18,9,27,0.0,0
9376,18,9,27,0.0,0
9377,18,9,27,0.0,0
9378,18,9,27,0.0,0
9379,18,9,27,0.0,0
9380,18,9,27,0.0,0
9381,18,9,27,0.0,0
9382,18,9,27,0.0,0
9383,18,9,27,0.0,0
9384,18,9,27,0.0,0
9385,18,9,27,0.0,0
9386,18,9,27,0.0,0
9387,18,9,27,0.0,0
9388,18,9,27,0.0,0
9389,18,9,27,0.0,0
9390,18,9,27,0.0,0
9391,18,9,27,0.0,0
9392,18,9,27,0.0,0
9393,18,9,27,0.0,0
9394,18,9,27,0.0,0
9395,18,9,27,0.0,0
9396,18,9,27,0.0,0
9397,18,9,27,0.0,0
9398,18,9,27,0.0,0
9399,18,9,27,0.0,0
9400,18,9,27,0.0,0
9401,18,9,27,0.0,0
9402,18,9,27,0.0,0
9403,18,9,27,0.0,0
9404,18,9,27,0.0,0
9405,18,9,27,0.0,0
9406,18,9,27,0.0,0
9407,18,9,27,0.0,0
9408,18,9,27,0.0,0
9409,18,9,27,0.0,0
9410,18,9,27,0.0,0
9411,18,9,27,0.0,0
9412,18,9,27,0.0,0
9413,18,9,27,0.0,0
9414,18,9,27,0.0,0
9415,18,9,27,0.0,0
9416,18,9,27,0.0,0
9417,18,9,27,0.0,0
9418,18,9,27,0.0,0
9419,18,9,27,0.0,0
9420,18,9,27,0.0,0
9421,18,9,27,0.0,0
9422,18,9,27,0.0,0
9423,18,9,27,0.0,0
9424,18,9,27,0.0,0
9425,18,9,27,0.0,0
9426,18,9,27,0.0,0
9427,18,9,27,0.0,0
9428,18,9,27,0.0,0
9429,18,9,27,0.0,0
9430,18,9,27,0.0,0
9431,18,9,27,0.0,0
9432,18,9,27,0.0,0
9433,18,9,27,0.0,0
9434,18,9,27,0.0,0
9435,18,9,27,0.0,0
9436,18,9,27,0.0,0
9437,18,9,27,0.0,0
9438,18,9,27,0.0,0
9439,18,9,27,0.0,0
9440,18,9,27,0.0,0
9441,18,9,27,0.0,0
9442,18,9,27,0.0,0
9443,18,9,27,0.0,0
9444,18,9,27,0.0,0
9445,18,9,27,0.0,0
9446,18,9,27,0.0,0
9447,18,9,27,0.0,0
9448,18,9,27,0.0,0
9449,18,9,27,0.0,0
9450,18,9,27,0.0,0
9451,18,9,27,0.0,0
9452,18,9,27,0.0,0
9453,18,9,27,0.0,0
9454,18,9,27,0.0,0
9455,18,9,27,0.0,0
9456,18,9,27,0.0,0
9457,18,9,27,0.0,0
9458,18,9,27,0.0,0
9459,18,9,27,0.0,0
9460,18,9,27,0.0,0
9461,18,9,27,0.0,0
9462,18,9,27,0.0,0
9463,18,9,27,0.0,0
9464,18,9,27,0.0,0
9465,18,9,27,0.0,0
9466,18,9,27,0.0,0
9467,18,9,27,0.0,0
9468,18,9,27,0.0,0
9469,18,9,27,0.0,0
9470,18,9,27,0.0,0
9471,18,9,27,0.0,0
9472,18,9,27,0.0,0
9473,18,9,27,0.0,0
9474,18,9,27,0.0,0
9475,18,9,27,0.0,0
9476,18,9,27,0.0,0
9477,18,9,27,0.0,0
9478,18,9,27,0.0,0
9479,18,9,27,0.0,0
9480,18,9,27,0.0,0
9481,18,9,27,0.0,0
9482,18,9,27,0.0,0
9483,18,9,27,0.0,0
9484,18,9,27,0.0,0
9485,18,9,27,0.0,0
9486,18,9,27,0.0,0
9487,18,9,27,0.0,0
9488,18,9,27,0.0,0
9489,18,9,27,0.0,0
9490,18,9,27,0.0,0
9491,18,9,27,0.0,0
9492,18,9,27,0.0,0
9493,18,9,27,0.0,0
9494,18,9,27,0.0,0
9495,18,9,27,0.0,0
9496,18,9,27,0.0,0
9497,18,9,27,0.0,0
9498,18,9,27,0.0,0
9499,18,9,27,0.0,0
9500,18,9,27,0.0,0
9501,18,9,27,0.0,0
9502,18,9,27,0.0,0
9503,18,9,27,0.0,0
9504,18,9,27,0.0,0
9505,18,9,27,0.0,0
9506,18,9,27,0.0,0
9507,18,9,27,0.0,0
9508,18,9,27,0.0,0
9509,18,9,27,0.0,0
9510,18,9,27,0.0,0
9511,18,9,27,0.0,0
9512,18,9,27,0.0,0
9513,18,9,27,0.0,0
9514,18,9,27,0.0,0
9515,18,9,27,0.0,0
9516,18,9,27,0.0,0
9517,18,9,27,0.0,0
9518,18,9,27,0.0,0
9519,18,9,27,0.0,0
9520,18,9,27,0.0,0
9521,18,9,27,0.0,0
9522,18,9,27,0.0,0
9523,18,9,27,0.0,0
9524,18,9,27,0.0,0
9525,18,9,27,0.0,0
9526,18,9,27,0.0,0
9527,18,9,27,0.0,0
9528,18,9,27,0.0,0
9529,18,9,27,0.0,0
9530,18,9,27,0.0,0
9531,18,9,27,0.0,0
9532,18,9,27,0.0,0
9533,18,9,27,0.0,0
9534,18,9,27,0.0,0
9535,18,9,27,0.0,0
9536,18,9,27,0.0,0
9537,18,9,27,0.0,0
9538,18,9,27,0.0,0
9539,18,9,27,0.0,0
9540,18,9,27,0.0,0
9541,18,9,27,0.0,0
9542,18,9,27,0.0,0
9543,18,9,27,0.0,0
9544,18,9,27,0.0,0
9545,18,9,27,0.0,0
9546,18,9,27,0.0,0
9547,18,9,27,0.0,0
9548,18,9,27,0.0,0
9549,18,9,27,0.0,0
9550,18,9,27,0.0,0
9551,18,9,27,0.0,0
9552,18,9,27,0.0,0
9553,18,9,27,0.0,0
9554,18,9,27,0.0,0
9555,18,9,27,0.0,0
9556,18,9,27,0.0,0
9557,18,9,27,0.0,0
9558,18,9,27,0.0,0
9559,18,9,27,0.0,0
9560,18,9,27,0.0,0
9561,18,9,27,0.0,0
9562,18,9,27,0.0,0
9563,18,9,27,0.0,0
9564,18,9,27,0.0,0
9565,18,9,27,0.0,0
9566,18,9,27,0.0,0
9567,18,9,27,0.0,0
9568,18,9,27,0.0,0
9569,18,9,27,0.0,0
9570,18,9,27,0.0,0
9571,18,9,27,0.0,0
9572,18,9,27,0.0,0
9573,18,9,27,0.0,0
9574,18,9,27,0.0,0
9575,18,9,27,0.0,0
9576,18,9,27,0.0,0
9577,18,9,27,0.0,0
9578,18,9,27,0.0,0
9579,18,9,27,0.0,0
9580,18,9,27,0.0,0
9581,18,9,27,0.0,0
9582,18,9,27,0.0,0
9583,18,9,27,0.0,0
9584,18,9,27,0.0,0
9585,18,9,27,0.0,0
9586,18,9,27,0.0,0
9587,18,9,27,0.0,0
9588,18,9,27,0.0,0
9589,18,9,27,0.0,0
9590,18,9,27,0.0,0
9591,18,9,27,0.0,0
9592,18,9,27,0.0,0
9593,18,9,27,0.0,0
9594,18,9,27,0.0,0
9595,18,9,27,0.0,0
9596,18,9,27,0.0,0
9597,18,9,27,0.0,0
9598,18,9,27,0.0,0
9599,18,9,27,0.0,0
9600,18,9,27,0.0,0
9601,18,9,27,0.0,0
9602,18,9,27,0.0,0
9603,18,9,27,0.0,0
9604,18,9,27,0.0,0
9605,18,9,27,0.0,0
9606,18,9,27,0.0,0
9607,18,9,27,0.0,0
9608,18,9,27,0.0,0
9609,18,9,27,0.0,0
9610,18,9,27,0.0,0
9611,18,9,27,0.0,0
9612,18,9,27,0.0,0
9613,18,9,27,0.0,0
9614,18,9,27,0.0,0
9615,18,9,27,0.0,0
9616,18,9,27,0.0,0
9617,18,9,27,0.0,0
9618,18,9,27,0.0,0
9619,18,9,27,0.0,0
9620,18,9,27,0.0,0
9621,18,9,27,0.0,0
9622,18,9,27,0.0,0
9623,18,9,27,0.0,0
9624,18,9,27,0.0,0
9625,18,9,27,0.0,0
9626,18,9,27,0.0,0
9627,18,9,27,0.0,0
9628,18,9,27,0.0,0
9629,18,9,27,0.0,0
9630,18,9,27,0.0,0
9631,18,9,27,0.0,0
9632,18,9,27,0.0,0
9633,18,9,27,0.0,0
9634,18,9,27,0.0,0
9635,18,9,27,0.0,0
9636,18,9,27,0.0,0
9637,18,9,27,0.0,0
9638,18,9,27,0.0,0
9639,18,9,27,0.0,0
9640,18,9,27,0.0,0
9641,18,9,27,0.0,0
9642,18,9,27,0.0,0
9643,18,9,27,0.0,0
9644,18,9,27,0.0,0
9645,18,9,27,0.0,0
9646,18,9,27,0.0,0
9647,18,9,27,0.0,0
9648,18,9,27,0.0,0
9649,18,9,27,0.0,0
9650,18,9,27,0.0,0
9651,18,9,27,0.0,0
9652,18,9,27,0.0,0
9653,18,9,27,0.0,0
9654,18,9,27,0.0,0
9655,18,9,27,0.0,0
9656,18,9,27,0.0,0
9657,18,9,27,0.0,0
9658,18,9,27,0.0,0
9659,18,9,27,0.0,0
9660,18,9,27,0.0,0
9661,18,9,27,0.0,0
9662,18,9,27,0.0,0
9663,18,9,27,0.0,0
9664,18,9,27,0.0,0
9665,18,9,27,0.0,0
9666,18,9,27,0.0,0
9667,18,9,27,0.0,0
9668,18,9,27,0.0,0
9669,18,9,27,0.0,0
9670,18,9,27,0.0,0
9671,18,9,27,0.0,0
9672,18,9,27,0.0,0
9673,18,9,27,0.0,0
9674,18,9,27,0.0,0
9675,18,9,27,0.0,0
9676,18,9,27,0.0,0
9677,18,9,27,0.0,0
9678,18,9,27,0.0,0
9679,18,9,27,0.0,0
9680,18,9,27,0.0,0
9681,18,9,27,0.0,0
9682,18,9,27,0.0,0
9683,18,9,27,0.0,0
9684,18,9,27,0.0,0
9685,18,9,27,0.0,0
9686,18,9,27,0.0,0
9687,18,9,27,0.0,0
9688,18,9,27,0.0,0
9689,18,9,27,0.0,0
9690,18,9,27,0.0,0
9691,18,9,27,0.0,0
9692,18,9,27,0.0,0
9693,18,9,27,0.0,0
9694,18,9,27,0.0,0
9695,18,9,27,0.0,0
9696,18,9,27,0.0,0
9697,18,9,27,0.0,0
9698,18,9,27,0.0,0
9699,18,9,27,0.0,0
9700,18,9,27,0.0,0
9701,18,9,27,0.0,0
9702,18,9,27,0.0,0
9703,18,9,27,0.0,0
9704,18,9,27,0.0,0
9705,18,9,27,0.0,0
9706,18,9,27,0.0,0
9707,18,9,27,0.0,0
9708,18,9,27,0.0,0
9709,18,9,27,0.0,0
9710,18,9,27,0.0,0
9711,18,9,27,0.0,0
9712,18,9,27,0.0,0
9713,18,9,27,0.0,0
9714,18,9,27,0.0,0
9715,18,9,27,0.0,0
9716,18,9,27,0.0,0
9717,18,9,27,0.0,0
9718,18,9,27,0.0,0
9719,18,9,27,0.0,0
9720,18,9,27,0.0,0
9721,18,9,27,0.0,0
9722,18,9,27,0.0,0
9723,18,9,27,0.0,0
9724,18,9,27,0.0,0
9725,18,9,27,0.0,0
9726,18,9,27,0.0,0
9727,18,9,27,0.0,0
9728,18,9,27,0.0,0
9729,18,9,27,0.0,0
9730,18,9,27,0.0,0
9731,18,9,27,0.0,0
9732,18,9,27,0.0,0
9733,18,9,27,0.0,0
9734,18,9,27,0.0,0
9735,18,9,27,0.0,0
9736,18,9,27,0.0,0
9737,18,9,27,0.0,0
9738,18,9,27,0.0,0
9739,18,9,27,0.0,0
9740,18,9,27,0.0,0
9741,18,9,27,0.0,0
9742,18,9,27,0.0,0
9743,18,9,27,0.0,0
9744,18,9,27,0.0,0
9745,18,9,27,0.0,0
9746,18,9,27,0.0,0
9747,18,9,27,0.0,0
9748,18,9,27,0.0,0
9749,18,9,27,0.0,0
9750,18,9,27,0.0,0
9751,18,9,27,0.0,0
9752,18,9,27,0.0,0
9753,18,9,27,0.0,0
9754,18,9,27,0.0,0
9755,18,9,27,0.0,0
9756,18,9,27,0.0,0
9757,18,9,27,0.0,0
9758,18,9,27,0.0,0
9759,18,9,27,0.0,0
9760,18,9,27,0.0,0
9761,18,9,27,0.0,0
9762,18,9,27,0.0,0
9763,18,9,27,0.0,0
9764,18,9,27,0.0,0
9765,18,9,27,0.0,0
9766,18,9,27,0.0,0
9767,18,9,27,0.0,0
9768,18,9,27,0.0,0
9769,18,9,27,0.0,0
9770,18,9,27,0.0,0
9771,18,9,27,0.0,0
9772,18,9,27,0.0,0
9773,18,9,27,0.0,0
9774,18,9,27,0.0,0
9775,18,9,27,0.0,0
9776,18,9,27,0.0,0
9777,18,9,27,0.0,0
9778,18,9,27,0.0,0
9779,18,9,27,0.0,0
9780,18,9,27,0.0,0
9781,18,9,27,0.0,0
9782,18,9,27,0.0,0
9783,18,9,27,0.0,0
9784,18,9,27,0.0,0
9785,18,9,27,0.0,0
9786,18,9,27,0.0,0
9787,18,9,27,0.0,0
9788,18,9,27,0.0,0
9789,18,9,27,0.0,0
9790,18,9,27,0.0,0
9791,18,9,27,0.0,0
9792,18,9,27,0.0,0
9793,18,9,27,0.0,0
9794,18,9,27,0.0,0
9795,18,9,27,0.0,0
9796,18,9,27,0.0,0
9797,18,9,27,0.0,0
9798,18,9,27,0.0,0
9799,18,9,27,0.0,0
9800,18,9,27,0.0,0
9801,18,9,27,0.0,0
9802,18,9,27,0.0,0
9803,18,9,27,0.0,0
9804,18,9,27,0.0,0
9805,18,9,27,0.0,0
9806,18,9,27,0.0,0
9807,18,9,27,0.0,0
9808,18,9,27,0.0,0
9809,18,9,27,0.0,0
9810,18,9,27,0.0,0
9811,18,9,27,0.0,0
9812,18,9,27,0.0,0
9813,18,9,27,0.0,0
9814,18,9,27,0.0,0
9815,18,9,27,0.0,0
9816,18,9,27,0.0,0
9817,18,9,27,0.0,0
9818,18,9,27,0.0,0
9819,18,9,27,0.0,0
9820,18,9,27,0.0,0
9821,18,9,27,0.0,0
9822,18,9,27,0.0,0
9823,18,9,27,0.0,0
9824,18,9,27,0.0,0
9825,18,9,27,0.0,0
9826,18,9,27,0.0,0
9827,18,9,27,0.0,0
9828,18,9,27,0.0,0
9829,18,9,27,0.0,0
9830,18,9,27,0.0,0
9831,18,9,27,0.0,0
9832,18,9,27,0.0,0
9833,18,9,27,0.0,0
9834,18,9,27,0.0,0
9835,18,9,27,0.0,0
9836,18,9,27,0.0,0
9837,18,9,27,0.0,0
9838,18,9,27,0.0,0
9839,18,9,27,0.0,0
9840,18,9,27,0.0,0
9841,18,9,27,0.0,0
9842,18,9,27,0.0,0
9843,18,9,27,0.0,0
9844,18,9,27,0.0,0
9845,18,10,28,0.0,0
9846,18,10,28,0.0,0
9847,18,10,28,0.0,0
9848,18,10,28,0.0,0
9849,18,10,28,0.0,0
9850,18,10,28,0.0,0
9851,18,10,28,0.0,0
9852,18,10,28,0.0,0
9853,18,10,28,0.0,0
9854,18,10,28,0.0,0
9855,18,10,28,0.0,0
9856,18,10,28,0.0,0
9857,18,10,28,0.0,0
9858,18,10,28,0.0,0
9859,18,10,28,0.0,0
9860,18,10,28,0.0,0
9861,18,10,28,0.0,0
9862,18,10,28,0.0,0
9863,18,10,28,0.0,0
9864,18,10,28,0.0,0
9865,18,10,28,0.0,0
9866,18,10,28,0.0,0
9867,18,10,28,0.0,0
9868,18,10,28,0.0,0
9869,18,10,28,0.0,0
9870,18,10,28,0.0,0
9871,18,10,28,0.0,0
9872,18,10,28,0.0,0
9873,18,10,28,0.0,0
9874,18,10,28,0.0,0
9875,18,10,28,0.0,0
9876,18,10,28,0.0,0
9877,18,10,28,0.0,0
9878,18,10,28,0.0,0
9879,18,10,28,0.0,0
9880,18,10,28,0.0,0
9881,18,10,28,0.0,0
9882,18,10,28,0.0,0
9883,18,10,28,0.0,0
9884,18,10,28,0.0,0
9885,18,10,28,0.0,0
9886,18,10,28,0.0,0
9887,18,10,28,0.0,0
9888,18,10,28,0.0,0
9889,18,10,28,0.0,0
9890,18,10,28,0.0,0
9891,18,10,28,0.0,0
9892,18,10,28,0.0,0
9893,18,10,28,0.0,0
9894,18,10,28,0.0,0
9895,18,10,28,0.0,0
9896,18,10,28,0.0,0
9897,18,10,28,0.0,0
9898,18,10,28,0.0,0
9899,18,10,28,0.0,0
9900,18,10,28,0.0,0
9901,18,10,28,0.0,0
9902,18,10,28,0.0,0
9903,18,10,28,0.0,0
9904,18,10,28,0.0,0
9905,18,10,28,0.0,0
9906,18,10,28,0.0,0
9907,18,10,28,0.0,0
9908,18,10,28,0.0,0
9909,18,10,28,0.0,0
9910,18,10,28,0.0,0
9911,18,10,28,0.0,0
9912,18,10,28,0.0,0
9913,18,10,28,0.0,0
9914,18,10,28,0.0,0
9915,18,10,28,0.0,0
9916,18,10,28,0.0,0
9917,18,10,28,0.0,0
9918,18,10,28,0.0,0
9919,18,10,28,0.0,0
9920,18,10,28,0.0,0
9921,18,10,28,0.0,0
9922,18,10,28,0.0,0
9923,18,10,28,0.0,0
9924,18,10,28,0.0,0
9925,18,10,28,0.0,0
9926,18,10,28,0.0,0
9927,18,10,28,0.0,0
9928,18,10,28,0.0,0
9929,18,10,28,0.0,0
9930,18,10,28,0.0,0
9931,18,10,28,0.0,0
9932,18,10,28,0.0,0
9933,18,10,28,0.0,0
9934,18,10,28,0.0,0
9935,18,10,28,0.0,0
9936,18,10,28,0.0,0
9937,18,10,28,0.0,0
9938,18,10,28,0.0,0
9939,18,10,28,0.0,0
9940,18,10,28,0.0,0
9941,18,10,28,0.0,0
9942,18,10,28,0.0,0
9943,18,10,28,0.0,0
9944,18,10,28,0.0,0
9945,18,10,28,0.0,0
9946,18,10,28,0.0,0
9947,18,10,28,0.0,0
9948,18,10,28,0.0,0
9949,18,10,28,0.0,0
9950,18,10,28,0.0,0
9951,18,10,28,0.0,0
9952,18,10,28,0.0,0
9953,18,10,28,0.0,0
9954,18,10,28,0.0,0
9955,18,10,28,0.0,0
9956,18,10,28,0.0,0
9957,18,10,28,0.0,0
9958,18,10,28,0.0,0
9959,18,10,28,0.0,0
9960,18,10,28,0.0,0
9961,18,10,28,0.0,0
9962,18,10,28,0.0,0
9963,18,10,28,0.0,0
9964,18,10,28,0.0,0
9965,18,10,28,0.0,0
9966,18,10,28,0.0,0
9967,18,10,28,0.0,0
9968,18,10,28,0.0,0
9969,18,10,28,0.0,0
9970,18,10,28,0.0,0
9971,18,10,28,0.0,0
9972,18,10,28,0.0,0
9973,18,10,28,0.0,0
9974,18,10,28,0.0,0
9975,18,10,28,0.0,0
9976,18,10,28,0.0,0
9977,18,10,28,0.0,0
9978,18,10,28,0.0,0
9979,18,10,28,0.0,0
9980,18,10,28,0.0,0
9981,18,10,28,0.0,0
9982,18,10,28,0.0,0
9983,18,10,28,0.0,0
9984,18,10,28,0.0,0
9985,18,10,28,0.0,0
9986,18,10,28,0.0,0
9987,18,10,28,0.0,0
9988,18,10,28,0.0,0
9989,18,10,28,0.0,0
9990,18,10,28,0.0,0
9991,18,10,28,0.0,0
9992,18,10,28,0.0,0
9993,18,10,28,0.0,0
9994,18,10,28,0.0,0
9995,18,10,28,0.0,0
9996,18,10,28,0.0,0
9997,18,10,28,0.0,0
9998,18,10,28,0.0,0
9999,18,10,28,0.0,0
10000,18,10,28,0.0,0
10001,18,10,28,0.0,0
10002,18,10,28,0.0,0
10003,18,10,28,0.0,0
10004,18,10,28,0.0,0
10005,18,10,28,0.0,0
10006,18,10,28,0.0,0
10007,18,10,28,0.0,0
10008,18,10,28,0.0,0
10009,18,10,28,0.0,0
10010,18,10,28,0.0,0
10011,18,10,28,0.0,0
10012,18,10,28,0.0,0
10013,18,10,28,0.0,0
10014,18,10,28,0.0,0
10015,18,10,28,0.0,0
10016,18,10,28,0.0,0
10017,18,10,28,0.0,0
10018,18,10,28,0.0,0
10019,18,10,28,0.0,0
10020,18,10,28,0.0,0
10021,18,10,28,0.0,0
10022,18,10,28,0.0,0
10023,18,10,28,0.0,0
10024,18,10,28,0.0,0
10025,18,10,28,0.0,0
10026,18,10,28,0.0,0
10027,18,10,28,0.0,0
10028,18,10,28,0.0,0
10029,18,10,28,0.0,0
10030,18,10,28,0.0,0
10031,18,10,28,0.0,0
10032,18,10,28,0.0,0
10033,18,10,28,0.0,0
10034,18,10,28,0.0,0
10035,18,10,28,0.0,0
10036,18,10,28,0.0,0
10037,18,10,28,0.0,0
10038,18,10,28,0.0,0
10039,18,10,28,0.0,0
10040,18,10,28,0.0,0
10041,18,10,28,0.0,0
10042,18,10,28,0.0,0
10043,18,10,28,0.0,0
10044,18,10,28,0.0,0
10045,18,10,28,0.0,0
10046,18,10,28,0.0,0
10047,18,10,28,0.0,0
10048,18,10,28,0.0,0
10049,18,10,28,0.0,0
10050,18,10,28,0.0,0
10051,18,10,28,0.0,0
10052,18,10,28,0.0,0
10053,18,10,28,0.0,0
10054,18,10,28,0.0,0
10055,18,10,28,0.0,0
10056,18,10,28,0.0,0
10057,18,10,28,0.0,0
10058,18,10,28,0.0,0
10059,18,10,28,0.0,0
10060,18,10,28,0.0,0
10061,18,10,28,0.0,0
10062,18,10,28,0.0,0
10063,18,10,28,0.0,0
10064,18,10,28,0.0,0
10065,18,10,28,0.0,0
10066,18,10,28,0.0,0
10067,18,10,28,0.0,0
10068,18,10,28,0.0,0
10069,18,10,28,0.0,0
10070,18,10,28,0.0,0
10071,18,10,28,0.0,0
10072,18,10,28,0.0,0
10073,18,10,28,0.0,0
10074,18,10,28,0.0,0
10075,18,10,28,0.0,0
10076,18,10,28,0.0,0
10077,18,10,28,0.0,0
10078,18,10,28,0.0,0
10079,18,10,28,0.0,0
10080,18,10,28,0.0,0
10081,18,10,28,0.0,0
10082,18,10,28,0.0,0
10083,18,10,28,0.0,0
10084,18,10,28,0.0,0
10085,18,10,28,0.0,0
10086,18,10,28,0.0,0
10087,18,10,28,0.0,0
10088,18,10,28,0.0,0
10089,18,10,28,0.0,0
10090,18,10,28,0.0,0
10091,18,10,28,0.0,0
10092,18,10,28,0.0,0
10093,18,10,28,0.0,0
10094,18,10,28,0.0,0
10095,18,10,28,0.0,0
10096,18,10,28,0.0,0
10097,18,10,28,0.0,0
10098,18,10,28,0.0,0
10099,18,10,28,0.0,0
10100,18,10,28,0.0,0
10101,18,10,28,0.0,0
10102,18,10,28,0.0,0
10103,18,10,28,0.0,0
10104,18,10,28,0.0,0
10105,18,10,28,0.0,0
10106,18,10,28,0.0,0
10107,18,10,28,0.0,0
10108,18,10,28,0.0,0
10109,18,10,28,0.0,0
10110,18,10,28,0.0,0
10111,18,10,28,0.0,0
10112,18,10,28,0.0,0
10113,18,10,28,0.0,0
10114,18,10,28,0.0,0
10115,18,10,28,0.0,0
10116,18,10,28,0.0,0
10117,18,10,28,0.0,0
10118,18,10,28,0.0,0
10119,18,10,28,0.0,0
10120,18,10,28,0.0,0
10121,18,10,28,0.0,0
10122,18,10,28,0.0,0
10123,18,10,28,0.0,0
10124,18,10,28,0.0,0
10125,18,10,28,0.0,0
10126,18,10,28,0.0,0
10127,18,10,28,0.0,0
10128,18,10,28,0.0,0
10129,18,10,28,0.0,0
10130,18,10,28,0.0,0
10131,18,10,28,0.0,0
10132,18,10,28,0.0,0
10133,18,10,28,0.0,0
10134,18,10,28,0.0,0
10135,18,10,28,0.0,0
10136,18,10,28,0.0,0
10137,18,10,28,0.0,0
10138,18,10,28,0.0,0
10139,18,10,28,0.0,0
10140,18,10,28,0.0,0
10141,18,10,28,0.0,0
10142,18,10,28,0.0,0
10143,18,10,28,0.0,0
10144,18,10,28,0.0,0
10145,18,10,28,0.0,0
10146,18,10,28,0.0,0
10147,18,10,28,0.0,0
10148,18,10,28,0.0,0
10149,18,10,28,0.0,0
10150,18,10,28,0.0,0
10151,18,10,28,0.0,0
10152,18,10,28,0.0,0
10153,18,10,28,0.0,0
10154,18,10,28,0.0,0
10155,18,10,28,0.0,0
10156,18,10,28,0.0,0
10157,18,10,28,0.0,0
10158,18,10,28,0.0,0
10159,18,10,28,0.0,0
10160,18,10,28,0.0,0
10161,18,10,28,0.0,0
10162,18,10,28,0.0,0
10163,18,10,28,0.0,0
10164,18,10,28,0.0,0
10165,18,10,28,0.0,0
10166,18,10,28,0.0,0
10167,18,10,28,0.0,0
10168,18,10,28,0.0,0
10169,18,10,28,0.0,0
10170,18,10,28,0.0,0
10171,18,10,28,0.0,0
10172,18,10,28,0.0,0
10173,18,10,28,0.0,0
10174,18,10,28,0.0,0
10175,18,10,28,0.0,0
10176,18,10,28,0.0,0
10177,18,10,28,0.0,0
10178,18,10,28,0.0,0
10179,18,10,28,0.0,0
10180,18,10,28,0.0,0
10181,18,10,28,0.0,0
10182,18,10,28,0.0,0
10183,18,10,28,0.0,0
10184,18,10,28,0.0,0
10185,18,10,28,0.0,0
10186,18,10,28,0.0,0
10187,18,10,28,0.0,0
10188,18,10,28,0.0,0
10189,18,10,28,0.0,0
10190,18,10,28,0.0,0
10191,18,10,28,0.0,0
10192,18,10,28,0.0,0
10193,18,10,28,0.0,0
10194,18,10,28,0.0,0
10195,18,10,28,0.0,0
10196,18,10,28,0.0,0
10197,18,10,28,0.0,0
10198,18,10,28,0.0,0
10199,18,10,28,0.0,0
10200,18,10,28,0.0,0
10201,18,10,28,0.0,0
10202,18,10,28,0.0,0
10203,18,10,28,0.0,0
10204,18,10,28,0.0,0
10205,18,10,28,0.0,0
10206,18,10,28,0.0,0
10207,18,10,28,0.0,0
10208,18,10,28,0.0,0
10209,18,10,28,0.0,0
10210,18,10,28,0.0,0
10211,18,10,28,0.0,0
10212,18,10,28,0.0,0
10213,18,10,28,0.0,0
10214,18,10,28,0.0,0
10215,18,10,28,0.0,0
10216,18,10,28,0.0,0
10217,18,10,28,0.0,0
10218,18,10,28,0.0,0
10219,18,10,28,0.0,0
10220,18,10,28,0.0,0
10221,18,10,28,0.0,0
10222,18,10,28,0.0,0
10223,18,10,28,0.0,0
10224,18,10,28,0.0,0
10225,18,10,28,0.0,0
10226,18,10,28,0.0,0
10227,18,10,28,0.0,0
10228,18,10,28,0.0,0
10229,18,10,28,0.0,0
10230,18,10,28,0.0,0
10231,18,10,28,0.0,0
10232,18,10,28,0.0,0
10233,18,10,28,0.0,0
10234,18,10,28,0.0,0
10235,18,10,28,0.0,0
10236,18,10,28,0.0,0
10237,18,10,28,0.0,0
10238,18,10,28,0.0,0
10239,18,10,28,0.0,0
10240,18,10,28,0.0,0
10241,18,10,28,0.0,0
10242,18,10,28,0.0,0
10243,18,10,28,0.0,0
10244,18,10,28,0.0,0
10245,18,10,28,0.0,0
10246,18,10,28,0.0,0
10247,18,10,28,0.0,0
10248,18,10,28,0.0,0
10249,18,10,28,0.0,0
10250,18,10,28,0.0,0
10251,18,10,28,0.0,0
10252,18,10,28,0.0,0
10253,18,10,28,0.0,0
10254,18,10,28,0.0,0
10255,18,10,28,0.0,0
10256,18,10,28,0.0,0
10257,18,10,28,0.0,0
10258,18,10,28,0.0,0
10259,18,10,28,0.0,0
10260,18,10,28,0.0,0
10261,18,10,28,0.0,0
10262,18,10,28,0.0,0
10263,18,10,28,0.0,0
10264,18,10,28,0.0,0
10265,18,10,28,0.0,0
10266,18,10,28,0.0,0
10267,18,10,28,0.0,0
10268,18,10,28,0.0,0
10269,18,10,28,0.0,0
10270,18,10,28,0.0,0
10271,18,10,28,0.0,0
10272,18,10,28,0.0,0
10273,18,10,28,0.0,0
10274,18,10,28,0.0,0
10275,18,10,28,0.0,0
10276,18,10,28,0.0,0
10277,18,10,28,0.0,0
10278,18,10,28,0.0,0
10279,18,10,28,0.0,0
10280,18,10,28,0.0,0
10281,18,10,28,0.0,0
10282,18,10,28,0.0,0
10283,18,10,28,0.0,0
10284,18,10,28,0.0,0
10285,18,10,28,0.0,0
10286,18,10,28,0.0,0
10287,18,10,28,0.0,0
10288,18,10,28,0.0,0
10289,18,10,28,0.0,0
10290,18,10,28,0.0,0
10291,18,10,28,0.0,0
10292,18,10,28,0.0,0
10293,18,10,28,0.0,0
10294,18,10,28,0.0,0
10295,18,10,28,0.0,0
10296,18,10,28,0.0,0
10297,18,10,28,0.0,0
10298,18,10,28,0.0,0
10299,18,10,28,0.0,0
10300,18,10,28,0.0,0
10301,18,10,28,0.0,0
10302,18,10,28,0.0,0
10303,18,10,28,0.0,0
10304,18,10,28,0.0,0
10305,18,10,28,0.0,0
10306,18,10,28,0.0,0
10307,18,10,28,0.0,0
10308,18,10,28,0.0,0
10309,18,10,28,0.0,0
10310,18,10,28,0.0,0
10311,18,10,28,0.0,0
10312,18,10,28,0.0,0
10313,18,10,28,0.0,0
10314,18,10,28,0.0,0
10315,18,10,28,0.0,0
10316,18,10,28,0.0,0
10317,18,10,28,0.0,0
10318,18,10,28,0.0,0
10319,18,10,28,0.0,0
10320,18,10,28,0.0,0
10321,18,10,28,0.0,0
10322,18,10,28,0.0,0
10323,18,10,28,0.0,0
10324,18,10,28,0.0,0
10325,18,10,28,0.0,0
10326,18,10,28,0.0,0
10327,18,10,28,0.0,0
10328,18,11,29,0.0,0
10329,18,11,29,0.0,0
10330,18,11,29,0.0,0
10331,18,11,29,0.0,0
10332,18,11,29,0.0,0
10333,18,11,29,0.0,0
10334,18,11,29,0.0,0
10335,18,11,29,0.0,0
10336,18,11,29,0.0,0
10337,18,11,29,0.0,0
10338,18,11,29,0.0,0
10339,18,11,29,0.0,0
10340,18,11,29,0.0,0
10341,18,11,29,0.0,0
10342,18,11,29,0.0,0
10343,18,11,29,0.0,0
10344,18,11,29,0.0,0
10345,18,11,29,0.0,0
10346,18,11,29,0.0,0
10347,18,11,29,0.0,0
10348,18,11,29,0.0,0
10349,18,11,29,0.0,0
10350,18,11,29,0.0,0
10351,18,11,29,0.0,0
10352,18,11,29,0.0,0
10353,18,11,29,0.0,0
10354,18,11,29,0.0,0
10355,18,11,29,0.0,0
10356,18,11,29,0.0,0
10357,18,11,29,0.0,0
10358,18,11,29,0.0,0
10359,18,11,29,0.0,0
10360,18,11,29,0.0,0
10361,18,11,29,0.0,0
10362,18,11,29,0.0,0
10363,18,11,29,0.0,0
10364,18,11,29,0.0,0
10365,18,11,29,0.0,0
10366,18,11,29,0.0,0
10367,18,11,29,0.0,0
10368,18,11,29,0.0,0
10369,18,11,29,0.0,0
10370,18,11,29,0.0,0
10371,18,11,29,0.0,0
10372,18,11,29,0.0,0
10373,18,11,29,0.0,0
10374,18,11,29,0.0,0
10375,18,11,29,0.0,0
10376,18,11,29,0.0,0
10377,18,11,29,0.0,0
10378,18,11,29,0.0,0
10379,18,11,29,0.0,0
10380,18,11,29,0.0,0
10381,18,11,29,0.0,0
10382,18,11,29,0.0,0
10383,18,11,29,0.0,0
10384,18,11,29,0.0,0
10385,18,11,29,0.0,0
10386,18,11,29,0.0,0
10387,18,11,29,0.0,0
10388,18,11,29,0.0,0
10389,18,11,29,0.0,0
10390,18,11,29,0.0,0
10391,18,11,29,0.0,0
10392,18,11,29,0.0,0
10393,18,11,29,0.0,0
10394,18,11,29,0.0,0
10395,18,11,29,0.0,0
10396,18,11,29,0.0,0
10397,18,11,29,0.0,0
10398,18,11,29,0.0,0
10399,18,11,29,0.0,0
10400,18,11,29,0.0,0
10401,18,11,29,0.0,0
10402,18,11,29,0.0,0
10403,18,11,29,0.0,0
10404,18,11,29,0.0,0
10405,18,11,29,0.0,0
10406,18,11,29,0.0,0
10407,18,11,29,0.0,0
10408,18,11,29,0.0,0
10409,18,11,29,0.0,0
10410,18,11,29,0.0,0
10411,18,11,29,0.0,0
10412,18,11,29,0.0,0
10413,18,11,29,0.0,0
10414,18,11,29,0.0,0
10415,18,11,29,0.0,0
10416,18,11,29,0.0,0
10417,18,11,29,0.0,0
10418,18,11,29,0.0,0
10419,18,11,29,0.0,0
10420,18,11,29,0.0,0
10421,18,11,29,0.0,0
10422,18,11,29,0.0,0
10423,18,11,29,0.0,0
10424,18,11,29,0.0,0
10425,18,11,29,0.0,0
10426,18,11,29,0.0,0
10427,18,11,29,0.0,0
10428,18,11,29,0.0,0
10429,18,11,29,0.0,0
10430,18,11,29,0.0,0
10431,18,11,29,0.0,0
10432,18,11,29,0.0,0
10433,18,11,29,0.0,0
10434,18,11,29,0.0,0
10435,18,11,29,0.0,0
10436,18,11,29,0.0,0
10437,18,11,29,0.0,0
10438,18,11,29,0.0,0
10439,18,11,29,0.0,0
10440,18,11,29,0.0,0
10441,18,11,29,0.0,0
10442,18,11,29,0.0,0
10443,18,11,29,0.0,0
10444,18,11,29,0.0,0
10445,18,11,29,0.0,0
10446,18,11,29,0.0,0
10447,18,11,29,0.0,0
10448,18,11,29,0.0,0
10449,18,11,29,0.0,0
10450,18,11,29,0.0,0
10451,18,11,29,0.0,0
10452,18,11,29,0.0,0
10453,18,11,29,0.0,0
10454,18,11,29,0.0,0
10455,18,11,29,0.0,0
10456,18,11,29,0.0,0
10457,18,11,29,0.0,0
10458,18,11,29,0.0,0
10459,18,11,29,0.0,0
10460,18,11,29,0.0,0
10461,18,11,29,0.0,0
10462,18,11,29,0.0,0
10463,18,11,29,0.0,0
10464,18,11,29,0.0,0
10465,18,11,29,0.0,0
10466,18,11,29,0.0,0
10467,18,11,29,0.0,0
10468,18,11,29,0.0,0
10469,18,11,29,0.0,0
10470,18,11,29,0.0,0
10471,18,11,29,0.0,0
10472,18,11,29,0.0,0
10473,18,11,29,0.0,0
10474,18,11,29,0.0,0
10475,18,11,29,0.0,0
10476,18,11,29,0.0,0
10477,18,11,29,0.0,0
10478,18,11,29,0.0,0
10479,18,11,29,0.0,0
10480,18,11,29,0.0,0
10481,18,11,29,0.0,0
10482,18,11,29,0.0,0
10483,18,11,29,0.0,0
10484,18,11,29,0.0,0
10485,18,11,29,0.0,0
10486,18,11,29,0.0,0
10487,18,11,29,0.0,0
10488,18,11,29,0.0,0
10489,18,11,29,0.0,0
10490,18,11,29,0.0,0
10491,18,11,29,0.0,0
10492,18,11,29,0.0,0
10493,18,11,29,0.0,0
10494,18,11,29,0.0,0
10495,18,11,29,0.0,0
10496,18,11,29,0.0,0
10497,18,11,29,0.0,0
10498,18,11,29,0.0,0
10499,18,11,29,0.0,0
10500,18,11,29,0.0,0
10501,18,11,29,0.0,0
10502,18,11,29,0.0,0
10503,18,11,29,0.0,0
10504,18,11,29,0.0,0
10505,18,11,29,0.0,0
10506,18,11,29,0.0,0
10507,18,11,29,0.0,0
10508,18,11,29,0.0,0
10509,18,11,29,0.0,0
10510,18,11,29,0.0,0
10511,18,11,29,0.0,0
10512,18,11,29,0.0,0
10513,18,11,29,0.0,0
10514,18,11,29,0.0,0
10515,18,11,29,0.0,0
10516,18,11,29,0.0,0
10517,18,11,29,0.0,0
10518,18,11,29,0.0,0
10519,18,11,29,0.0,0
10520,18,11,29,0.0,0
10521,18,11,29,0.0,0
10522,18,11,29,0.0,0
10523,18,11,29,0.0,0
10524,18,11,29,0.0,0
10525,18,11,29,0.0,0
10526,18,11,29,0.0,0
10527,18,11,29,0.0,0
10528,18,11,29,0.0,0
10529,18,11,29,0.0,0
10530,18,11,29,0.0,0
10531,18,11,29,0.0,0
10532,18,11,29,0.0,0
10533,18,11,29,0.0,0
10534,18,11,29,0.0,0
10535,18,11,29,0.0,0
10536,18,11,29,0.0,0
10537,18,11,29,0.0,0
10538,18,11,29,0.0,0
10539,18,11,29,0.0,0
10540,18,11,29,0.0,0
10541,18,11,29,0.0,0
10542,18,11,29,0.0,0
10543,18,11,29,0.0,0
10544,18,11,29,0.0,0
10545,18,11,29,0.0,0
10546,18,11,29,0.0,0
10547,18,11,29,0.0,0
10548,18,11,29,0.0,0
10549,18,11,29,0.0,0
10550,18,11,29,0.0,0
10551,18,11,29,0.0,0
10552,18,11,29,0.0,0
10553,18,11,29,0.0,0
10554,18,11,29,0.0,0
10555,18,11,29,0.0,0
10556,18,11,29,0.0,0
10557,18,11,29,0.0,0
10558,18,11,29,0.0,0
10559,18,11,29,0.0,0
10560,18,11,29,0.0,0
10561,18,11,29,0.0,0
10562,18,11,29,0.0,0
10563,18,11,29,0.0,0
10564,18,11,29,0.0,0
10565,18,11,29,0.0,0
10566,18,11,29,0.0,0
10567,18,11,29,0.0,0
10568,18,11,29,0.0,0
10569,18,11,29,0.0,0
10570,18,11,29,0.0,0
10571,18,11,29,0.0,0
10572,18,11,29,0.0,0
10573,18,11,29,0.0,0
10574,18,11,29,0.0,0
10575,18,11,29,0.0,0
10576,18,11,29,0.0,0
10577,18,11,29,0.0,0
10578,18,11,29,0.0,0
10579,18,11,29,0.0,0
10580,18,11,29,0.0,0
10581,18,11,29,0.0,0
10582,18,11,29,0.0,0
10583,18,11,29,0.0,0
10584,18,11,29,0.0,0
10585,18,11,29,0.0,0
10586,18,11,29,0.0,0
10587,18,11,29,0.0,0
10588,18,11,29,0.0,0
10589,18,11,29,0.0,0
10590,18,11,29,0.0,0
10591,18,11,29,0.0,0
10592,18,11,29,0.0,0
10593,18,11,29,0.0,0
10594,18,11,29,0.0,0
10595,18,11,29,0.0,0
10596,18,11,29,0.0,0
10597,18,11,29,0.0,0
10598,18,11,29,0.0,0
10599,18,11,29,0.0,0
10600,18,11,29,0.0,0
10601,18,11,29,0.0,0
10602,18,11,29,0.0,0
10603,18,11,29,0.0,0
10604,18,11,29,0.0,0
10605,18,11,29,0.0,0
10606,18,11,29,0.0,0
10607,18,11,29,0.0,0
10608,18,11,29,0.0,0
10609,18,11,29,0.0,0
10610,18,11,29,0.0,0
10611,18,11,29,0.0,0
10612,18,11,29,0.0,0
10613,18,11,29,0.0,0
10614,18,11,29,0.0,0
10615,18,11,29,0.0,0
10616,18,11,29,0.0,0
10617,18,11,29,0.0,0
10618,18,11,29,0.0,0
10619,18,11,29,0.0,0
10620,18,11,29,0.0,0
10621,18,11,29,0.0,0
10622,18,11,29,0.0,0
10623,18,11,29,0.0,0
10624,18,11,29,0.0,0
10625,18,11,29,0.0,0
10626,18,11,29,0.0,0
10627,18,11,29,0.0,0
10628,18,11,29,0.0,0
10629,18,11,29,0.0,0
10630,18,11,29,0.0,0
10631,18,11,29,0.0,0
10632,18,11,29,0.0,0
10633,18,11,29,0.0,0
10634,18,11,29,0.0,0
10635,18,11,29,0.0,0
10636,18,11,29,0.0,0
10637,18,11,29,0.0,0
10638,18,11,29,0.0,0
10639,18,11,29,0.0,0
10640,18,11,29,0.0,0
10641,18,11,29,0.0,0
10642,18,11,29,0.0,0
10643,18,11,29,0.0,0
10644,18,11,29,0.0,0
10645,18,11,29,0.0,0
10646,18,11,29,0.0,0
10647,18,11,29,0.0,0
10648,18,11,29,0.0,0
10649,18,11,29,0.0,0
10650,18,11,29,0.0,0
10651,18,11,29,0.0,0
10652,18,11,29,0.0,0
10653,18,11,29,0.0,0
10654,18,11,29,0.0,0
10655,18,11,29,0.0,0
10656,18,11,29,0.0,0
10657,18,11,29,0.0,0
10658,18,11,29,0.0,0
10659,18,11,29,0.0,0
10660,18,11,29,0.0,0
10661,18,11,29,0.0,0
10662,18,11,29,0.0,0
10663,18,11,29,0.0,0
10664,18,11,29,0.0,0
10665,18,11,29,0.0,0
10666,18,11,29,0.0,0
10667,18,11,29,0.0,0
10668,18,11,29,0.0,0
10669,18,11,29,0.0,0
10670,18,11,29,0.0,0
10671,18,11,29,0.0,0
10672,18,11,29,0.0,0
10673,18,11,29,0.0,0
10674,18,11,29,0.0,0
10675,18,11,29,0.0,0
10676,18,11,29,0.0,0
10677,18,11,29,0.0,0
10678,18,11,29,0.0,0
10679,18,11,29,0.0,0
10680,18,11,29,0.0,0
10681,18,11,29,0.0,0
10682,18,11,29,0.0,0
10683,18,11,29,0.0,0
10684,18,11,29,0.0,0
10685,18,11,29,0.0,0
10686,18,11,29,0.0,0
10687,18,11,29,0.0,0
10688,18,11,29,0.0,0
10689,18,11,29,0.0,0
10690,18,11,29,0.0,0
10691,18,11,29,0.0,0
10692,18,11,29,0.0,0
10693,18,11,29,0.0,0
10694,18,11,29,0.0,0
10695,18,11,29,0.0,0
10696,18,11,29,0.0,0
10697,18,11,29,0.0,0
10698,18,11,29,0.0,0
10699,18,11,29,0.0,0
10700,18,11,29,0.0,0
10701,18,11,29,0.0,0
10702,18,11,29,0.0,0
10703,18,11,29,0.0,0
10704,18,11,29,0.0,0
10705,18,11,29,0.0,0
10706,18,11,29,0.0,0
10707,18,11,29,0.0,0
10708,18,11,29,0.0,0
10709,18,11,29,0.0,0
10710,18,11,29,0.0,0
10711,18,11,29,0.0,0
10712,18,11,29,0.0,0
10713,18,11,29,0.0,0
10714,18,11,29,0.0,0
10715,18,11,29,0.0,0
10716,18,11,29,0.0,0
10717,18,11,29,0.0,0
10718,18,11,29,0.0,0
10719,18,11,29,0.0,0
10720,18,11,29,0.0,0
10721,18,11,29,0.0,0
10722,18,11,29,0.0,0
10723,18,11,29,0.0,0
10724,18,11,29,0.0,0
10725,18,11,29,0.0,0
10726,18,11,29,0.0,0
10727,18,11,29,0.0,0
10728,18,11,29,0.0,0
10729,18,11,29,0.0,0
10730,18,11,29,0.0,0
10731,18,11,29,0.0,0
10732,18,11,29,0.0,0
10733,18,11,29,0.0,0
10734,18,11,29,0.0,0
10735,18,11,29,0.0,0
10736,18,11,29,0.0,0
10737,18,11,29,0.0,0
10738,18,11,29,0.0,0
10739,18,11,29,0.0,0
10740,18,11,29,0.0,0
10741,18,11,29,0.0,0
10742,18,11,29,0.0,0
10743,18,11,29,0.0,0
10744,18,11,29,0.0,0
10745,18,11,29,0.0,0
10746,18,11,29,0.0,0
10747,18,11,29,0.0,0
10748,18,11,29,0.0,0
10749,18,11,29,0.0,0
10750,18,11,29,0.0,0
10751,18,11,29,1.0,1
10752,18,11,29,2.0,2
10753,18,11,29,3.0,3
10754,18,11,29,4.0,4
10755,18,11,29,5.0,5
10756,18,11,29,6.0,6
10757,18,11,29,7.0,7
10758,18,11,29,8.0,8
10759,18,11,29,9.0,9
10760,18,11,29,10.0,10
10761,18,11,29,11.0,11
10762,18,11,29,12.0,12
10763,18,11,29,13.0,13
10764,18,11,29,14.0,14
10765,18,11,29,15.0,15
10766,18,11,29,16.0,16
10767,18,11,29,17.0,17
10768,18,11,29,18.0,18
10769,18,11,29,19.0,19
10770,18,11,29,20.0,20
10771,18,11,29,21.0,21
10772,18,11,29,22.0,22
10773,18,11,29,23.0,23
10774,18,11,29,24.0,24
10775,18,11,29,25.0,25
10776,18,11,29,26.0,26
10777,18,11,29,27.0,27
10778,18,11,29,28.0,28
10779,18,11,29,29.0,29
10780,18,11,29,30.0,30
10781,18,11,29,31.0,31
10782,18,11,29,32.0,32
10783,18,11,29,33.0,33
10784,18,11,29,34.0,34
10785,18,11,29,35.0,35
10786,18,11,29,36.0,36
10787,18,11,29,37.0,37
10788,18,11,29,38.0,38
10789,18,11,29,39.0,39
10790,18,11,29,40.0,40
10791,18,11,29,41.0,41
10792,18,11,29,42.0,42
10793,18,11,29,43.0,43
10794,18,11,29,44.0,44
10795,18,11,29,45.0,45
10796,18,11,29,46.0,46
10797,18,11,29,47.0,47
10798,18,11,29,48.0,48
10799,18,11,29,49.0,49
10800,18,11,29,50.0,50
10801,18,11,29,51.0,51
10802,18,11,29,52.0,52
10803,18,11,29,53.0,53
10804,18,11,29,54.0,54
10805,18,11,29,55.0,55
10806,18,11,29,56.0,56
10807,18,11,29,57.0,57
10808,18,11,29,58.0,58
10809,18,11,29,59.0,59
10810,18,11,29,60.0,60
10811,18,11,29,61.0,61
10812,18,11,29,62.0,62
10813,18,11,29,63.0,63
10814,18,11,29,64.0,64
10815,18,11,29,65.0,65
10816,18,11,29,66.0,66
10817,18,11,29,67.0,67
10818,18,11,29,68.0,68
10819,18,11,29,69.0,69
10820,18,11,29,70.0,70
10821,18,11,29,71.0,71
10822,18,11,29,72.0,72
10823,18,11,29,73.0,73
10824,18,11,29,74.0,74
10825,18,11,29,75.0,75
10826,18,11,29,76.0,76
10827,18,11,29,77.0,77
10828,18,11,29,78.0,78
10829,18,11,29,79.0,79
10830,18,11,29,80.0,80
10831,18,11,29,81.0,81
10832,18,11,29,82.0,82
10833,18,11,29,83.0,83
10834,18,11,29,84.0,84
10835,18,11,29,85.0,85
10836,18,11,29,86.0,86
10837,18,11,29,87.0,87
10838,18,11,29,88.0,88
10839,18,11,29,89.0,89
10840,18,11,29,90.0,90
10841,18,11,29,91.0,91
10842,18,11,29,92.0,92
10843,18,11,29,93.0,93
10844,18,11,29,94.0,94
10845,18,11,29,95.0,95
10846,18,11,29,96.0,96
10847,18,11,29,97.0,97
10848,18,11,29,98.0,98
10849,18,11,29,99.0,99
10850,18,11,29,100.0,100
10851,18,11,29,101.0,101
10852,18,11,29,102.0,102
10853,18,11,29,103.0,103
10854,18,11,29,104.0,104
10855,18,11,29,105.0,105
10856,18,11,29,106.0,106
10857,18,11,29,107.0,107
10858,18,11,29,108.0,108
10859,18,11,29,109.0,109
10860,18,11,29,110.0,110
10861,18,11,29,111.0,111
10862,18,11,29,112.0,112
10863,18,11,29,113.0,113
10864,18,11,29,114.0,114
10865,18,11,29,115.0,115
10866,18,11,29,116.0,116
10867,18,11,29,117.0,117
10868,18,11,29,118.0,118
10869,18,11,29,119.0,119
10870,18,11,29,120.0,120
10871,18,11,29,121.0,121
10872,18,11,29,122.0,122
10873,18,11,29,123.0,123
10874,18,11,29,124.0,124
10875,18,11,29,125.0,125
10876,18,11,29,126.0,126
10877,18,11,29,127.0,127
10878,18,11,29,128.0,128
10879,18,11,29,129.0,129
10880,18,11,29,130.0,130
10881,18,11,29,131.0,131
10882,18,11,29,132.0,132
10883,18,11,29,133.0,133
10884,18,11,29,134.0,134
10885,18,11,29,135.0,135
10886,18,11,29,136.0,136
10887,18,11,29,137.0,137
10888,18,11,29,138.0,138
10889,18,11,29,139.0,139
10890,18,11,29,140.0,140
10891,18,11,29,141.0,141
10892,18,11,29,142.0,142
10893,18,11,29,143.0,143
10894,18,11,29,144.0,144
10895,18,11,29,145.0,145
10896,18,11,29,146.0,146
10897,18,11,29,147.0,147
10898,18,11,29,148.0,148
10899,18,11,29,149.0,149
10900,18,11,29,150.0,150
10901,18,11,29,151.0,151
10902,18,11,29,152.0,152
10903,18,11,29,153.0,153
10904,18,11,29,154.0,154
10905,18,11,29,155.0,155
10906,18,11,29,156.0,156
10907,18,11,29,157.0,157
10908,18,11,29,158.0,158
10909,18,11,29,159.0,159
10910,18,11,29,160.0,160
10911,18,11,29,161.0,161
10912,18,11,29,162.0,162
10913,18,11,29,163.0,163
10914,18,11,29,164.0,164
10915,18,11,29,165.0,165
10916,18,11,29,166.0,166
10917,18,11,29,167.0,167
10918,18,11,29,168.0,168
10919,18,11,29,169.0,169
10920,18,11,29,170.0,170
10921,18,11,29,171.0,171
10922,18,11,29,172.0,172
10923,18,11,29,173.0,173
10924,18,11,29,174.0,174
10925,19,11,30,175.0,175
10926,19,11,30,175.0,175
10927,19,11,30,175.0,175
10928,19,11,30,175.0,175
10929,19,11,30,175.0,175
10930,19,11,30,175.0,175
10931,19,11,30,175.0,175
10932,19,11,30,175.0,175
10933,19,11,30,175.0,175
10934,19,11,30,175.0,175
10935,19,11,30,175.0,175
10936,19,11,30,175.0,175
10937,19,11,30,175.0,175
10938,19,11,30,175.0,175
10939,19,11,30,175.0,175
10940,19,11,30,175.0,175
10941,19,11,30,175.0,175
10942,19,11,30,175.0,175
10943,19,11,30,175.0,175
10944,19,11,30,175.0,175
10945,19,11,30,175.0,175
10946,19,11,30,175.0,175
10947,19,11,30,175.0,175
10948,19,11,30,175.0,175
10949,19,11,30,175.0,175
10950,19,11,30,175.0,175
10951,19,11,30,175.0,175
10952,19,11,30,175.0,175
10953,19,11,30,175.0,175
10954,19,11,30,175.0,175
10955,19,11,30,175.0,175
10956,19,11,30,175.0,175
10957,19,11,30,175.0,175
10958,19,11,30,175.0,175
10959,19,11,30,175.0,175
10960,19,11,30,175.0,175
10961,19,11,30,175.0,175
10962,19,11,30,175.0,175
10963,19,11,30,175.0,175
10964,19,11,30,175.0,175
10965,19,11,30,175.0,175
10966,19,11,30,175.0,175
10967,19,11,30,175.0,175
10968,19,11,30,175.0,175
10969,19,11,30,175.0,175
10970,19,11,30,175.0,175
10971,19,11,30,175.0,175
10972,19,11,30,175.0,175
10973,19,11,30,175.0,175
10974,19,11,30,175.0,175
10975,19,11,30,175.0,175
10976,19,11,30,175.0,175
10977,19,11,30,175.0,175
10978,19,11,30,175.0,175
10979,19,11,30,175.0,175
10980,19,11,30,175.0,175
10981,19,11,30,175.0,175
10982,19,11,30,175.0,175
10983,19,11,30,175.0,175
10984,19,11,30,175.0,175
10985,19,11,30,175.0,175
10986,19,11,30,175.0,175
10987,19,11,30,175.0,175
10988,19,11,30,175.0,175
10989,19,11,30,175.0,175
10990,19,11,30,175.0,175
10991,19,11,30,175.0,175
10992,19,11,30,175.0,175
10993,19,11,30,175.0,175
10994,19,11,30,0.0,0
10995,19,11,30,0.0,0
10996,19,11,30,0.0,0
10997,19,11,30,0.0,0
10998,19,11,30,0.0,0
10999,19,11,30,0.0,0
11000,19,11,30,0.0,0
11001,19,11,30,0.0,0
11002,19,11,30,0.0,0
11003,19,11,30,0.0,0
11004,19,11,30,0.0,0
11005,19,11,30,0.0,0
11006,19,11,30,0.0,0
11007,19,11,30,0.0,0
11008,19,11,30,0.0,0
11009,19,11,30,0.0,0
11010,19,11,30,0.0,0
11011,19,11,30,0.0,0
11012,19,11,30,0.0,0
11013,19,11,30,0.0,0
