counter,red_count,blue_count,total_count,average_radiation_level,total_radiation_level
0,0,0,0,0,0
1,0,0,0,0,0
2,0,0,0,0,0
3,0,0,0,0,0
4,0,0,0,0,0
5,0,0,0,0,0
6,0,0,0,0,0
7,0,0,0,0,0
8,0,0,0,0,0
9,0,0,0,0,0
10,0,0,0,0,0
11,0,0,0,0,0
12,0,0,0,0,0
13,0,0,0,0,0
14,0,0,0,0,0
15,0,0,0,0,0
16,0,0,0,0,0
17,0,0,0,0,0
18,0,0,0,0,0
19,0,0,0,0,0
20,0,0,0,0,0
21,0,0,0,0,0
22,0,0,0,0,0
23,0,0,0,0,0
24,0,0,0,0,0
25,0,0,0,0,0
26,0,0,0,0,0
27,0,0,0,0,0
28,0,0,0,0,0
29,0,0,0,0,0
30,0,0,0,0,0
31,0,0,0,0,0
32,0,0,0,0,0
33,0,0,0,0,0
34,0,0,0,0,0
35,0,0,0,0,0
36,0,0,0,0,0
37,0,0,0,0,0
38,0,0,0,0,0
39,0,0,0,0,0
40,0,0,0,0,0
41,0,0,0,0,0
42,0,0,0,0,0
43,0,0,0,0,0
44,0,0,0,0,0
45,0,0,0,0,0
46,0,0,0,0,0
47,0,0,0,0,0
48,0,0,0,0,0
49,0,0,0,0,0
50,0,0,0,0,0
51,0,0,0,0,0
52,0,0,0,0,0
53,0,0,0,0,0
54,0,0,0,0,0
55,0,0,0,0,0
56,0,0,0,0,0
57,0,0,0,0,0
58,0,0,0,0,0
59,0,0,0,0,0
60,0,0,0,0,0
61,0,0,0,0,0
62,0,0,0,0,0
63,0,0,0,0,0
64,0,0,0,0,0
65,0,0,0,0,0
66,0,0,0,0,0
67,0,0,0,0,0
68,0,0,0,0,0
69,0,0,0,0,0
70,0,0,0,0,0
71,0,0,0,0,0
72,0,0,0,0,0
73,0,0,0,0,0
74,0,0,0,0,0
75,0,0,0,0,0
76,0,0,0,0,0
77,0,0,0,0,0
78,0,0,0,0,0
79,0,0,0,0,0
80,0,0,0,0,0
81,0,0,0,0,0
82,0,0,0,0,0
83,0,0,0,0,0
84,0,0,0,0,0
85,0,0,0,0,0
86,0,0,0,0,0
87,0,0,0,0,0
88,0,0,0,0,0
89,0,0,0,0,0
90,0,0,0,0,0
91,0,0,0,0,0
92,0,0,0,0,0
93,0,0,0,0,0
94,0,0,0,0,0
95,0,0,0,0,0
96,0,0,0,0,0
97,0,0,0,0,0
98,0,0,0,0,0
99,0,0,0,0,0
100,0,0,0,0,0
101,0,0,0,0,0
102,0,0,0,0,0
103,0,0,0,0,0
104,0,0,0,0,0
105,0,0,0,0,0
106,0,0,0,0,0
107,0,0,0,0,0
108,0,0,0,0,0
109,0,0,0,0,0
110,0,0,0,0,0
111,0,0,0,0,0
112,0,0,0,0,0
113,0,0,0,0,0
114,0,0,0,0,0
115,0,0,0,0,0
116,0,0,0,0,0
117,0,0,0,0,0
118,0,0,0,0,0
119,0,0,0,0,0
120,0,0,0,0,0
121,0,0,0,0,0
122,0,0,0,0,0
123,0,0,0,0,0
124,0,0,0,0,0
125,0,0,0,0,0
126,0,0,0,1.0,1
127,0,0,0,2.0,2
128,0,0,0,3.0,3
129,0,0,0,4.0,4
130,0,0,0,5.0,5
131,0,0,0,6.0,6
132,0,0,0,7.0,7
133,0,0,0,8.0,8
134,0,0,0,9.0,9
135,0,0,0,10.0,10
136,0,0,0,11.0,11
137,0,0,0,12.0,12
138,0,0,0,13.0,13
139,0,0,0,14.0,14
140,0,0,0,15.0,15
141,0,0,0,16.0,16
142,0,0,0,17.0,17
143,0,0,0,18.0,18
144,0,0,0,19.0,19
145,0,0,0,20.0,20
146,0,0,0,21.0,21
147,0,0,0,22.0,22
148,0,0,0,23.0,23
149,0,0,0,24.0,24
150,0,0,0,25.0,25
151,0,0,0,26.0,26
152,0,0,0,27.0,27
153,0,0,0,28.0,28
154,0,0,0,29.0,29
155,0,0,0,30.0,30
156,0,0,0,31.0,31
157,0,0,0,32.0,32
158,0,0,0,33.0,33
159,0,0,0,34.0,34
160,0,0,0,35.0,35
161,0,0,0,36.0,36
162,0,0,0,37.0,37
163,0,0,0,38.0,38
164,0,0,0,39.0,39
165,0,0,0,40.0,40
166,0,0,0,41.0,41
167,0,0,0,42.0,42
168,0,0,0,43.0,43
169,0,0,0,44.0,44
170,0,0,0,45.0,45
171,0,0,0,46.0,46
172,0,0,0,47.0,47
173,0,0,0,48.0,48
174,0,0,0,49.0,49
175,0,0,0,50.0,50
176,0,0,0,51.0,51
177,0,0,0,52.0,52
178,0,0,0,53.0,53
179,0,0,0,54.0,54
180,0,0,0,55.0,55
181,0,0,0,56.0,56
182,0,0,0,57.0,57
183,0,0,0,58.0,58
184,0,0,0,59.0,59
185,0,0,0,60.0,60
186,0,0,0,61.0,61
187,0,0,0,62.0,62
188,0,0,0,63.0,63
189,0,0,0,64.0,64
190,0,0,0,65.0,65
191,0,0,0,66.0,66
192,0,0,0,67.0,67
193,0,0,0,68.0,68
194,0,0,0,69.0,69
195,0,0,0,70.0,70
196,0,0,0,71.0,71
197,0,0,0,72.0,72
198,0,0,0,73.0,73
199,0,0,0,74.0,74
200,0,0,0,75.0,75
201,0,0,0,76.0,76
202,0,0,0,77.0,77
203,0,0,0,78.0,78
204,0,0,0,79.0,79
205,0,0,0,80.0,80
206,0,0,0,81.0,81
207,0,0,0,82.0,82
208,0,0,0,83.0,83
209,0,0,0,84.0,84
210,0,0,0,85.0,85
211,0,0,0,86.0,86
212,0,0,0,87.0,87
213,0,0,0,88.0,88
214,0,0,0,89.0,89
215,0,0,0,90.0,90
216,0,0,0,91.0,91
217,0,0,0,92.0,92
218,0,0,0,93.0,93
219,0,0,0,94.0,94
220,0,0,0,95.0,95
221,0,0,0,96.0,96
222,0,0,0,97.0,97
223,0,0,0,98.0,98
224,1,0,1,99.0,99
225,1,0,1,99.0,99
226,1,0,1,99.0,99
227,1,0,1,99.0,99
228,1,0,1,99.0,99
229,1,0,1,99.0,99
230,1,0,1,99.0,99
231,1,0,1,99.0,99
232,1,0,1,99.0,99
233,1,0,1,99.0,99
234,1,0,1,99.0,99
235,1,0,1,99.0,99
236,1,0,1,99.0,99
237,1,0,1,99.0,99
238,1,0,1,99.0,99
239,1,0,1,99.0,99
240,1,0,1,99.0,99
241,1,0,1,99.0,99
242,1,0,1,99.0,99
243,1,0,1,99.0,99
244,1,0,1,99.0,99
245,1,0,1,99.0,99
246,1,0,1,99.0,99
247,1,0,1,99.0,99
248,1,0,1,99.0,99
249,1,0,1,99.0,99
250,1,0,1,99.0,99
251,1,0,1,99.0,99
252,1,0,1,99.0,99
253,1,0,1,99.0,99
254,1,0,1,99.0,99
255,1,0,1,99.0,99
256,1,0,1,99.0,99
257,1,0,1,99.0,99
258,1,0,1,99.0,99
259,1,0,1,99.0,99
260,1,0,1,99.0,99
261,1,0,1,99.0,99
262,1,0,1,99.0,99
263,1,0,1,99.0,99
264,1,0,1,99.0,99
265,1,0,1,0.0,0
266,1,0,1,0.0,0
267,1,0,1,0.0,0
268,1,0,1,0.0,0
269,1,0,1,0.0,0
270,1,0,1,0.0,0
271,1,0,1,0.0,0
272,1,0,1,0.0,0
273,1,0,1,0.0,0
274,1,0,1,0.0,0
275,1,0,1,0.0,0
276,1,0,1,0.0,0
277,1,0,1,0.0,0
278,1,0,1,0.0,0
279,1,0,1,0.0,0
280,1,0,1,0.0,0
281,1,0,1,0.0,0
282,1,0,1,0.0,0
283,1,0,1,0.0,0
284,1,0,1,0.0,0
285,1,0,1,0.0,0
286,1,0,1,0.0,0
287,1,0,1,0.0,0
288,1,0,1,0.0,0
289,1,0,1,0.0,0
290,1,0,1,0.0,0
291,1,0,1,0.0,0
292,1,0,1,0.0,0
293,1,0,1,0.0,0
294,1,0,1,0.0,0
295,1,0,1,0.0,0
296,1,0,1,0.0,0
297,1,0,1,0.0,0
298,1,0,1,0.0,0
299,1,0,1,0.0,0
300,1,0,1,0.0,0
301,1,0,1,0.0,0
302,1,0,1,0.0,0
303,1,0,1,0.0,0
304,1,0,1,0.0,0
305,1,0,1,0.0,0
306,1,0,1,0.0,0
307,1,0,1,0.0,0
308,1,0,1,0.0,0
309,1,0,1,0.0,0
310,1,0,1,0.0,0
311,1,0,1,0.0,0
312,1,0,1,0.0,0
313,1,0,1,0.0,0
314,1,0,1,0.0,0
315,1,0,1,0.0,0
316,1,0,1,0.0,0
317,1,0,1,0.0,0
318,1,0,1,0.0,0
319,1,0,1,0.0,0
320,1,0,1,0.0,0
321,1,0,1,0.0,0
322,1,0,1,0.0,0
323,1,0,1,0.0,0
324,1,0,1,0.0,0
325,1,0,1,0.0,0
326,1,0,1,0.0,0
327,1,0,1,0.0,0
328,1,0,1,0.0,0
329,1,0,1,0.0,0
330,1,0,1,0.0,0
331,1,0,1,0.0,0
332,1,0,1,1.0,1
333,1,0,1,2.0,2
334,1,0,1,3.0,3
335,1,0,1,4.0,4
336,1,0,1,5.0,5
337,1,0,1,6.0,6
338,1,0,1,7.0,7
339,1,0,1,8.0,8
340,1,0,1,9.0,9
341,1,0,1,10.0,10
342,1,0,1,11.0,11
343,1,0,1,12.0,12
344,1,0,1,13.0,13
345,1,0,1,14.0,14
346,1,0,1,15.0,15
347,1,0,1,16.0,16
348,1,0,1,17.0,17
349,1,0,1,18.0,18
350,1,0,1,19.0,19
351,1,0,1,20.0,20
352,1,0,1,21.0,21
353,1,0,1,22.0,22
354,1,0,1,23.0,23
355,1,0,1,24.0,24
356,1,0,1,25.0,25
357,1,0,1,26.0,26
358,1,0,1,27.0,27
359,1,0,1,28.0,28
360,1,0,1,29.0,29
361,1,0,1,30.0,30
362,1,0,1,31.0,31
363,1,0,1,32.0,32
364,1,0,1,33.0,33
365,1,0,1,34.0,34
366,1,0,1,35.0,35
367,1,0,1,36.0,36
368,1,0,1,37.0,37
369,1,0,1,38.0,38
370,1,0,1,39.0,39
371,1,0,1,40.0,40
372,1,0,1,41.0,41
373,1,0,1,42.0,42
374,1,0,1,43.0,43
375,1,0,1,44.0,44
376,1,0,1,45.0,45
377,1,0,1,46.0,46
378,1,0,1,47.0,47
379,1,0,1,48.0,48
380,1,0,1,49.0,49
381,1,0,1,50.0,50
382,1,0,1,51.0,51
383,1,0,1,52.0,52
384,1,0,1,53.0,53
385,1,0,1,54.0,54
386,1,0,1,55.0,55
387,1,0,1,56.0,56
388,1,0,1,57.0,57
389,1,0,1,58.0,58
390,1,0,1,59.0,59
391,1,0,1,60.0,60
392,1,0,1,61.0,61
393,1,0,1,62.0,62
394,1,0,1,63.0,63
395,1,0,1,64.0,64
396,1,0,1,65.0,65
397,1,0,1,66.0,66
398,1,0,1,67.0,67
399,1,0,1,68.0,68
400,1,0,1,69.0,69
401,1,0,1,70.0,70
402,1,0,1,71.0,71
403,1,0,1,72.0,72
404,1,0,1,73.0,73
405,1,0,1,74.0,74
406,1,0,1,75.0,75
407,1,0,1,76.0,76
408,1,0,1,77.0,77
409,1,0,1,78.0,78
410,1,0,1,79.0,79
411,1,0,1,80.0,80
412,1,0,1,81.0,81
413,1,0,1,82.0,82
414,1,0,1,83.0,83
415,1,0,1,84.0,84
416,1,0,1,85.0,85
417,1,0,1,86.0,86
418,1,0,1,87.0,87
419,1,0,1,88.0,88
420,1,0,1,89.0,89
421,1,0,1,90.0,90
422,1,0,1,91.0,91
423,1,0,1,92.0,92
424,1,0,1,93.0,93
425,1,0,1,94.0,94
426,1,0,1,95.0,95
427,2,0,2,96.0,96
428,2,0,2,96.0,96
429,2,0,2,96.0,96
430,2,0,2,96.0,96
431,2,0,2,96.0,96
432,2,0,2,96.0,96
433,2,0,2,96.0,96
434,2,0,2,96.0,96
435,2,0,2,96.0,96
436,2,0,2,96.0,96
437,2,0,2,96.0,96
438,2,0,2,96.0,96
439,2,0,2,96.0,96
440,2,0,2,96.0,96
441,2,0,2,96.0,96
442,2,0,2,96.0,96
443,2,0,2,96.0,96
444,2,0,2,96.0,96
445,2,0,2,96.0,96
446,2,0,2,96.0,96
447,2,0,2,96.0,96
448,2,0,2,96.0,96
449,2,0,2,96.0,96
450,2,0,2,96.0,96
451,2,0,2,96.0,96
452,2,0,2,96.0,96
453,2,0,2,96.0,96
454,2,0,2,96.0,96
455,2,0,2,96.0,96
456,2,0,2,96.0,96
457,2,0,2,96.0,96
458,2,0,2,96.0,96
459,2,0,2,96.0,96
460,2,0,2,96.0,96
461,2,0,2,96.0,96
462,2,0,2,96.0,96
463,2,0,2,96.0,96
464,2,0,2,96.0,96
465,2,0,2,96.0,96
466,2,0,2,96.0,96
467,2,0,2,96.0,96
468,2,0,2,96.0,96
469,2,0,2,96.0,96
470,2,0,2,96.0,96
471,2,0,2,96.0,96
472,2,0,2,0.0,0
473,2,0,2,0.0,0
474,2,0,2,0.0,0
475,2,0,2,0.0,0
476,2,0,2,0.0,0
477,2,0,2,0.0,0
478,2,0,2,0.0,0
479,2,0,2,0.0,0
480,2,0,2,0.0,0
481,2,0,2,0.0,0
482,2,0,2,0.0,0
483,2,0,2,0.0,0
484,2,0,2,0.0,0
485,2,0,2,0.0,0
486,2,0,2,0.0,0
487,2,0,2,0.0,0
488,2,0,2,0.0,0
489,2,0,2,0.0,0
490,2,0,2,0.0,0
491,2,0,2,0.0,0
492,2,0,2,0.0,0
493,2,0,2,0.0,0
494,2,0,2,0.0,0
495,2,0,2,0.0,0
496,2,0,2,0.0,0
497,2,0,2,0.0,0
498,2,0,2,0.0,0
499,2,0,2,0.0,0
500,2,0,2,0.0,0
501,2,0,2,0.0,0
502,2,0,2,0.0,0
503,2,0,2,0.0,0
504,2,0,2,0.0,0
505,2,0,2,0.0,0
506,2,0,2,0.0,0
507,2,0,2,0.0,0
508,2,0,2,0.0,0
509,2,0,2,0.0,0
510,2,0,2,0.0,0
511,2,0,2,0.0,0
512,2,0,2,0.0,0
513,2,0,2,0.0,0
514,2,0,2,0.0,0
515,2,0,2,0.0,0
516,2,0,2,0.0,0
517,2,0,2,0.0,0
518,2,0,2,0.0,0
519,2,0,2,0.0,0
520,2,0,2,0.0,0
521,2,0,2,0.0,0
522,2,0,2,0.0,0
523,2,0,2,0.0,0
524,2,0,2,0.0,0
525,2,0,2,0.0,0
526,2,0,2,0.0,0
527,2,0,2,0.0,0
528,2,0,2,0.0,0
529,2,0,2,0.0,0
530,2,0,2,0.0,0
531,2,0,2,0.0,0
532,2,0,2,0.0,0
533,2,0,2,0.0,0
534,2,0,2,0.0,0
535,2,0,2,0.0,0
536,2,0,2,0.0,0
537,2,0,2,0.0,0
538,2,0,2,0.0,0
539,2,0,2,0.0,0
540,2,0,2,0.0,0
541,2,0,2,0.0,0
542,2,0,2,0.0,0
543,2,0,2,0.0,0
544,2,0,2,0.0,0
545,2,0,2,0.0,0
546,2,0,2,0.0,0
547,2,0,2,0.0,0
548,2,0,2,0.0,0
549,2,0,2,0.0,0
550,2,0,2,0.0,0
551,2,0,2,0.0,0
552,2,0,2,0.0,0
553,2,0,2,0.0,0
554,2,0,2,0.0,0
555,2,0,2,0.0,0
556,2,0,2,0.0,0
557,2,0,2,0.0,0
558,2,0,2,0.0,0
559,2,0,2,0.0,0
560,2,0,2,0.0,0
561,2,0,2,0.0,0
562,2,0,2,0.0,0
563,2,0,2,0.0,0
564,2,0,2,0.0,0
565,2,0,2,0.0,0
566,2,0,2,0.0,0
567,2,0,2,0.0,0
568,2,0,2,0.0,0
569,2,0,2,0.0,0
570,2,0,2,0.0,0
571,2,0,2,0.0,0
572,2,0,2,0.0,0
573,2,0,2,0.0,0
574,2,0,2,0.0,0
575,2,0,2,0.0,0
576,2,0,2,0.0,0
577,2,0,2,0.0,0
578,2,0,2,0.0,0
579,2,0,2,0.0,0
580,2,0,2,0.0,0
581,2,0,2,0.0,0
582,2,0,2,0.0,0
583,2,0,2,0.0,0
584,2,0,2,0.0,0
585,2,0,2,0.0,0
586,2,0,2,0.0,0
587,2,0,2,0.0,0
588,2,0,2,0.0,0
589,2,0,2,0.0,0
590,2,0,2,0.0,0
591,2,0,2,0.0,0
592,2,0,2,0.0,0
593,2,0,2,0.0,0
594,2,0,2,0.0,0
595,2,0,2,0.0,0
596,2,0,2,0.0,0
597,2,0,2,0.0,0
598,2,0,2,0.0,0
599,2,0,2,0.0,0
600,2,0,2,0.0,0
601,2,0,2,0.0,0
602,2,0,2,0.0,0
603,2,0,2,0.0,0
604,2,0,2,0.0,0
605,2,0,2,0.0,0
606,2,0,2,0.0,0
607,2,0,2,0.0,0
608,2,0,2,0.0,0
609,2,0,2,0.0,0
610,2,0,2,0.0,0
611,2,0,2,0.0,0
612,2,0,2,0.0,0
613,2,0,2,0.0,0
614,2,0,2,0.0,0
615,2,0,2,0.0,0
616,2,0,2,0.0,0
617,2,0,2,0.0,0
618,2,0,2,0.0,0
619,2,0,2,0.0,0
620,2,0,2,0.0,0
621,2,0,2,0.0,0
622,2,0,2,0.0,0
623,2,0,2,0.0,0
624,2,0,2,0.0,0
625,2,0,2,0.0,0
626,2,0,2,0.0,0
627,2,0,2,0.0,0
628,2,0,2,0.0,0
629,2,0,2,0.0,0
630,2,0,2,0.0,0
631,2,0,2,0.0,0
632,2,0,2,0.0,0
633,2,0,2,0.0,0
634,2,0,2,0.0,0
635,2,0,2,0.0,0
636,2,0,2,0.0,0
637,2,0,2,0.0,0
638,2,0,2,0.0,0
639,2,0,2,0.0,0
640,2,0,2,0.0,0
641,2,0,2,0.0,0
642,2,0,2,0.0,0
643,2,0,2,0.0,0
644,2,0,2,0.0,0
645,2,0,2,0.0,0
646,2,0,2,0.0,0
647,2,0,2,0.0,0
648,2,0,2,0.0,0
649,2,0,2,0.0,0
650,2,0,2,0.0,0
651,2,0,2,0.0,0
652,2,0,2,0.0,0
653,2,0,2,0.0,0
654,2,0,2,0.0,0
655,2,0,2,0.0,0
656,2,0,2,0.0,0
657,2,0,2,0.0,0
658,2,0,2,0.0,0
659,2,0,2,0.0,0
660,2,0,2,0.0,0
661,2,1,3,0.0,0
662,2,1,3,0.0,0
663,2,1,3,0.0,0
664,2,1,3,0.0,0
665,2,1,3,0.0,0
666,2,1,3,0.0,0
667,2,1,3,0.0,0
668,2,1,3,0.0,0
669,2,1,3,0.0,0
670,2,1,3,0.0,0
671,2,1,3,0.0,0
672,2,1,3,0.0,0
673,2,1,3,0.0,0
674,2,1,3,0.0,0
675,2,1,3,0.0,0
676,2,1,3,0.0,0
677,2,1,3,0.0,0
678,2,1,3,0.0,0
679,2,1,3,0.0,0
680,2,1,3,0.0,0
681,2,1,3,0.0,0
682,2,1,3,0.0,0
683,2,1,3,0.0,0
684,2,1,3,0.0,0
685,2,1,3,0.0,0
686,2,1,3,0.0,0
687,2,1,3,0.0,0
688,2,1,3,0.0,0
689,2,1,3,0.0,0
690,2,1,3,0.0,0
691,2,1,3,0.0,0
692,2,1,3,0.0,0
693,2,1,3,0.0,0
694,2,1,3,0.0,0
695,2,1,3,0.0,0
696,2,1,3,0.0,0
697,2,1,3,0.0,0
698,2,1,3,0.0,0
699,2,1,3,0.0,0
700,2,1,3,0.0,0
701,2,1,3,0.0,0
702,2,1,3,0.0,0
703,2,1,3,0.0,0
704,2,1,3,0.0,0
705,2,1,3,0.0,0
706,2,1,3,0.0,0
707,2,1,3,0.0,0
708,2,1,3,0.0,0
709,2,1,3,0.0,0
710,2,1,3,0.0,0
711,2,1,3,0.0,0
712,2,1,3,0.0,0
713,2,1,3,0.0,0
714,2,1,3,0.0,0
715,2,1,3,0.0,0
716,2,1,3,0.0,0
717,2,1,3,0.0,0
718,2,1,3,0.0,0
719,2,1,3,0.0,0
720,2,1,3,0.0,0
721,2,1,3,0.0,0
722,2,1,3,0.0,0
723,2,1,3,0.0,0
724,2,1,3,0.0,0
725,2,1,3,0.0,0
726,2,1,3,0.0,0
727,2,1,3,0.0,0
728,2,1,3,0.0,0
729,2,1,3,0.0,0
730,2,1,3,0.0,0
731,2,1,3,0.0,0
732,2,1,3,0.0,0
733,2,1,3,0.0,0
734,2,1,3,0.0,0
735,2,1,3,0.0,0
736,2,1,3,0.0,0
737,2,1,3,0.0,0
738,2,1,3,0.0,0
739,2,1,3,0.0,0
740,2,1,3,0.0,0
741,2,1,3,0.0,0
742,2,1,3,0.0,0
743,2,1,3,0.0,0
744,2,1,3,0.0,0
745,2,1,3,0.0,0
746,2,1,3,0.0,0
747,2,1,3,0.0,0
748,2,1,3,0.0,0
749,2,1,3,0.0,0
750,2,1,3,0.0,0
751,2,1,3,0.0,0
752,2,1,3,0.0,0
753,2,1,3,0.0,0
754,2,1,3,0.0,0
755,2,1,3,0.0,0
756,2,1,3,0.0,0
757,2,1,3,0.0,0
758,2,1,3,0.0,0
759,2,1,3,0.0,0
760,2,1,3,0.0,0
761,2,1,3,0.0,0
762,2,1,3,0.0,0
763,2,1,3,0.0,0
764,2,1,3,0.0,0
765,2,1,3,0.0,0
766,2,1,3,0.0,0
767,2,1,3,0.0,0
768,2,1,3,0.0,0
769,2,1,3,0.0,0
770,2,1,3,0.0,0
771,2,1,3,0.0,0
772,2,1,3,0.0,0
773,2,1,3,0.0,0
774,2,1,3,0.0,0
775,2,1,3,0.0,0
776,2,1,3,0.0,0
777,2,1,3,0.0,0
778,2,1,3,0.0,0
779,2,1,3,0.0,0
780,2,1,3,0.0,0
781,2,1,3,0.0,0
782,2,1,3,0.0,0
783,2,1,3,0.0,0
784,2,1,3,0.0,0
785,2,1,3,0.0,0
786,2,1,3,0.0,0
787,2,1,3,0.0,0
788,2,1,3,0.0,0
789,2,1,3,0.0,0
790,2,1,3,0.0,0
791,2,1,3,0.0,0
792,2,1,3,0.0,0
793,2,1,3,0.0,0
794,2,1,3,0.0,0
795,2,1,3,0.0,0
796,2,1,3,0.0,0
797,2,1,3,0.0,0
798,2,1,3,0.0,0
799,2,1,3,0.0,0
800,2,1,3,0.0,0
801,2,1,3,0.0,0
802,2,1,3,0.0,0
803,2,1,3,0.0,0
804,2,1,3,0.0,0
805,2,1,3,0.0,0
806,2,1,3,0.0,0
807,2,1,3,0.0,0
808,2,1,3,0.0,0
809,2,1,3,0.0,0
810,2,1,3,0.0,0
811,2,1,3,0.0,0
812,2,1,3,0.0,0
813,2,1,3,0.0,0
814,2,1,3,0.0,0
815,2,1,3,0.0,0
816,2,1,3,0.0,0
817,2,1,3,0.0,0
818,2,1,3,0.0,0
819,2,1,3,0.0,0
820,2,1,3,0.0,0
821,2,1,3,0.0,0
822,2,1,3,0.0,0
823,2,1,3,0.0,0
824,2,1,3,0.0,0
825,2,1,3,0.0,0
826,2,1,3,0.0,0
827,2,1,3,0.0,0
828,2,1,3,0.0,0
829,2,1,3,0.0,0
830,2,1,3,0.0,0
831,2,1,3,0.0,0
832,2,1,3,0.0,0
833,2,1,3,0.0,0
834,2,1,3,0.0,0
835,2,1,3,0.0,0
836,2,1,3,0.0,0
837,2,1,3,0.0,0
838,2,1,3,0.0,0
839,2,1,3,0.0,0
840,2,1,3,0.0,0
841,2,1,3,0.0,0
842,2,1,3,0.0,0
843,2,1,3,0.0,0
844,2,1,3,0.0,0
845,2,1,3,0.0,0
846,2,1,3,0.0,0
847,2,1,3,0.0,0
848,2,1,3,0.0,0
849,2,1,3,0.0,0
850,2,1,3,0.0,0
851,2,1,3,0.0,0
852,2,1,3,0.0,0
853,2,1,3,0.0,0
854,2,1,3,0.0,0
855,2,1,3,0.0,0
856,2,1,3,0.0,0
857,2,1,3,0.0,0
858,2,1,3,0.0,0
859,2,1,3,0.0,0
860,2,1,3,0.0,0
861,2,1,3,0.0,0
862,2,1,3,0.0,0
863,2,1,3,0.0,0
864,2,1,3,0.0,0
865,2,1,3,0.0,0
866,2,1,3,0.0,0
867,2,1,3,0.0,0
868,2,1,3,0.0,0
869,2,1,3,0.0,0
870,2,1,3,0.0,0
871,2,1,3,0.0,0
872,2,1,3,0.0,0
873,2,1,3,0.0,0
874,2,1,3,0.0,0
875,2,1,3,0.0,0
876,2,1,3,0.0,0
877,2,1,3,0.0,0
878,2,1,3,0.0,0
879,2,1,3,0.0,0
880,2,1,3,0.0,0
881,2,1,3,0.0,0
882,2,1,3,0.0,0
883,2,1,3,0.0,0
884,2,1,3,0.0,0
885,2,1,3,0.0,0
886,2,1,3,0.0,0
887,2,1,3,0.0,0
888,2,1,3,0.0,0
889,2,1,3,0.0,0
890,2,1,3,0.0,0
891,2,1,3,0.0,0
892,2,1,3,0.0,0
893,2,1,3,0.0,0
894,2,1,3,0.0,0
895,2,1,3,0.0,0
896,2,1,3,0.0,0
897,2,1,3,0.0,0
898,2,1,3,0.0,0
899,2,1,3,0.0,0
900,2,1,3,0.0,0
901,2,1,3,0.0,0
902,2,1,3,0.0,0
903,2,1,3,0.0,0
904,2,1,3,0.0,0
905,2,1,3,0.0,0
906,2,1,3,0.0,0
907,2,1,3,0.0,0
908,2,1,3,0.0,0
909,2,1,3,0.0,0
910,2,1,3,0.0,0
911,2,1,3,0.0,0
912,2,1,3,0.0,0
913,2,1,3,0.0,0
914,2,1,3,0.0,0
915,2,1,3,0.0,0
916,2,1,3,0.0,0
917,2,1,3,0.0,0
918,2,1,3,0.0,0
919,2,1,3,0.0,0
920,2,1,3,0.0,0
921,2,1,3,0.0,0
922,2,1,3,0.0,0
923,2,1,3,0.0,0
924,2,1,3,0.0,0
925,2,1,3,0.0,0
926,2,1,3,0.0,0
927,2,1,3,0.0,0
928,2,1,3,0.0,0
929,2,1,3,0.0,0
930,2,1,3,0.0,0
931,2,1,3,0.0,0
932,2,1,3,0.0,0
933,2,1,3,0.0,0
934,2,1,3,0.0,0
935,2,1,3,0.0,0
936,2,1,3,0.0,0
937,2,1,3,0.0,0
938,2,2,4,0.0,0
939,2,2,4,0.0,0
940,2,2,4,0.0,0
941,2,2,4,0.0,0
942,2,2,4,0.0,0
943,2,2,4,0.0,0
944,2,2,4,0.0,0
945,2,2,4,0.0,0
946,2,2,4,0.0,0
947,2,2,4,0.0,0
948,2,2,4,0.0,0
949,2,2,4,0.0,0
950,2,2,4,0.0,0
951,2,2,4,0.0,0
952,2,2,4,0.0,0
953,2,2,4,0.0,0
954,2,2,4,0.0,0
955,2,2,4,0.0,0
956,2,2,4,0.0,0
957,2,2,4,0.0,0
958,2,2,4,0.0,0
959,2,2,4,0.0,0
960,2,2,4,0.0,0
961,2,2,4,0.0,0
962,2,2,4,0.0,0
963,2,2,4,0.0,0
964,2,2,4,0.0,0
965,2,2,4,0.0,0
966,2,2,4,0.0,0
967,2,2,4,0.0,0
968,2,2,4,0.0,0
969,2,2,4,0.0,0
970,2,2,4,0.0,0
971,2,2,4,0.0,0
972,2,2,4,0.0,0
973,2,2,4,0.0,0
974,2,2,4,0.0,0
975,2,2,4,0.0,0
976,2,2,4,0.0,0
977,2,2,4,0.0,0
978,2,2,4,0.0,0
979,2,2,4,0.0,0
980,2,2,4,0.0,0
981,2,2,4,0.0,0
982,2,2,4,0.0,0
983,2,2,4,0.0,0
984,2,2,4,0.0,0
985,2,2,4,0.0,0
986,2,2,4,0.0,0
987,2,2,4,0.0,0
988,2,2,4,0.0,0
989,2,2,4,0.0,0
990,2,2,4,0.0,0
991,2,2,4,0.0,0
992,2,2,4,0.0,0
993,2,2,4,0.0,0
994,2,2,4,0.0,0
995,2,2,4,0.0,0
996,2,2,4,0.0,0
997,2,2,4,0.0,0
998,2,2,4,0.0,0
999,2,2,4,0.0,0
1000,2,2,4,0.0,0
1001,2,2,4,0.0,0
1002,2,2,4,0.0,0
1003,2,2,4,0.0,0
1004,2,2,4,0.0,0
1005,2,2,4,0.0,0
1006,2,2,4,0.0,0
1007,2,2,4,0.0,0
1008,2,2,4,0.0,0
1009,2,2,4,0.0,0
1010,2,2,4,0.0,0
1011,2,2,4,0.0,0
1012,2,2,4,0.0,0
1013,2,2,4,0.0,0
1014,2,2,4,0.0,0
1015,2,2,4,0.0,0
1016,2,2,4,0.0,0
1017,2,2,4,0.0,0
1018,2,2,4,0.0,0
1019,2,2,4,0.0,0
1020,2,2,4,0.0,0
1021,2,2,4,0.0,0
1022,2,2,4,0.0,0
1023,2,2,4,0.0,0
1024,2,2,4,0.0,0
1025,2,2,4,0.0,0
1026,2,2,4,0.0,0
1027,2,2,4,0.0,0
1028,2,2,4,0.0,0
1029,2,2,4,0.0,0
1030,2,2,4,0.0,0
1031,2,2,4,0.0,0
1032,2,2,4,0.0,0
1033,2,2,4,0.0,0
1034,2,2,4,0.0,0
1035,2,2,4,0.0,0
1036,2,2,4,0.0,0
1037,2,2,4,0.0,0
1038,2,2,4,0.0,0
1039,2,2,4,0.0,0
1040,2,2,4,0.0,0
1041,2,2,4,0.0,0
1042,2,2,4,0.0,0
1043,2,2,4,0.0,0
1044,2,2,4,0.0,0
1045,2,2,4,0.0,0
1046,2,2,4,0.0,0
1047,2,2,4,0.0,0
1048,2,2,4,0.0,0
1049,2,2,4,0.0,0
1050,2,2,4,0.0,0
1051,2,2,4,0.0,0
1052,2,2,4,0.0,0
1053,2,2,4,0.0,0
1054,2,2,4,0.0,0
1055,2,2,4,0.0,0
1056,2,2,4,0.0,0
1057,2,2,4,0.0,0
1058,2,2,4,0.0,0
1059,2,2,4,0.0,0
1060,2,2,4,0.0,0
1061,2,2,4,0.0,0
1062,2,2,4,0.0,0
1063,2,2,4,0.0,0
1064,2,2,4,0.0,0
1065,2,2,4,0.0,0
1066,2,2,4,0.0,0
1067,2,2,4,0.0,0
1068,2,2,4,0.0,0
1069,2,2,4,0.0,0
1070,2,2,4,0.0,0
1071,2,2,4,0.0,0
1072,2,2,4,0.0,0
1073,2,2,4,0.0,0
1074,2,2,4,0.0,0
1075,2,2,4,0.0,0
1076,2,2,4,0.0,0
1077,2,2,4,0.0,0
1078,2,2,4,0.0,0
1079,2,2,4,0.0,0
1080,2,2,4,0.0,0
1081,2,2,4,0.0,0
1082,2,2,4,0.0,0
1083,2,2,4,0.0,0
1084,2,2,4,0.0,0
1085,2,2,4,0.0,0
1086,2,2,4,0.0,0
1087,2,2,4,0.0,0
1088,2,2,4,0.0,0
1089,2,2,4,0.0,0
1090,2,2,4,0.0,0
1091,2,2,4,0.0,0
1092,2,2,4,0.0,0
1093,2,2,4,0.0,0
1094,2,2,4,0.0,0
1095,2,2,4,0.0,0
1096,2,2,4,0.0,0
1097,2,2,4,0.0,0
1098,2,2,4,0.0,0
1099,2,2,4,0.0,0
1100,2,2,4,0.0,0
1101,2,2,4,0.0,0
1102,2,2,4,0.0,0
1103,2,2,4,0.0,0
1104,2,2,4,0.0,0
1105,2,2,4,0.0,0
1106,2,2,4,0.0,0
1107,2,2,4,0.0,0
1108,2,2,4,0.0,0
1109,2,2,4,1.0,1
1110,2,2,4,2.0,2
1111,2,2,4,3.0,3
1112,2,2,4,4.0,4
1113,2,2,4,5.0,5
1114,2,2,4,6.0,6
1115,2,2,4,7.0,7
1116,2,2,4,8.0,8
1117,2,2,4,9.0,9
1118,2,2,4,10.0,10
1119,2,2,4,11.0,11
1120,2,2,4,12.0,12
1121,2,2,4,13.0,13
1122,2,2,4,14.0,14
1123,2,2,4,15.0,15
1124,2,2,4,16.0,16
1125,2,2,4,17.0,17
1126,2,2,4,18.0,18
1127,2,2,4,19.0,19
1128,2,2,4,20.0,20
1129,2,2,4,21.0,21
1130,2,2,4,22.0,22
1131,2,2,4,23.0,23
1132,2,2,4,24.0,24
1133,2,2,4,25.0,25
1134,2,2,4,26.0,26
1135,2,2,4,27.0,27
1136,2,2,4,28.0,28
1137,2,2,4,29.0,29
1138,2,2,4,30.0,30
1139,2,2,4,31.0,31
1140,2,2,4,32.0,32
1141,2,2,4,33.0,33
1142,2,2,4,34.0,34
1143,2,2,4,35.0,35
1144,2,2,4,36.0,36
1145,2,2,4,37.0,37
1146,2,2,4,38.0,38
1147,2,2,4,39.0,39
1148,2,2,4,40.0,40
1149,2,2,4,41.0,41
1150,2,2,4,42.0,42
1151,2,2,4,43.0,43
1152,2,2,4,44.0,44
1153,2,2,4,45.0,45
1154,2,2,4,46.0,46
1155,2,2,4,47.0,47
1156,2,2,4,48.0,48
1157,2,2,4,49.0,49
1158,2,2,4,50.0,50
1159,2,2,4,51.0,51
1160,2,2,4,52.0,52
1161,2,2,4,53.0,53
1162,2,2,4,54.0,54
1163,2,2,4,55.0,55
1164,2,2,4,56.0,56
1165,2,2,4,57.0,57
1166,2,2,4,58.0,58
1167,2,2,4,59.0,59
1168,2,2,4,60.0,60
1169,2,2,4,61.0,61
1170,2,2,4,62.0,62
1171,2,2,4,63.0,63
1172,2,2,4,64.0,64
1173,2,2,4,65.0,65
1174,2,2,4,66.0,66
1175,2,2,4,67.0,67
1176,2,2,4,68.0,68
1177,2,2,4,69.0,69
1178,2,2,4,70.0,70
1179,2,2,4,71.0,71
1180,2,2,4,72.0,72
1181,2,2,4,73.0,73
1182,2,2,4,74.0,74
1183,2,2,4,75.0,75
1184,2,2,4,76.0,76
1185,2,2,4,77.0,77
1186,2,2,4,78.0,78
1187,2,2,4,79.0,79
1188,2,2,4,80.0,80
1189,2,2,4,81.0,81
1190,2,2,4,82.0,82
1191,2,2,4,83.0,83
1192,2,2,4,84.0,84
1193,2,2,4,85.0,85
1194,2,2,4,86.0,86
1195,2,2,4,87.0,87
1196,2,2,4,88.0,88
1197,2,2,4,89.0,89
1198,2,2,4,90.0,90
1199,2,2,4,91.0,91
1200,2,2,4,92.0,92
1201,2,2,4,93.0,93
1202,2,2,4,94.0,94
1203,2,2,4,95.0,95
1204,2,2,4,96.0,96
1205,2,2,4,97.0,97
1206,2,2,4,98.0,98
1207,2,2,4,99.0,99
1208,2,2,4,100.0,100
1209,2,2,4,101.0,101
1210,2,2,4,102.0,102
1211,2,2,4,103.0,103
1212,2,2,4,104.0,104
1213,2,2,4,105.0,105
1214,2,2,4,106.0,106
1215,2,2,4,107.0,107
1216,2,2,4,108.0,108
1217,2,2,4,109.0,109
1218,2,2,4,110.0,110
1219,2,2,4,111.0,111
1220,2,2,4,112.0,112
1221,2,2,4,113.0,113
1222,2,2,4,114.0,114
1223,2,2,4,115.0,115
1224,2,2,4,116.0,116
1225,2,2,4,117.0,117
1226,2,2,4,118.0,118
1227,2,2,4,119.0,119
1228,2,2,4,120.0,120
1229,2,2,4,121.0,121
1230,2,2,4,122.0,122
1231,2,2,4,123.0,123
1232,2,2,4,124.0,124
1233,2,2,4,125.0,125
1234,2,2,4,126.0,126
1235,2,2,4,127.0,127
1236,2,2,4,128.0,128
1237,2,2,4,129.0,129
1238,2,2,4,130.0,130
1239,2,2,4,131.0,131
1240,2,2,4,132.0,132
1241,3,2,5,133.0,133
1242,3,2,5,133.0,133
1243,3,2,5,133.0,133
1244,3,2,5,133.0,133
1245,3,2,5,133.0,133
1246,3,2,5,133.0,133
1247,3,2,5,133.0,133
1248,3,2,5,133.0,133
1249,3,2,5,133.0,133
1250,3,2,5,133.0,133
1251,3,2,5,133.0,133
1252,3,2,5,133.0,133
1253,3,2,5,133.0,133
1254,3,2,5,133.0,133
1255,3,2,5,133.0,133
1256,3,2,5,133.0,133
1257,3,2,5,133.0,133
1258,3,2,5,133.0,133
1259,3,2,5,133.0,133
1260,3,2,5,133.0,133
1261,3,2,5,133.0,133
1262,3,2,5,133.0,133
1263,3,2,5,133.0,133
1264,3,2,5,133.0,133
1265,3,2,5,133.0,133
1266,3,2,5,133.0,133
1267,3,2,5,133.0,133
1268,3,2,5,133.0,133
1269,3,2,5,133.0,133
1270,3,2,5,133.0,133
1271,3,2,5,133.0,133
1272,3,2,5,133.0,133
1273,3,2,5,133.0,133
1274,3,2,5,133.0,133
1275,3,2,5,133.0,133
1276,3,2,5,133.0,133
1277,3,2,5,133.0,133
1278,3,2,5,133.0,133
1279,3,2,5,133.0,133
1280,3,2,5,133.0,133
1281,3,2,5,133.0,133
1282,3,2,5,0.0,0
1283,3,2,5,0.0,0
1284,3,2,5,0.0,0
1285,3,2,5,0.0,0
1286,3,2,5,0.0,0
1287,3,2,5,0.0,0
1288,3,2,5,0.0,0
1289,3,2,5,0.0,0
1290,3,2,5,0.0,0
1291,3,2,5,0.0,0
1292,3,2,5,0.0,0
1293,3,2,5,0.0,0
1294,3,2,5,0.0,0
1295,3,2,5,0.0,0
1296,3,2,5,0.0,0
1297,3,2,5,0.0,0
1298,3,2,5,0.0,0
1299,3,2,5,0.0,0
1300,3,2,5,0.0,0
1301,3,2,5,0.0,0
1302,3,2,5,0.0,0
1303,3,2,5,0.0,0
1304,3,2,5,0.0,0
1305,3,2,5,0.0,0
1306,3,2,5,0.0,0
1307,3,2,5,0.0,0
1308,3,2,5,0.0,0
1309,3,2,5,0.0,0
1310,3,2,5,0.0,0
1311,3,2,5,0.0,0
1312,3,2,5,0.0,0
1313,3,2,5,0.0,0
1314,3,2,5,0.0,0
1315,3,2,5,0.0,0
1316,3,2,5,0.0,0
1317,3,2,5,0.0,0
1318,3,2,5,0.0,0
1319,3,2,5,0.0,0
1320,3,2,5,0.0,0
1321,3,2,5,0.0,0
1322,3,2,5,0.0,0
1323,3,2,5,0.0,0
1324,3,2,5,0.0,0
1325,3,2,5,0.0,0
1326,3,2,5,0.0,0
1327,3,2,5,0.0,0
1328,3,2,5,0.0,0
1329,3,2,5,0.0,0
1330,3,2,5,0.0,0
1331,3,2,5,0.0,0
1332,3,2,5,0.0,0
1333,3,2,5,0.0,0
1334,3,2,5,0.0,0
1335,3,2,5,0.0,0
1336,3,2,5,0.0,0
1337,3,2,5,0.0,0
1338,3,2,5,0.0,0
1339,3,2,5,0.0,0
1340,3,2,5,0.0,0
1341,3,2,5,0.0,0
1342,3,2,5,0.0,0
1343,3,2,5,0.0,0
1344,3,2,5,0.0,0
1345,3,2,5,0.0,0
1346,3,2,5,0.0,0
1347,3,2,5,0.0,0
1348,3,2,5,0.0,0
1349,3,2,5,0.0,0
1350,3,2,5,0.0,0
1351,3,2,5,0.0,0
1352,3,2,5,0.0,0
1353,3,2,5,0.0,0
1354,3,2,5,0.0,0
1355,3,2,5,0.0,0
1356,3,2,5,0.0,0
1357,3,2,5,0.0,0
1358,3,2,5,0.0,0
1359,3,2,5,0.0,0
1360,3,2,5,0.0,0
1361,3,2,5,0.0,0
1362,3,2,5,0.0,0
1363,3,2,5,0.0,0
1364,3,2,5,0.0,0
1365,3,2,5,0.0,0
1366,3,2,5,0.0,0
1367,3,2,5,0.0,0
1368,3,2,5,1.0,1
1369,3,2,5,2.0,2
1370,3,2,5,3.0,3
1371,3,2,5,4.0,4
1372,3,2,5,5.0,5
1373,3,2,5,6.0,6
1374,3,2,5,7.0,7
1375,3,2,5,8.0,8
1376,3,2,5,9.0,9
1377,3,2,5,10.0,10
1378,3,2,5,11.0,11
1379,3,2,5,12.0,12
1380,3,2,5,13.0,13
1381,3,2,5,14.0,14
1382,3,2,5,15.0,15
1383,3,2,5,16.0,16
1384,3,2,5,17.0,17
1385,3,2,5,18.0,18
1386,3,2,5,19.0,19
1387,3,2,5,20.0,20
1388,3,2,5,21.0,21
1389,3,2,5,22.0,22
1390,3,2,5,23.0,23
1391,3,2,5,24.0,24
1392,3,2,5,25.0,25
1393,3,2,5,26.0,26
1394,3,2,5,27.0,27
1395,3,2,5,28.0,28
1396,3,2,5,29.0,29
1397,3,2,5,30.0,30
1398,3,2,5,31.0,31
1399,3,2,5,32.0,32
1400,3,2,5,33.0,33
1401,3,2,5,34.0,34
1402,3,2,5,35.0,35
1403,3,2,5,36.0,36
1404,3,2,5,37.0,37
1405,3,2,5,38.0,38
1406,3,2,5,39.0,39
1407,3,2,5,40.0,40
1408,3,2,5,41.0,41
1409,3,2,5,42.0,42
1410,3,2,5,43.0,43
1411,3,2,5,44.0,44
1412,3,2,5,45.0,45
1413,3,2,5,46.0,46
1414,3,2,5,47.0,47
1415,3,2,5,48.0,48
1416,3,2,5,49.0,49
1417,3,2,5,50.0,50
1418,3,2,5,51.0,51
1419,3,2,5,52.0,52
1420,3,2,5,53.0,53
1421,3,2,5,54.0,54
1422,3,2,5,55.0,55
1423,3,2,5,56.0,56
1424,3,2,5,57.0,57
1425,3,2,5,58.0,58
1426,3,2,5,59.0,59
1427,3,2,5,60.0,60
1428,3,2,5,61.0,61
1429,3,2,5,62.0,62
1430,3,2,5,63.0,63
1431,3,2,5,64.0,64
1432,3,2,5,65.0,65
1433,3,2,5,66.0,66
1434,3,2,5,67.0,67
1435,3,2,5,68.0,68
1436,3,2,5,69.0,69
1437,3,2,5,70.0,70
1438,3,2,5,71.0,71
1439,3,2,5,72.0,72
1440,3,2,5,73.0,73
1441,3,2,5,74.0,74
1442,3,2,5,75.0,75
1443,3,2,5,76.0,76
1444,3,2,5,77.0,77
1445,3,2,5,78.0,78
1446,3,2,5,79.0,79
1447,3,2,5,80.0,80
1448,3,2,5,81.0,81
1449,3,2,5,82.0,82
1450,3,2,5,83.0,83
1451,3,2,5,84.0,84
1452,3,2,5,85.0,85
1453,3,2,5,86.0,86
1454,4,2,6,87.0,87
1455,4,2,6,87.0,87
1456,4,2,6,87.0,87
1457,4,2,6,87.0,87
1458,4,2,6,87.0,87
1459,4,2,6,87.0,87
1460,4,2,6,87.0,87
1461,4,2,6,87.0,87
1462,4,2,6,87.0,87
1463,4,2,6,87.0,87
1464,4,2,6,87.0,87
1465,4,2,6,87.0,87
1466,4,2,6,87.0,87
1467,4,2,6,87.0,87
1468,4,2,6,87.0,87
1469,4,2,6,87.0,87
1470,4,2,6,87.0,87
1471,4,2,6,87.0,87
1472,4,2,6,87.0,87
1473,4,2,6,87.0,87
1474,4,2,6,87.0,87
1475,4,2,6,87.0,87
1476,4,2,6,87.0,87
1477,4,2,6,87.0,87
1478,4,2,6,87.0,87
1479,4,2,6,87.0,87
1480,4,2,6,87.0,87
1481,4,2,6,87.0,87
1482,4,2,6,87.0,87
1483,4,2,6,87.0,87
1484,4,2,6,87.0,87
1485,4,2,6,87.0,87
1486,4,2,6,87.0,87
1487,4,2,6,87.0,87
1488,4,2,6,87.0,87
1489,4,2,6,87.0,87
1490,4,2,6,87.0,87
1491,4,2,6,87.0,87
1492,4,2,6,87.0,87
1493,4,2,6,87.0,87
1494,4,2,6,87.0,87
1495,4,2,6,0.0,0
1496,4,2,6,0.0,0
1497,4,2,6,0.0,0
1498,4,2,6,0.0,0
1499,4,2,6,0.0,0
1500,4,2,6,0.0,0
1501,4,2,6,0.0,0
1502,4,2,6,0.0,0
1503,4,2,6,0.0,0
1504,4,2,6,0.0,0
1505,4,2,6,0.0,0
1506,4,2,6,0.0,0
1507,4,2,6,0.0,0
1508,4,2,6,0.0,0
1509,4,2,6,0.0,0
1510,4,2,6,0.0,0
1511,4,2,6,0.0,0
1512,4,2,6,0.0,0
1513,4,2,6,0.0,0
1514,4,2,6,0.0,0
1515,4,2,6,0.0,0
1516,4,2,6,0.0,0
1517,4,2,6,0.0,0
1518,4,2,6,0.0,0
1519,4,2,6,0.0,0
1520,4,2,6,0.0,0
1521,4,2,6,0.0,0
1522,4,2,6,0.0,0
1523,4,2,6,0.0,0
1524,4,2,6,0.0,0
1525,4,2,6,0.0,0
1526,4,2,6,0.0,0
1527,4,2,6,0.0,0
1528,4,2,6,0.0,0
1529,4,2,6,0.0,0
1530,4,2,6,0.0,0
1531,4,2,6,0.0,0
1532,4,2,6,0.0,0
1533,4,2,6,0.0,0
1534,4,2,6,0.0,0
1535,4,2,6,0.0,0
1536,4,2,6,0.0,0
1537,4,2,6,0.0,0
1538,4,2,6,0.0,0
1539,4,2,6,0.0,0
1540,4,2,6,0.0,0
1541,4,2,6,0.0,0
1542,4,2,6,0.0,0
1543,4,2,6,0.0,0
1544,4,2,6,0.0,0
1545,4,2,6,0.0,0
1546,4,2,6,0.0,0
1547,4,2,6,0.0,0
1548,4,2,6,0.0,0
1549,4,2,6,0.0,0
1550,4,2,6,0.0,0
1551,4,2,6,0.0,0
1552,4,2,6,0.0,0
1553,4,2,6,0.0,0
1554,4,2,6,0.0,0
1555,4,2,6,0.0,0
1556,4,2,6,0.0,0
1557,4,2,6,0.0,0
1558,4,2,6,0.0,0
1559,4,2,6,0.0,0
1560,4,2,6,0.0,0
1561,4,2,6,0.0,0
1562,4,2,6,0.0,0
1563,4,2,6,1.0,1
1564,4,2,6,2.0,2
1565,4,2,6,3.0,3
1566,4,2,6,4.0,4
1567,4,2,6,5.0,5
1568,4,2,6,6.0,6
1569,4,2,6,7.0,7
1570,4,2,6,8.0,8
1571,4,2,6,9.0,9
1572,4,2,6,10.0,10
1573,4,2,6,11.0,11
1574,4,2,6,12.0,12
1575,4,2,6,13.0,13
1576,4,2,6,14.0,14
1577,4,2,6,15.0,15
1578,4,2,6,16.0,16
1579,4,2,6,17.0,17
1580,4,2,6,18.0,18
1581,4,2,6,19.0,19
1582,4,2,6,20.0,20
1583,4,2,6,21.0,21
1584,4,2,6,22.0,22
1585,4,2,6,23.0,23
1586,4,2,6,24.0,24
1587,4,2,6,25.0,25
1588,4,2,6,26.0,26
1589,4,2,6,27.0,27
1590,4,2,6,28.0,28
1591,4,2,6,29.0,29
1592,4,2,6,30.0,30
1593,4,2,6,31.0,31
1594,4,2,6,32.0,32
1595,4,2,6,33.0,33
1596,4,2,6,34.0,34
1597,4,2,6,35.0,35
1598,4,2,6,36.0,36
1599,4,2,6,37.0,37
1600,4,2,6,38.0,38
1601,4,2,6,39.0,39
1602,4,2,6,40.0,40
1603,4,2,6,41.0,41
1604,4,2,6,42.0,42
1605,4,2,6,43.0,43
1606,4,2,6,44.0,44
1607,4,2,6,45.0,45
1608,4,2,6,46.0,46
1609,4,2,6,47.0,47
1610,4,2,6,48.0,48
1611,4,2,6,49.0,49
1612,4,2,6,50.0,50
1613,4,2,6,51.0,51
1614,4,2,6,52.0,52
1615,4,2,6,53.0,53
1616,4,2,6,54.0,54
1617,4,2,6,55.0,55
1618,4,2,6,56.0,56
1619,4,2,6,57.0,57
1620,4,2,6,58.0,58
1621,4,2,6,59.0,59
1622,4,2,6,60.0,60
1623,4,2,6,61.0,61
1624,4,2,6,62.0,62
1625,4,2,6,63.0,63
1626,4,2,6,64.0,64
1627,4,2,6,65.0,65
1628,4,2,6,66.0,66
1629,4,2,6,67.0,67
1630,4,2,6,68.0,68
1631,4,2,6,69.0,69
1632,4,2,6,70.0,70
1633,4,2,6,71.0,71
1634,4,2,6,72.0,72
1635,4,2,6,73.0,73
1636,4,2,6,74.0,74
1637,4,2,6,75.0,75
1638,4,2,6,76.0,76
1639,4,2,6,77.0,77
1640,4,2,6,78.0,78
1641,4,2,6,79.0,79
1642,4,2,6,80.0,80
1643,4,2,6,81.0,81
1644,4,2,6,82.0,82
1645,4,2,6,83.0,83
1646,4,2,6,84.0,84
1647,4,2,6,85.0,85
1648,5,2,7,86.0,86
1649,5,2,7,86.0,86
1650,5,2,7,86.0,86
1651,5,2,7,86.0,86
1652,5,2,7,86.0,86
1653,5,2,7,86.0,86
1654,5,2,7,86.0,86
1655,5,2,7,86.0,86
1656,5,2,7,86.0,86
1657,5,2,7,86.0,86
1658,5,2,7,86.0,86
1659,5,2,7,86.0,86
1660,5,2,7,86.0,86
1661,5,2,7,86.0,86
1662,5,2,7,86.0,86
1663,5,2,7,86.0,86
1664,5,2,7,86.0,86
1665,5,2,7,86.0,86
1666,5,2,7,86.0,86
1667,5,2,7,86.0,86
1668,5,2,7,86.0,86
1669,5,2,7,86.0,86
1670,5,2,7,86.0,86
1671,5,2,7,86.0,86
1672,5,2,7,86.0,86
1673,5,2,7,86.0,86
1674,5,2,7,86.0,86
1675,5,2,7,86.0,86
1676,5,2,7,86.0,86
1677,5,2,7,86.0,86
1678,5,2,7,86.0,86
1679,5,2,7,86.0,86
1680,5,2,7,86.0,86
1681,5,2,7,86.0,86
1682,5,2,7,86.0,86
1683,5,2,7,86.0,86
1684,5,2,7,86.0,86
1685,5,2,7,86.0,86
1686,5,2,7,0.0,0
1687,5,2,7,0.0,0
1688,5,2,7,0.0,0
1689,5,2,7,0.0,0
1690,5,2,7,0.0,0
1691,5,2,7,0.0,0
1692,5,2,7,0.0,0
1693,5,2,7,0.0,0
1694,5,2,7,0.0,0
1695,5,2,7,0.0,0
1696,5,2,7,0.0,0
1697,5,2,7,0.0,0
1698,5,2,7,0.0,0
1699,5,2,7,0.0,0
1700,5,2,7,0.0,0
1701,5,2,7,0.0,0
1702,5,2,7,0.0,0
1703,5,2,7,0.0,0
1704,5,2,7,0.0,0
1705,5,2,7,0.0,0
1706,5,2,7,0.0,0
1707,5,2,7,0.0,0
1708,5,2,7,0.0,0
1709,5,2,7,0.0,0
1710,5,2,7,0.0,0
1711,5,2,7,0.0,0
1712,5,2,7,0.0,0
1713,5,2,7,0.0,0
1714,5,2,7,0.0,0
1715,5,2,7,0.0,0
1716,5,2,7,0.0,0
1717,5,2,7,0.0,0
1718,5,2,7,0.0,0
1719,5,2,7,0.0,0
1720,5,2,7,0.0,0
1721,5,2,7,0.0,0
1722,5,2,7,0.0,0
1723,5,2,7,0.0,0
1724,5,2,7,0.0,0
1725,5,2,7,0.0,0
1726,5,2,7,0.0,0
1727,5,2,7,0.0,0
1728,5,2,7,0.0,0
1729,5,2,7,0.0,0
1730,5,2,7,0.0,0
1731,5,2,7,0.0,0
1732,5,2,7,0.0,0
1733,5,2,7,0.0,0
1734,5,2,7,0.0,0
1735,5,2,7,0.0,0
1736,5,2,7,0.0,0
1737,5,2,7,0.0,0
1738,5,2,7,0.0,0
1739,5,2,7,0.0,0
1740,5,2,7,0.0,0
1741,5,2,7,0.0,0
1742,5,2,7,0.0,0
1743,5,2,7,0.0,0
1744,5,2,7,0.0,0
1745,5,2,7,0.0,0
1746,5,2,7,0.0,0
1747,5,2,7,0.0,0
1748,5,2,7,0.0,0
1749,5,2,7,0.0,0
1750,5,2,7,0.0,0
1751,5,2,7,0.0,0
1752,5,2,7,0.0,0
1753,5,2,7,0.0,0
1754,5,2,7,0.0,0
1755,5,2,7,0.0,0
1756,5,2,7,0.0,0
1757,5,2,7,0.0,0
1758,5,2,7,0.0,0
1759,5,2,7,0.0,0
1760,5,2,7,0.0,0
1761,5,2,7,0.0,0
1762,5,2,7,0.0,0
1763,5,2,7,0.0,0
1764,5,2,7,0.0,0
1765,5,2,7,0.0,0
1766,5,2,7,0.0,0
1767,5,2,7,1.0,1
1768,5,2,7,2.0,2
1769,5,2,7,3.0,3
1770,5,2,7,4.0,4
1771,5,2,7,5.0,5
1772,5,2,7,6.0,6
1773,5,2,7,7.0,7
1774,5,2,7,8.0,8
1775,5,2,7,9.0,9
1776,5,2,7,10.0,10
1777,5,2,7,11.0,11
1778,5,2,7,12.0,12
1779,5,2,7,13.0,13
1780,5,2,7,14.0,14
1781,5,2,7,15.0,15
1782,5,2,7,16.0,16
1783,5,2,7,17.0,17
1784,5,2,7,18.0,18
1785,5,2,7,19.0,19
1786,5,2,7,20.0,20
1787,5,2,7,21.0,21
1788,5,2,7,22.0,22
1789,5,2,7,23.0,23
1790,5,2,7,24.0,24
1791,5,2,7,25.0,25
1792,5,2,7,26.0,26
1793,5,2,7,27.0,27
1794,5,2,7,28.0,28
1795,5,2,7,29.0,29
1796,5,2,7,30.0,30
1797,5,2,7,31.0,31
1798,5,2,7,32.0,32
1799,5,2,7,33.0,33
1800,5,2,7,34.0,34
1801,5,2,7,35.0,35
1802,5,2,7,36.0,36
1803,5,2,7,37.0,37
1804,5,2,7,38.0,38
1805,5,2,7,39.0,39
1806,5,2,7,40.0,40
1807,5,2,7,41.0,41
1808,5,2,7,42.0,42
1809,5,2,7,43.0,43
1810,5,2,7,44.0,44
1811,5,2,7,45.0,45
1812,5,2,7,46.0,46
1813,5,2,7,47.0,47
1814,5,2,7,48.0,48
1815,5,2,7,49.0,49
1816,5,2,7,50.0,50
1817,5,2,7,51.0,51
1818,5,2,7,52.0,52
1819,5,2,7,53.0,53
1820,5,2,7,54.0,54
1821,5,2,7,55.0,55
1822,5,2,7,56.0,56
1823,5,2,7,57.0,57
1824,5,2,7,58.0,58
1825,5,2,7,59.0,59
1826,5,2,7,60.0,60
1827,5,2,7,61.0,61
1828,5,2,7,62.0,62
1829,5,2,7,63.0,63
1830,5,2,7,64.0,64
1831,5,2,7,65.0,65
1832,5,2,7,66.0,66
1833,5,2,7,67.0,67
1834,5,2,7,68.0,68
1835,5,2,7,69.0,69
1836,5,2,7,70.0,70
1837,5,2,7,71.0,71
1838,5,2,7,72.0,72
1839,5,2,7,73.0,73
1840,5,2,7,74.0,74
1841,5,2,7,75.0,75
1842,5,2,7,76.0,76
1843,5,2,7,77.0,77
1844,5,2,7,78.0,78
1845,5,2,7,79.0,79
1846,5,2,7,80.0,80
1847,5,2,7,81.0,81
1848,5,2,7,82.0,82
1849,5,2,7,83.0,83
1850,5,2,7,84.0,84
1851,5,2,7,85.0,85
1852,5,2,7,86.0,86
1853,5,2,7,87.0,87
1854,5,2,7,88.0,88
1855,5,2,7,89.0,89
1856,5,2,7,90.0,90
1857,5,2,7,91.0,91
1858,5,2,7,92.0,92
1859,5,2,7,93.0,93
1860,5,2,7,94.0,94
1861,5,2,7,95.0,95
1862,5,2,7,96.0,96
1863,5,2,7,97.0,97
1864,6,2,8,98.0,98
1865,6,2,8,98.0,98
1866,6,2,8,98.0,98
1867,6,2,8,98.0,98
1868,6,2,8,98.0,98
1869,6,2,8,98.0,98
1870,6,2,8,98.0,98
1871,6,2,8,98.0,98
1872,6,2,8,98.0,98
1873,6,2,8,98.0,98
1874,6,2,8,98.0,98
1875,6,2,8,98.0,98
1876,6,2,8,98.0,98
1877,6,2,8,98.0,98
1878,6,2,8,98.0,98
1879,6,2,8,98.0,98
1880,6,2,8,98.0,98
1881,6,2,8,98.0,98
1882,6,2,8,98.0,98
1883,6,2,8,98.0,98
1884,6,2,8,98.0,98
1885,6,2,8,98.0,98
1886,6,2,8,98.0,98
1887,6,2,8,98.0,98
1888,6,2,8,98.0,98
1889,6,2,8,98.0,98
1890,6,2,8,98.0,98
1891,6,2,8,98.0,98
1892,6,2,8,98.0,98
1893,6,2,8,98.0,98
1894,6,2,8,98.0,98
1895,6,2,8,98.0,98
1896,6,2,8,98.0,98
1897,6,2,8,98.0,98
1898,6,2,8,98.0,98
1899,6,2,8,98.0,98
1900,6,2,8,98.0,98
1901,6,2,8,98.0,98
1902,6,2,8,98.0,98
1903,6,2,8,98.0,98
1904,6,2,8,98.0,98
1905,6,2,8,98.0,98
1906,6,2,8,98.0,98
1907,6,2,8,98.0,98
1908,6,2,8,98.0,98
1909,6,2,8,98.0,98
1910,6,2,8,0.0,0
1911,6,2,8,0.0,0
1912,6,2,8,0.0,0
1913,6,2,8,0.0,0
1914,6,2,8,0.0,0
1915,6,2,8,0.0,0
1916,6,2,8,0.0,0
1917,6,2,8,0.0,0
1918,6,2,8,0.0,0
1919,6,2,8,0.0,0
1920,6,2,8,0.0,0
1921,6,2,8,0.0,0
1922,6,2,8,0.0,0
1923,6,2,8,0.0,0
1924,6,2,8,0.0,0
1925,6,2,8,0.0,0
1926,6,2,8,0.0,0
1927,6,2,8,0.0,0
1928,6,2,8,0.0,0
1929,6,2,8,0.0,0
1930,6,2,8,0.0,0
1931,6,2,8,0.0,0
1932,6,2,8,0.0,0
1933,6,2,8,0.0,0
1934,6,2,8,0.0,0
1935,6,2,8,0.0,0
1936,6,2,8,0.0,0
1937,6,2,8,0.0,0
1938,6,2,8,0.0,0
1939,6,2,8,0.0,0
1940,6,2,8,0.0,0
1941,6,2,8,0.0,0
1942,6,2,8,0.0,0
1943,6,2,8,0.0,0
1944,6,2,8,0.0,0
1945,6,2,8,0.0,0
1946,6,2,8,0.0,0
1947,6,2,8,0.0,0
1948,6,2,8,0.0,0
1949,6,2,8,0.0,0
1950,6,2,8,0.0,0
1951,6,2,8,0.0,0
1952,6,2,8,0.0,0
1953,6,2,8,0.0,0
1954,6,2,8,0.0,0
1955,6,2,8,0.0,0
1956,6,2,8,0.0,0
1957,6,2,8,0.0,0
1958,6,2,8,0.0,0
1959,6,2,8,0.0,0
1960,6,2,8,0.0,0
1961,6,2,8,0.0,0
1962,6,2,8,0.0,0
1963,6,2,8,0.0,0
1964,6,2,8,0.0,0
1965,6,2,8,0.0,0
1966,6,2,8,0.0,0
1967,6,2,8,0.0,0
1968,6,2,8,0.0,0
1969,6,2,8,0.0,0
1970,6,2,8,0.0,0
1971,6,2,8,0.0,0
1972,6,2,8,0.0,0
1973,6,2,8,0.0,0
1974,6,2,8,0.0,0
1975,6,2,8,0.0,0
1976,6,2,8,0.0,0
1977,6,2,8,0.0,0
1978,6,2,8,0.0,0
1979,6,2,8,0.0,0
1980,6,2,8,0.0,0
1981,6,2,8,0.0,0
1982,6,2,8,1.0,1
1983,6,2,8,2.0,2
1984,6,2,8,3.0,3
1985,6,2,8,4.0,4
1986,6,2,8,5.0,5
1987,6,2,8,6.0,6
1988,6,2,8,7.0,7
1989,6,2,8,8.0,8
1990,6,2,8,9.0,9
1991,6,2,8,10.0,10
1992,6,2,8,11.0,11
1993,6,2,8,12.0,12
1994,6,2,8,13.0,13
1995,6,2,8,14.0,14
1996,6,2,8,15.0,15
1997,6,2,8,16.0,16
1998,6,2,8,17.0,17
1999,6,2,8,18.0,18
2000,6,2,8,19.0,19
2001,6,2,8,20.0,20
2002,6,2,8,21.0,21
2003,6,2,8,22.0,22
2004,6,2,8,23.0,23
2005,6,2,8,24.0,24
2006,6,2,8,25.0,25
2007,6,2,8,26.0,26
2008,6,2,8,27.0,27
2009,6,2,8,28.0,28
2010,6,2,8,29.0,29
2011,6,2,8,30.0,30
2012,6,2,8,31.0,31
2013,6,2,8,32.0,32
2014,6,2,8,33.0,33
2015,6,2,8,34.0,34
2016,6,2,8,35.0,35
2017,6,2,8,36.0,36
2018,6,2,8,37.0,37
2019,6,2,8,38.0,38
2020,6,2,8,39.0,39
2021,6,2,8,40.0,40
2022,6,2,8,41.0,41
2023,6,2,8,42.0,42
2024,6,2,8,43.0,43
2025,6,2,8,44.0,44
2026,6,2,8,45.0,45
2027,6,2,8,46.0,46
2028,6,2,8,47.0,47
2029,6,2,8,48.0,48
2030,6,2,8,49.0,49
2031,6,2,8,50.0,50
2032,6,2,8,51.0,51
2033,6,2,8,52.0,52
2034,6,2,8,53.0,53
2035,6,2,8,54.0,54
2036,6,2,8,55.0,55
2037,6,2,8,56.0,56
2038,6,2,8,57.0,57
2039,6,2,8,58.0,58
2040,6,2,8,59.0,59
2041,6,2,8,60.0,60
2042,6,2,8,61.0,61
2043,6,2,8,62.0,62
2044,6,2,8,63.0,63
2045,6,2,8,64.0,64
2046,6,2,8,65.0,65
2047,6,2,8,66.0,66
2048,6,2,8,67.0,67
2049,6,2,8,68.0,68
2050,6,2,8,69.0,69
2051,6,2,8,70.0,70
2052,6,2,8,71.0,71
2053,6,2,8,72.0,72
2054,6,2,8,73.0,73
2055,6,2,8,74.0,74
2056,6,2,8,75.0,75
2057,6,2,8,76.0,76
2058,6,2,8,77.0,77
2059,6,2,8,78.0,78
2060,6,2,8,79.0,79
2061,6,2,8,80.0,80
2062,6,2,8,81.0,81
2063,6,2,8,82.0,82
2064,6,2,8,83.0,83
2065,6,2,8,84.0,84
2066,6,2,8,85.0,85
2067,6,2,8,86.0,86
2068,6,2,8,87.0,87
2069,6,2,8,88.0,88
2070,6,2,8,89.0,89
2071,6,2,8,90.0,90
2072,6,2,8,91.0,91
2073,7,2,9,92.0,92
2074,7,2,9,92.0,92
2075,7,2,9,92.0,92
2076,7,2,9,92.0,92
2077,7,2,9,92.0,92
2078,7,2,9,92.0,92
2079,7,2,9,92.0,92
2080,7,2,9,92.0,92
2081,7,2,9,92.0,92
2082,7,2,9,92.0,92
2083,7,2,9,92.0,92
2084,7,2,9,92.0,92
2085,7,2,9,92.0,92
2086,7,2,9,92.0,92
2087,7,2,9,92.0,92
2088,7,2,9,92.0,92
2089,7,2,9,92.0,92
2090,7,2,9,92.0,92
2091,7,2,9,92.0,92
2092,7,2,9,92.0,92
2093,7,2,9,92.0,92
2094,7,2,9,92.0,92
2095,7,2,9,92.0,92
2096,7,2,9,92.0,92
2097,7,2,9,92.0,92
2098,7,2,9,92.0,92
2099,7,2,9,92.0,92
2100,7,2,9,92.0,92
2101,7,2,9,92.0,92
2102,7,2,9,92.0,92
2103,7,2,9,92.0,92
2104,7,2,9,92.0,92
2105,7,2,9,92.0,92
2106,7,2,9,92.0,92
2107,7,2,9,92.0,92
2108,7,2,9,92.0,92
2109,7,2,9,92.0,92
2110,7,2,9,92.0,92
2111,7,2,9,92.0,92
2112,7,2,9,92.0,92
2113,7,2,9,92.0,92
2114,7,2,9,92.0,92
2115,7,2,9,92.0,92
2116,7,2,9,92.0,92
2117,7,2,9,92.0,92
2118,7,2,9,92.0,92
2119,7,2,9,92.0,92
2120,7,2,9,92.0,92
2121,7,2,9,92.0,92
2122,7,2,9,92.0,92
2123,7,2,9,92.0,92
2124,7,2,9,92.0,92
2125,7,2,9,92.0,92
2126,7,2,9,92.0,92
2127,7,2,9,92.0,92
2128,7,2,9,92.0,92
2129,7,2,9,92.0,92
2130,7,2,9,92.0,92
2131,7,2,9,92.0,92
2132,7,2,9,92.0,92
2133,7,2,9,0.0,0
2134,7,2,9,0.0,0
2135,7,2,9,0.0,0
2136,7,2,9,0.0,0
2137,7,2,9,0.0,0
2138,7,2,9,0.0,0
2139,7,2,9,0.0,0
2140,7,2,9,0.0,0
2141,7,2,9,0.0,0
2142,7,2,9,0.0,0
2143,7,2,9,0.0,0
2144,7,2,9,0.0,0
2145,7,2,9,0.0,0
2146,7,2,9,0.0,0
2147,7,2,9,0.0,0
2148,7,2,9,0.0,0
2149,7,2,9,0.0,0
2150,7,2,9,0.0,0
2151,7,2,9,0.0,0
2152,7,2,9,0.0,0
2153,7,2,9,0.0,0
2154,7,2,9,0.0,0
2155,7,2,9,0.0,0
2156,7,2,9,0.0,0
2157,7,2,9,0.0,0
2158,7,2,9,0.0,0
2159,7,2,9,0.0,0
2160,7,2,9,0.0,0
2161,7,2,9,0.0,0
2162,7,2,9,0.0,0
2163,7,2,9,0.0,0
2164,7,2,9,0.0,0
2165,7,2,9,0.0,0
2166,7,2,9,0.0,0
2167,7,2,9,0.0,0
2168,7,2,9,0.0,0
2169,7,2,9,0.0,0
2170,7,2,9,0.0,0
2171,7,2,9,0.0,0
2172,7,2,9,0.0,0
2173,7,2,9,0.0,0
2174,7,2,9,0.0,0
2175,7,2,9,0.0,0
2176,7,2,9,0.0,0
2177,7,2,9,0.0,0
2178,7,2,9,0.0,0
2179,7,2,9,0.0,0
2180,7,2,9,0.0,0
2181,7,2,9,0.0,0
2182,7,2,9,0.0,0
2183,7,2,9,0.0,0
2184,7,2,9,0.0,0
2185,7,2,9,0.0,0
2186,7,2,9,0.0,0
2187,7,2,9,0.0,0
2188,7,2,9,0.0,0
2189,7,2,9,0.0,0
2190,7,2,9,0.0,0
2191,7,2,9,0.0,0
2192,7,2,9,0.0,0
2193,7,2,9,0.0,0
2194,7,2,9,0.0,0
2195,7,2,9,0.0,0
2196,7,2,9,0.0,0
2197,7,2,9,0.0,0
2198,7,2,9,0.0,0
2199,7,2,9,0.0,0
2200,7,2,9,0.0,0
2201,7,2,9,0.0,0
2202,7,2,9,0.0,0
2203,7,2,9,0.0,0
2204,7,2,9,0.0,0
2205,7,2,9,0.0,0
2206,7,2,9,0.0,0
2207,7,2,9,0.0,0
2208,7,2,9,0.0,0
2209,7,2,9,0.0,0
2210,7,2,9,0.0,0
2211,7,2,9,0.0,0
2212,7,2,9,0.0,0
2213,7,2,9,0.0,0
2214,7,2,9,0.0,0
2215,7,2,9,0.0,0
2216,7,2,9,0.0,0
2217,7,2,9,0.0,0
2218,7,2,9,0.0,0
2219,7,2,9,0.0,0
2220,7,2,9,0.0,0
2221,7,2,9,0.0,0
2222,7,2,9,0.0,0
2223,7,2,9,0.0,0
2224,7,2,9,0.0,0
2225,7,2,9,0.0,0
2226,7,2,9,0.0,0
2227,7,2,9,0.0,0
2228,7,2,9,0.0,0
2229,7,2,9,0.0,0
2230,7,2,9,0.0,0
2231,7,2,9,0.0,0
2232,7,2,9,0.0,0
2233,7,2,9,0.0,0
2234,7,2,9,0.0,0
2235,7,2,9,0.0,0
2236,7,2,9,0.0,0
2237,7,2,9,0.0,0
2238,7,2,9,0.0,0
2239,7,2,9,0.0,0
2240,7,2,9,0.0,0
2241,7,2,9,0.0,0
2242,7,2,9,0.0,0
2243,7,2,9,0.0,0
2244,7,2,9,0.0,0
2245,7,2,9,0.0,0
2246,7,2,9,0.0,0
2247,7,2,9,0.0,0
2248,7,2,9,0.0,0
2249,7,2,9,0.0,0
2250,7,2,9,0.0,0
2251,7,2,9,0.0,0
2252,7,2,9,0.0,0
2253,7,2,9,0.0,0
2254,7,2,9,0.0,0
2255,7,2,9,0.0,0
2256,7,2,9,0.0,0
2257,7,2,9,0.0,0
2258,7,2,9,0.0,0
2259,7,2,9,0.0,0
2260,7,2,9,0.0,0
2261,7,2,9,0.0,0
2262,7,2,9,0.0,0
2263,7,2,9,0.0,0
2264,7,2,9,0.0,0
2265,7,2,9,0.0,0
2266,7,2,9,0.0,0
2267,7,2,9,0.0,0
2268,7,2,9,1.0,1
2269,7,2,9,2.0,2
2270,7,2,9,3.0,3
2271,7,2,9,4.0,4
2272,7,2,9,5.0,5
2273,7,2,9,6.0,6
2274,7,2,9,7.0,7
2275,7,2,9,8.0,8
2276,7,2,9,9.0,9
2277,7,2,9,10.0,10
2278,7,2,9,11.0,11
2279,7,2,9,12.0,12
2280,7,2,9,13.0,13
2281,7,2,9,14.0,14
2282,7,2,9,15.0,15
2283,7,2,9,16.0,16
2284,7,2,9,17.0,17
2285,7,2,9,18.0,18
2286,7,2,9,19.0,19
2287,7,2,9,20.0,20
2288,7,2,9,21.0,21
2289,7,2,9,22.0,22
2290,7,2,9,23.0,23
2291,7,2,9,24.0,24
2292,7,2,9,25.0,25
2293,7,2,9,26.0,26
2294,7,2,9,27.0,27
2295,7,2,9,28.0,28
2296,7,2,9,29.0,29
2297,7,2,9,30.0,30
2298,7,2,9,31.0,31
2299,7,2,9,32.0,32
2300,7,2,9,33.0,33
2301,7,2,9,34.0,34
2302,7,2,9,35.0,35
2303,7,2,9,36.0,36
2304,7,2,9,37.0,37
2305,7,2,9,38.0,38
2306,7,2,9,39.0,39
2307,7,2,9,40.0,40
2308,7,2,9,41.0,41
2309,7,2,9,42.0,42
2310,7,2,9,43.0,43
2311,7,2,9,44.0,44
2312,7,2,9,45.0,45
2313,7,2,9,46.0,46
2314,7,2,9,47.0,47
2315,7,2,9,48.0,48
2316,7,2,9,49.0,49
2317,7,2,9,50.0,50
2318,7,2,9,51.0,51
2319,7,2,9,52.0,52
2320,7,2,9,53.0,53
2321,7,2,9,54.0,54
2322,7,2,9,55.0,55
2323,7,2,9,56.0,56
2324,7,2,9,57.0,57
2325,7,2,9,58.0,58
2326,7,2,9,59.0,59
2327,7,2,9,60.0,60
2328,7,2,9,61.0,61
2329,7,2,9,62.0,62
2330,7,2,9,63.0,63
2331,7,2,9,64.0,64
2332,7,2,9,65.0,65
2333,7,2,9,66.0,66
2334,7,2,9,67.0,67
2335,7,2,9,68.0,68
2336,7,2,9,69.0,69
2337,7,2,9,70.0,70
2338,7,2,9,71.0,71
2339,7,2,9,72.0,72
2340,7,2,9,73.0,73
2341,7,2,9,74.0,74
2342,7,2,9,75.0,75
2343,7,2,9,76.0,76
2344,7,2,9,77.0,77
2345,7,2,9,78.0,78
2346,7,2,9,79.0,79
2347,7,2,9,80.0,80
2348,7,2,9,81.0,81
2349,7,2,9,82.0,82
2350,7,2,9,83.0,83
2351,7,2,9,84.0,84
2352,7,2,9,85.0,85
2353,7,2,9,86.0,86
2354,7,2,9,87.0,87
2355,7,2,9,88.0,88
2356,7,2,9,89.0,89
2357,7,2,9,90.0,90
2358,7,2,9,91.0,91
2359,7,2,9,92.0,92
2360,7,2,9,93.0,93
2361,7,2,9,94.0,94
2362,7,2,9,95.0,95
2363,7,2,9,96.0,96
2364,7,2,9,97.0,97
2365,7,2,9,98.0,98
2366,7,2,9,99.0,99
2367,7,2,9,100.0,100
2368,7,2,9,101.0,101
2369,7,2,9,102.0,102
2370,7,2,9,103.0,103
2371,7,2,9,104.0,104
2372,7,2,9,105.0,105
2373,7,2,9,106.0,106
2374,7,2,9,107.0,107
2375,7,2,9,108.0,108
2376,7,2,9,109.0,109
2377,7,2,9,110.0,110
2378,7,2,9,111.0,111
2379,7,2,9,112.0,112
2380,7,2,9,113.0,113
2381,8,2,10,114.0,114
2382,8,2,10,114.0,114
2383,8,2,10,114.0,114
2384,8,2,10,114.0,114
2385,8,2,10,114.0,114
2386,8,2,10,114.0,114
2387,8,2,10,114.0,114
2388,8,2,10,114.0,114
2389,8,2,10,114.0,114
2390,8,2,10,114.0,114
2391,8,2,10,114.0,114
2392,8,2,10,114.0,114
2393,8,2,10,114.0,114
2394,8,2,10,114.0,114
2395,8,2,10,114.0,114
2396,8,2,10,114.0,114
2397,8,2,10,114.0,114
2398,8,2,10,114.0,114
2399,8,2,10,114.0,114
2400,8,2,10,114.0,114
2401,8,2,10,114.0,114
2402,8,2,10,114.0,114
2403,8,2,10,114.0,114
2404,8,2,10,114.0,114
2405,8,2,10,114.0,114
2406,8,2,10,114.0,114
2407,8,2,10,114.0,114
2408,8,2,10,114.0,114
2409,8,2,10,114.0,114
2410,8,2,10,114.0,114
2411,8,2,10,114.0,114
2412,8,2,10,114.0,114
2413,8,2,10,114.0,114
2414,8,2,10,114.0,114
2415,8,2,10,114.0,114
2416,8,2,10,114.0,114
2417,8,2,10,114.0,114
2418,8,2,10,114.0,114
2419,8,2,10,0.0,0
2420,8,2,10,0.0,0
2421,8,2,10,0.0,0
2422,8,2,10,0.0,0
2423,8,2,10,0.0,0
2424,8,2,10,0.0,0
2425,8,2,10,0.0,0
2426,8,2,10,0.0,0
2427,8,2,10,0.0,0
2428,8,2,10,0.0,0
2429,8,2,10,0.0,0
2430,8,2,10,0.0,0
2431,8,2,10,0.0,0
2432,8,2,10,0.0,0
2433,8,2,10,0.0,0
2434,8,2,10,0.0,0
2435,8,2,10,0.0,0
2436,8,2,10,0.0,0
2437,8,2,10,0.0,0
2438,8,2,10,0.0,0
2439,8,2,10,0.0,0
2440,8,2,10,0.0,0
2441,8,2,10,0.0,0
2442,8,2,10,0.0,0
2443,8,2,10,0.0,0
2444,8,2,10,0.0,0
2445,8,2,10,0.0,0
2446,8,2,10,0.0,0
2447,8,2,10,0.0,0
2448,8,2,10,0.0,0
2449,8,2,10,0.0,0
2450,8,2,10,0.0,0
2451,8,2,10,0.0,0
2452,8,2,10,0.0,0
2453,8,2,10,0.0,0
2454,8,2,10,0.0,0
2455,8,2,10,0.0,0
2456,8,2,10,0.0,0
2457,8,2,10,0.0,0
2458,8,2,10,0.0,0
2459,8,2,10,0.0,0
2460,8,2,10,0.0,0
2461,8,2,10,0.0,0
2462,8,2,10,0.0,0
2463,8,2,10,0.0,0
2464,8,2,10,0.0,0
2465,8,2,10,0.0,0
2466,8,2,10,0.0,0
2467,8,2,10,0.0,0
2468,8,2,10,0.0,0
2469,8,2,10,0.0,0
2470,8,2,10,0.0,0
2471,8,2,10,0.0,0
2472,8,2,10,0.0,0
2473,8,2,10,0.0,0
2474,8,2,10,0.0,0
2475,8,2,10,0.0,0
2476,8,2,10,0.0,0
2477,8,2,10,0.0,0
2478,8,2,10,0.0,0
2479,8,2,10,0.0,0
2480,8,2,10,0.0,0
2481,8,2,10,0.0,0
2482,8,2,10,0.0,0
2483,8,2,10,0.0,0
2484,8,2,10,0.0,0
2485,8,2,10,0.0,0
2486,8,2,10,0.0,0
2487,8,2,10,0.0,0
2488,8,2,10,0.0,0
2489,8,2,10,0.0,0
2490,8,2,10,0.0,0
2491,8,2,10,0.0,0
2492,8,2,10,0.0,0
2493,8,2,10,0.0,0
2494,8,2,10,0.0,0
2495,8,2,10,0.0,0
2496,8,2,10,0.0,0
2497,8,2,10,0.0,0
2498,8,2,10,0.0,0
2499,8,2,10,0.0,0
2500,8,2,10,0.0,0
2501,8,2,10,0.0,0
2502,8,2,10,0.0,0
2503,8,2,10,0.0,0
2504,8,2,10,0.0,0
2505,8,2,10,0.0,0
2506,8,2,10,0.0,0
2507,8,2,10,0.0,0
2508,8,2,10,0.0,0
2509,8,2,10,0.0,0
2510,8,2,10,0.0,0
2511,8,2,10,0.0,0
2512,8,2,10,0.0,0
2513,8,2,10,0.0,0
2514,8,2,10,0.0,0
2515,8,2,10,0.0,0
2516,8,2,10,0.0,0
2517,8,2,10,0.0,0
2518,8,2,10,0.0,0
2519,8,2,10,0.0,0
2520,8,2,10,0.0,0
2521,8,2,10,0.0,0
2522,8,2,10,0.0,0
2523,8,2,10,0.0,0
2524,8,2,10,0.0,0
2525,8,2,10,0.0,0
2526,8,2,10,0.0,0
2527,8,2,10,0.0,0
2528,8,2,10,0.0,0
2529,8,2,10,0.0,0
2530,8,2,10,0.0,0
2531,8,2,10,0.0,0
2532,8,2,10,0.0,0
2533,8,2,10,0.0,0
2534,8,2,10,0.0,0
2535,8,2,10,0.0,0
2536,8,2,10,0.0,0
2537,8,2,10,0.0,0
2538,8,2,10,0.0,0
2539,8,2,10,0.0,0
2540,8,2,10,0.0,0
2541,8,2,10,0.0,0
2542,8,2,10,0.0,0
2543,8,2,10,0.0,0
2544,8,2,10,0.0,0
2545,8,2,10,0.0,0
2546,8,2,10,0.0,0
2547,8,2,10,0.0,0
2548,8,2,10,0.0,0
2549,8,2,10,0.0,0
2550,8,2,10,0.0,0
2551,8,2,10,0.0,0
2552,8,2,10,0.0,0
2553,8,2,10,0.0,0
2554,8,2,10,0.0,0
2555,8,2,10,0.0,0
2556,8,2,10,0.0,0
2557,8,2,10,0.0,0
2558,8,2,10,0.0,0
2559,8,2,10,0.0,0
2560,8,2,10,0.0,0
2561,8,2,10,0.0,0
2562,8,2,10,0.0,0
2563,8,2,10,0.0,0
2564,8,2,10,0.0,0
2565,8,2,10,0.0,0
2566,8,2,10,0.0,0
2567,8,2,10,0.0,0
2568,8,2,10,0.0,0
2569,8,2,10,0.0,0
2570,8,2,10,0.0,0
2571,8,2,10,0.0,0
2572,8,2,10,0.0,0
2573,8,2,10,0.0,0
2574,8,2,10,0.0,0
2575,8,2,10,0.0,0
2576,8,2,10,0.0,0
2577,8,2,10,0.0,0
2578,8,2,10,0.0,0
2579,8,2,10,0.0,0
2580,8,2,10,0.0,0
2581,8,2,10,0.0,0
2582,8,2,10,0.0,0
2583,8,2,10,0.0,0
2584,8,2,10,0.0,0
2585,8,2,10,0.0,0
2586,8,2,10,0.0,0
2587,8,2,10,0.0,0
2588,8,2,10,0.0,0
2589,8,2,10,0.0,0
2590,8,2,10,0.0,0
2591,8,2,10,0.0,0
2592,8,2,10,1.0,1
2593,8,2,10,2.0,2
2594,8,2,10,3.0,3
2595,8,2,10,4.0,4
2596,8,2,10,5.0,5
2597,8,2,10,6.0,6
2598,8,2,10,7.0,7
2599,8,2,10,8.0,8
2600,8,2,10,9.0,9
2601,8,2,10,10.0,10
2602,8,2,10,11.0,11
2603,8,2,10,12.0,12
2604,8,2,10,13.0,13
2605,8,2,10,14.0,14
2606,8,2,10,15.0,15
2607,8,2,10,16.0,16
2608,8,2,10,17.0,17
2609,8,2,10,18.0,18
2610,8,2,10,19.0,19
2611,8,2,10,20.0,20
2612,8,2,10,21.0,21
2613,8,2,10,22.0,22
2614,8,2,10,23.0,23
2615,8,2,10,24.0,24
2616,8,2,10,25.0,25
2617,8,2,10,26.0,26
2618,8,2,10,27.0,27
2619,8,2,10,28.0,28
2620,8,2,10,29.0,29
2621,8,2,10,30.0,30
2622,8,2,10,31.0,31
2623,8,2,10,32.0,32
2624,8,2,10,33.0,33
2625,8,2,10,34.0,34
2626,8,2,10,35.0,35
2627,8,2,10,36.0,36
2628,8,2,10,37.0,37
2629,8,2,10,38.0,38
2630,8,2,10,39.0,39
2631,8,2,10,40.0,40
2632,8,2,10,41.0,41
2633,8,2,10,42.0,42
2634,8,2,10,43.0,43
2635,8,2,10,44.0,44
2636,8,2,10,45.0,45
2637,8,2,10,46.0,46
2638,8,2,10,47.0,47
2639,8,2,10,48.0,48
2640,8,2,10,49.0,49
2641,8,2,10,50.0,50
2642,8,2,10,51.0,51
2643,8,2,10,52.0,52
2644,8,2,10,53.0,53
2645,8,2,10,54.0,54
2646,8,2,10,55.0,55
2647,8,2,10,56.0,56
2648,8,2,10,57.0,57
2649,8,2,10,58.0,58
2650,8,2,10,59.0,59
2651,8,2,10,60.0,60
2652,8,2,10,61.0,61
2653,8,2,10,62.0,62
2654,8,2,10,63.0,63
2655,8,2,10,64.0,64
2656,8,2,10,65.0,65
2657,8,2,10,66.0,66
2658,8,2,10,67.0,67
2659,8,2,10,68.0,68
2660,8,2,10,69.0,69
2661,8,2,10,70.0,70
2662,8,2,10,71.0,71
2663,8,2,10,72.0,72
2664,8,2,10,73.0,73
2665,8,2,10,74.0,74
2666,8,2,10,75.0,75
2667,8,2,10,76.0,76
2668,8,2,10,77.0,77
2669,8,2,10,78.0,78
2670,8,2,10,79.0,79
2671,8,2,10,80.0,80
2672,8,2,10,81.0,81
2673,8,2,10,82.0,82
2674,8,2,10,83.0,83
2675,8,2,10,84.0,84
2676,8,2,10,85.0,85
2677,8,2,10,86.0,86
2678,8,2,10,87.0,87
2679,8,2,10,88.0,88
2680,8,2,10,89.0,89
2681,8,2,10,90.0,90
2682,8,2,10,91.0,91
2683,8,2,10,92.0,92
2684,8,2,10,93.0,93
2685,8,2,10,94.0,94
2686,8,2,10,95.0,95
2687,8,2,10,96.0,96
2688,8,2,10,97.0,97
2689,8,2,10,98.0,98
2690,8,2,10,99.0,99
2691,8,2,10,100.0,100
2692,8,2,10,101.0,101
2693,8,2,10,102.0,102
2694,8,2,10,103.0,103
2695,8,2,10,104.0,104
2696,8,2,10,105.0,105
2697,8,2,10,106.0,106
2698,8,2,10,107.0,107
2699,8,2,10,108.0,108
2700,8,2,10,109.0,109
2701,8,2,10,110.0,110
2702,8,2,10,111.0,111
2703,8,2,10,112.0,112
2704,8,2,10,113.0,113
2705,8,2,10,114.0,114
2706,8,2,10,115.0,115
2707,8,2,10,116.0,116
2708,9,2,11,117.0,117
2709,9,2,11,117.0,117
2710,9,2,11,117.0,117
2711,9,2,11,117.0,117
2712,9,2,11,117.0,117
2713,9,2,11,117.0,117
2714,9,2,11,117.0,117
2715,9,2,11,117.0,117
2716,9,2,11,117.0,117
2717,9,2,11,117.0,117
2718,9,2,11,117.0,117
2719,9,2,11,117.0,117
2720,9,2,11,117.0,117
2721,9,2,11,117.0,117
2722,9,2,11,117.0,117
2723,9,2,11,117.0,117
2724,9,2,11,117.0,117
2725,9,2,11,117.0,117
2726,9,2,11,117.0,117
2727,9,2,11,117.0,117
2728,9,2,11,117.0,117
2729,9,2,11,117.0,117
2730,9,2,11,117.0,117
2731,9,2,11,117.0,117
2732,9,2,11,117.0,117
2733,9,2,11,117.0,117
2734,9,2,11,117.0,117
2735,9,2,11,117.0,117
2736,9,2,11,117.0,117
2737,9,2,11,117.0,117
2738,9,2,11,117.0,117
2739,9,2,11,117.0,117
2740,9,2,11,117.0,117
2741,9,2,11,117.0,117
2742,9,2,11,117.0,117
2743,9,2,11,117.0,117
2744,9,2,11,117.0,117
2745,9,2,11,117.0,117
2746,9,2,11,117.0,117
2747,9,2,11,117.0,117
2748,9,2,11,117.0,117
2749,9,2,11,117.0,117
2750,9,2,11,117.0,117
2751,9,2,11,117.0,117
2752,9,2,11,117.0,117
2753,9,2,11,0.0,0
2754,9,2,11,0.0,0
2755,9,2,11,0.0,0
2756,9,2,11,0.0,0
2757,9,2,11,0.0,0
2758,9,2,11,0.0,0
2759,9,2,11,0.0,0
2760,9,2,11,0.0,0
2761,9,2,11,0.0,0
2762,9,2,11,0.0,0
2763,9,2,11,0.0,0
2764,9,2,11,0.0,0
2765,9,2,11,0.0,0
2766,9,2,11,0.0,0
2767,9,2,11,0.0,0
2768,9,2,11,0.0,0
2769,9,2,11,0.0,0
2770,9,2,11,0.0,0
2771,9,2,11,0.0,0
2772,9,2,11,0.0,0
2773,9,2,11,0.0,0
2774,9,2,11,0.0,0
2775,9,2,11,0.0,0
2776,9,2,11,0.0,0
2777,9,2,11,0.0,0
2778,9,2,11,0.0,0
2779,9,2,11,0.0,0
2780,9,2,11,0.0,0
2781,9,2,11,0.0,0
2782,9,2,11,0.0,0
2783,9,2,11,0.0,0
2784,9,2,11,0.0,0
2785,9,2,11,0.0,0
2786,9,2,11,0.0,0
2787,9,2,11,0.0,0
2788,9,2,11,0.0,0
2789,9,2,11,0.0,0
2790,9,2,11,0.0,0
2791,9,2,11,0.0,0
2792,9,2,11,0.0,0
2793,9,2,11,0.0,0
2794,9,2,11,0.0,0
2795,9,2,11,0.0,0
2796,9,2,11,0.0,0
2797,9,2,11,0.0,0
2798,9,2,11,0.0,0
2799,9,2,11,0.0,0
2800,9,2,11,0.0,0
2801,9,2,11,0.0,0
2802,9,2,11,0.0,0
2803,9,2,11,0.0,0
2804,9,2,11,0.0,0
2805,9,2,11,0.0,0
2806,9,2,11,0.0,0
2807,9,2,11,0.0,0
2808,9,2,11,0.0,0
2809,9,2,11,0.0,0
2810,9,2,11,0.0,0
2811,9,2,11,0.0,0
2812,9,2,11,0.0,0
2813,9,2,11,0.0,0
2814,9,2,11,0.0,0
2815,9,2,11,0.0,0
2816,9,2,11,0.0,0
2817,9,2,11,0.0,0
2818,9,2,11,0.0,0
2819,9,2,11,0.0,0
2820,9,2,11,0.0,0
2821,9,2,11,0.0,0
2822,9,2,11,0.0,0
2823,9,2,11,0.0,0
2824,9,2,11,0.0,0
2825,9,2,11,0.0,0
2826,9,2,11,0.0,0
2827,9,2,11,0.0,0
2828,9,2,11,0.0,0
2829,9,2,11,0.0,0
2830,9,2,11,0.0,0
2831,9,2,11,0.0,0
2832,9,2,11,0.0,0
2833,9,2,11,0.0,0
2834,9,2,11,0.0,0
2835,9,2,11,0.0,0
2836,9,2,11,0.0,0
2837,9,2,11,0.0,0
2838,9,2,11,0.0,0
2839,9,2,11,0.0,0
2840,9,2,11,0.0,0
2841,9,2,11,0.0,0
2842,9,2,11,0.0,0
2843,9,2,11,0.0,0
2844,9,2,11,0.0,0
2845,9,2,11,0.0,0
2846,9,2,11,0.0,0
2847,9,2,11,0.0,0
2848,9,2,11,0.0,0
2849,9,2,11,0.0,0
2850,9,2,11,0.0,0
2851,9,2,11,0.0,0
2852,9,2,11,0.0,0
2853,9,2,11,0.0,0
2854,9,2,11,0.0,0
2855,9,2,11,0.0,0
2856,9,2,11,0.0,0
2857,9,2,11,0.0,0
2858,9,2,11,0.0,0
2859,9,2,11,0.0,0
2860,9,2,11,0.0,0
2861,9,2,11,0.0,0
2862,9,2,11,0.0,0
2863,9,2,11,0.0,0
2864,9,2,11,0.0,0
2865,9,2,11,0.0,0
2866,9,2,11,0.0,0
2867,9,2,11,0.0,0
2868,9,2,11,0.0,0
2869,9,2,11,0.0,0
2870,9,2,11,0.0,0
2871,9,2,11,0.0,0
2872,9,2,11,0.0,0
2873,9,2,11,0.0,0
2874,9,2,11,0.0,0
2875,9,2,11,0.0,0
2876,9,2,11,0.0,0
2877,9,2,11,0.0,0
2878,9,2,11,0.0,0
2879,9,2,11,0.0,0
2880,9,2,11,0.0,0
2881,9,2,11,0.0,0
2882,9,2,11,0.0,0
2883,9,2,11,0.0,0
2884,9,2,11,0.0,0
2885,9,2,11,0.0,0
2886,9,2,11,0.0,0
2887,9,2,11,0.0,0
2888,9,2,11,0.0,0
2889,9,2,11,0.0,0
2890,9,2,11,0.0,0
2891,9,2,11,0.0,0
2892,9,2,11,0.0,0
2893,9,2,11,0.0,0
2894,9,2,11,0.0,0
2895,9,2,11,0.0,0
2896,9,2,11,1.0,1
2897,9,2,11,2.0,2
2898,9,2,11,3.0,3
2899,9,2,11,4.0,4
2900,9,2,11,5.0,5
2901,9,2,11,6.0,6
2902,9,2,11,7.0,7
2903,9,2,11,8.0,8
2904,9,2,11,9.0,9
2905,9,2,11,10.0,10
2906,9,2,11,11.0,11
2907,9,2,11,12.0,12
2908,9,2,11,13.0,13
2909,9,2,11,14.0,14
2910,9,2,11,15.0,15
2911,9,2,11,16.0,16
2912,9,2,11,17.0,17
2913,9,2,11,18.0,18
2914,9,2,11,19.0,19
2915,9,2,11,20.0,20
2916,9,2,11,21.0,21
2917,9,2,11,22.0,22
2918,9,2,11,23.0,23
2919,9,2,11,24.0,24
2920,9,2,11,25.0,25
2921,9,2,11,26.0,26
2922,9,2,11,27.0,27
2923,9,2,11,28.0,28
2924,9,2,11,29.0,29
2925,9,2,11,30.0,30
2926,9,2,11,31.0,31
2927,9,2,11,32.0,32
2928,9,2,11,33.0,33
2929,9,2,11,34.0,34
2930,9,2,11,35.0,35
2931,9,2,11,36.0,36
2932,9,2,11,37.0,37
2933,9,2,11,38.0,38
2934,9,2,11,39.0,39
2935,9,2,11,40.0,40
2936,9,2,11,41.0,41
2937,9,2,11,42.0,42
2938,9,2,11,43.0,43
2939,9,2,11,44.0,44
2940,9,2,11,45.0,45
2941,9,2,11,46.0,46
2942,9,2,11,47.0,47
2943,9,2,11,48.0,48
2944,9,2,11,49.0,49
2945,9,2,11,50.0,50
2946,9,2,11,51.0,51
2947,9,2,11,52.0,52
2948,9,2,11,53.0,53
2949,9,2,11,54.0,54
2950,9,2,11,55.0,55
2951,9,2,11,56.0,56
2952,9,2,11,57.0,57
2953,9,2,11,58.0,58
2954,9,2,11,59.0,59
2955,9,2,11,60.0,60
2956,9,2,11,61.0,61
2957,9,2,11,62.0,62
2958,9,2,11,63.0,63
2959,9,2,11,64.0,64
2960,9,2,11,65.0,65
2961,9,2,11,66.0,66
2962,9,2,11,67.0,67
2963,9,2,11,68.0,68
2964,9,2,11,69.0,69
2965,9,2,11,70.0,70
2966,9,2,11,71.0,71
2967,9,2,11,72.0,72
2968,9,2,11,73.0,73
2969,9,2,11,74.0,74
2970,9,2,11,75.0,75
2971,9,2,11,76.0,76
2972,9,2,11,77.0,77
2973,9,2,11,78.0,78
2974,9,2,11,79.0,79
2975,9,2,11,80.0,80
2976,9,2,11,81.0,81
2977,9,2,11,82.0,82
2978,9,2,11,83.0,83
2979,9,2,11,84.0,84
2980,9,2,11,85.0,85
2981,9,2,11,86.0,86
2982,9,2,11,87.0,87
2983,9,2,11,88.0,88
2984,9,2,11,89.0,89
2985,9,2,11,90.0,90
2986,9,2,11,91.0,91
2987,9,2,11,92.0,92
2988,9,2,11,93.0,93
2989,9,2,11,94.0,94
2990,9,2,11,95.0,95
2991,9,2,11,96.0,96
2992,9,2,11,97.0,97
2993,9,2,11,98.0,98
2994,9,2,11,99.0,99
2995,9,2,11,100.0,100
2996,9,2,11,101.0,101
2997,9,2,11,102.0,102
2998,9,2,11,103.0,103
2999,9,2,11,104.0,104
3000,9,2,11,105.0,105
3001,9,2,11,106.0,106
3002,9,2,11,107.0,107
3003,9,2,11,108.0,108
3004,9,2,11,109.0,109
3005,9,2,11,110.0,110
3006,9,2,11,111.0,111
3007,9,2,11,112.0,112
3008,9,2,11,113.0,113
3009,9,2,11,114.0,114
3010,9,2,11,115.0,115
3011,9,2,11,116.0,116
3012,9,2,11,117.0,117
3013,10,2,12,118.0,118
3014,10,2,12,118.0,118
3015,10,2,12,118.0,118
3016,10,2,12,118.0,118
3017,10,2,12,118.0,118
3018,10,2,12,118.0,118
3019,10,2,12,118.0,118
3020,10,2,12,118.0,118
3021,10,2,12,118.0,118
3022,10,2,12,118.0,118
3023,10,2,12,118.0,118
3024,10,2,12,118.0,118
3025,10,2,12,118.0,118
3026,10,2,12,118.0,118
3027,10,2,12,118.0,118
3028,10,2,12,118.0,118
3029,10,2,12,118.0,118
3030,10,2,12,118.0,118
3031,10,2,12,118.0,118
3032,10,2,12,118.0,118
3033,10,2,12,118.0,118
3034,10,2,12,118.0,118
3035,10,2,12,118.0,118
3036,10,2,12,118.0,118
3037,10,2,12,118.0,118
3038,10,2,12,118.0,118
3039,10,2,12,118.0,118
3040,10,2,12,118.0,118
3041,10,2,12,118.0,118
3042,10,2,12,118.0,118
3043,10,2,12,118.0,118
3044,10,2,12,118.0,118
3045,10,2,12,118.0,118
3046,10,2,12,118.0,118
3047,10,2,12,118.0,118
3048,10,2,12,118.0,118
3049,10,2,12,0.0,0
3050,10,2,12,0.0,0
3051,10,2,12,0.0,0
3052,10,2,12,0.0,0
3053,10,2,12,0.0,0
3054,10,2,12,0.0,0
3055,10,2,12,0.0,0
3056,10,2,12,0.0,0
3057,10,2,12,0.0,0
3058,10,2,12,0.0,0
3059,10,2,12,0.0,0
3060,10,2,12,0.0,0
3061,10,2,12,0.0,0
3062,10,2,12,0.0,0
3063,10,2,12,0.0,0
3064,10,2,12,0.0,0
3065,10,2,12,0.0,0
3066,10,2,12,0.0,0
3067,10,2,12,0.0,0
3068,10,2,12,0.0,0
3069,10,2,12,0.0,0
3070,10,2,12,0.0,0
3071,10,2,12,0.0,0
3072,10,2,12,0.0,0
3073,10,2,12,0.0,0
3074,10,2,12,0.0,0
3075,10,2,12,0.0,0
3076,10,2,12,0.0,0
3077,10,2,12,0.0,0
3078,10,2,12,0.0,0
3079,10,2,12,0.0,0
3080,10,2,12,0.0,0
3081,10,2,12,0.0,0
3082,10,2,12,0.0,0
3083,10,2,12,0.0,0
3084,10,2,12,0.0,0
3085,10,2,12,0.0,0
3086,10,2,12,0.0,0
3087,10,2,12,0.0,0
3088,10,2,12,0.0,0
3089,10,2,12,0.0,0
3090,10,2,12,0.0,0
3091,10,2,12,0.0,0
3092,10,2,12,0.0,0
3093,10,2,12,0.0,0
3094,10,2,12,0.0,0
3095,10,2,12,0.0,0
3096,10,2,12,0.0,0
3097,10,2,12,0.0,0
3098,10,2,12,0.0,0
3099,10,2,12,0.0,0
3100,10,2,12,0.0,0
3101,10,2,12,0.0,0
3102,10,2,12,0.0,0
3103,10,2,12,0.0,0
3104,10,2,12,0.0,0
3105,10,2,12,0.0,0
3106,10,2,12,0.0,0
3107,10,2,12,0.0,0
3108,10,2,12,0.0,0
3109,10,2,12,0.0,0
3110,10,2,12,0.0,0
3111,10,2,12,0.0,0
3112,10,2,12,0.0,0
3113,10,2,12,0.0,0
3114,10,2,12,0.0,0
3115,10,2,12,0.0,0
3116,10,2,12,0.0,0
3117,10,2,12,0.0,0
3118,10,2,12,0.0,0
3119,10,2,12,0.0,0
3120,10,2,12,0.0,0
3121,10,2,12,0.0,0
3122,10,2,12,0.0,0
3123,10,2,12,0.0,0
3124,10,2,12,0.0,0
3125,10,2,12,0.0,0
3126,10,2,12,0.0,0
3127,10,2,12,0.0,0
3128,10,2,12,0.0,0
3129,10,2,12,0.0,0
3130,10,2,12,0.0,0
3131,10,2,12,0.0,0
3132,10,2,12,0.0,0
3133,10,2,12,0.0,0
3134,10,2,12,0.0,0
3135,10,2,12,0.0,0
3136,10,2,12,0.0,0
3137,10,2,12,0.0,0
3138,10,2,12,0.0,0
3139,10,2,12,0.0,0
3140,10,2,12,0.0,0
3141,10,2,12,0.0,0
3142,10,2,12,0.0,0
3143,10,2,12,0.0,0
3144,10,2,12,0.0,0
3145,10,2,12,0.0,0
3146,10,2,12,0.0,0
3147,10,2,12,0.0,0
3148,10,2,12,0.0,0
3149,10,2,12,0.0,0
3150,10,2,12,0.0,0
3151,10,2,12,0.0,0
3152,10,2,12,0.0,0
3153,10,2,12,0.0,0
3154,10,2,12,0.0,0
3155,10,2,12,0.0,0
3156,10,2,12,0.0,0
3157,10,2,12,0.0,0
3158,10,2,12,0.0,0
3159,10,2,12,0.0,0
3160,10,2,12,0.0,0
3161,10,2,12,0.0,0
3162,10,2,12,0.0,0
3163,10,2,12,0.0,0
3164,10,2,12,0.0,0
3165,10,2,12,0.0,0
3166,10,2,12,0.0,0
3167,10,2,12,0.0,0
3168,10,2,12,0.0,0
3169,10,2,12,0.0,0
3170,10,2,12,0.0,0
3171,10,2,12,0.0,0
3172,10,2,12,0.0,0
3173,10,2,12,0.0,0
3174,10,2,12,0.0,0
3175,10,2,12,0.0,0
3176,10,2,12,0.0,0
3177,10,2,12,0.0,0
3178,10,2,12,0.0,0
3179,10,2,12,0.0,0
3180,10,2,12,0.0,0
3181,10,2,12,0.0,0
3182,10,2,12,0.0,0
3183,10,2,12,0.0,0
3184,10,2,12,0.0,0
3185,10,2,12,0.0,0
3186,10,2,12,0.0,0
3187,10,2,12,0.0,0
3188,10,2,12,0.0,0
3189,10,2,12,0.0,0
3190,10,2,12,0.0,0
3191,10,2,12,0.0,0
3192,10,2,12,0.0,0
3193,10,2,12,0.0,0
3194,10,2,12,0.0,0
3195,10,2,12,0.0,0
3196,10,2,12,0.0,0
3197,10,2,12,0.0,0
3198,10,2,12,0.0,0
3199,10,2,12,0.0,0
3200,10,2,12,0.0,0
3201,10,2,12,0.0,0
3202,10,2,12,0.0,0
3203,10,2,12,0.0,0
3204,10,2,12,0.0,0
3205,10,2,12,0.0,0
3206,10,2,12,0.0,0
3207,10,2,12,0.0,0
3208,10,2,12,0.0,0
3209,10,2,12,0.0,0
3210,10,2,12,0.0,0
3211,10,2,12,0.0,0
3212,10,2,12,0.0,0
3213,10,2,12,0.0,0
3214,10,2,12,0.0,0
3215,10,2,12,0.0,0
3216,10,2,12,0.0,0
3217,10,2,12,0.0,0
3218,10,2,12,0.0,0
3219,10,2,12,0.0,0
3220,10,2,12,0.0,0
3221,10,2,12,0.0,0
3222,10,2,12,0.0,0
3223,10,2,12,0.0,0
3224,10,2,12,0.0,0
3225,10,2,12,0.0,0
3226,10,2,12,0.0,0
3227,10,2,12,0.0,0
3228,10,2,12,0.0,0
3229,10,2,12,0.0,0
3230,10,2,12,0.0,0
3231,10,2,12,0.0,0
3232,10,2,12,0.0,0
3233,10,2,12,0.0,0
3234,10,2,12,0.0,0
3235,10,2,12,0.0,0
3236,10,2,12,0.0,0
3237,10,2,12,0.0,0
3238,10,2,12,0.0,0
3239,10,2,12,0.0,0
3240,10,2,12,0.0,0
3241,10,2,12,0.0,0
3242,10,2,12,0.0,0
3243,10,2,12,0.0,0
3244,10,2,12,0.0,0
3245,10,2,12,0.0,0
3246,10,2,12,0.0,0
3247,10,2,12,0.0,0
3248,10,2,12,0.0,0
3249,10,2,12,0.0,0
3250,10,2,12,0.0,0
3251,10,2,12,0.0,0
3252,10,2,12,0.0,0
3253,10,2,12,0.0,0
3254,10,2,12,0.0,0
3255,10,2,12,0.0,0
3256,10,2,12,0.0,0
3257,10,2,12,0.0,0
3258,10,2,12,0.0,0
3259,10,2,12,0.0,0
3260,10,2,12,0.0,0
3261,10,2,12,0.0,0
3262,10,2,12,0.0,0
3263,10,2,12,0.0,0
3264,10,2,12,0.0,0
3265,10,2,12,0.0,0
3266,10,2,12,0.0,0
3267,10,2,12,0.0,0
3268,10,2,12,0.0,0
3269,10,2,12,0.0,0
3270,10,2,12,0.0,0
3271,10,2,12,0.0,0
3272,10,2,12,0.0,0
3273,10,2,12,0.0,0
3274,10,2,12,0.0,0
3275,10,2,12,0.0,0
3276,10,2,12,0.0,0
3277,10,2,12,0.0,0
3278,10,2,12,0.0,0
3279,10,2,12,0.0,0
3280,10,2,12,0.0,0
3281,10,2,12,0.0,0
3282,10,2,12,0.0,0
3283,10,2,12,0.0,0
3284,10,2,12,0.0,0
3285,10,2,12,0.0,0
3286,10,2,12,0.0,0
3287,10,2,12,0.0,0
3288,10,2,12,0.0,0
3289,10,2,12,0.0,0
3290,10,2,12,0.0,0
3291,10,2,12,0.0,0
3292,10,2,12,0.0,0
3293,10,2,12,0.0,0
3294,10,2,12,0.0,0
3295,10,2,12,0.0,0
3296,10,2,12,0.0,0
3297,10,2,12,0.0,0
3298,10,2,12,0.0,0
3299,10,2,12,0.0,0
3300,10,2,12,0.0,0
3301,10,2,12,0.0,0
3302,10,2,12,0.0,0
3303,10,2,12,0.0,0
3304,10,2,12,0.0,0
3305,10,2,12,0.0,0
3306,10,2,12,0.0,0
3307,10,2,12,0.0,0
3308,10,2,12,0.0,0
3309,10,2,12,0.0,0
3310,10,2,12,0.0,0
3311,10,2,12,0.0,0
3312,10,2,12,0.0,0
3313,10,2,12,0.0,0
3314,10,2,12,0.0,0
3315,10,2,12,0.0,0
3316,10,2,12,0.0,0
3317,10,2,12,0.0,0
3318,10,2,12,0.0,0
3319,10,2,12,0.0,0
3320,10,2,12,0.0,0
3321,10,2,12,0.0,0
3322,10,2,12,0.0,0
3323,10,2,12,0.0,0
3324,10,2,12,0.0,0
3325,10,2,12,0.0,0
3326,10,2,12,0.0,0
3327,10,2,12,0.0,0
3328,10,2,12,0.0,0
3329,10,2,12,0.0,0
3330,10,2,12,0.0,0
3331,10,2,12,0.0,0
3332,10,2,12,0.0,0
3333,10,2,12,0.0,0
3334,10,2,12,0.0,0
3335,10,2,12,0.0,0
3336,10,2,12,0.0,0
3337,10,2,12,0.0,0
3338,10,2,12,0.0,0
3339,10,2,12,0.0,0
3340,10,2,12,0.0,0
3341,10,2,12,0.0,0
3342,10,2,12,0.0,0
3343,10,2,12,0.0,0
3344,10,2,12,0.0,0
3345,10,2,12,0.0,0
3346,10,2,12,0.0,0
3347,10,2,12,0.0,0
3348,10,2,12,0.0,0
3349,10,2,12,0.0,0
3350,10,2,12,0.0,0
3351,10,2,12,0.0,0
3352,10,2,12,0.0,0
3353,10,2,12,0.0,0
3354,10,2,12,0.0,0
3355,10,2,12,0.0,0
3356,10,2,12,0.0,0
3357,10,2,12,0.0,0
3358,10,2,12,0.0,0
3359,10,2,12,0.0,0
3360,10,2,12,0.0,0
3361,10,2,12,0.0,0
3362,10,2,12,0.0,0
3363,10,2,12,0.0,0
3364,10,2,12,0.0,0
3365,10,2,12,0.0,0
3366,10,2,12,0.0,0
3367,10,2,12,0.0,0
3368,10,2,12,0.0,0
3369,10,2,12,0.0,0
3370,10,2,12,0.0,0
3371,10,2,12,0.0,0
3372,10,2,12,0.0,0
3373,10,2,12,0.0,0
3374,10,2,12,0.0,0
3375,10,2,12,0.0,0
3376,10,2,12,0.0,0
3377,10,2,12,0.0,0
3378,10,2,12,0.0,0
3379,10,2,12,0.0,0
3380,10,2,12,0.0,0
3381,10,2,12,0.0,0
3382,10,2,12,0.0,0
3383,10,2,12,0.0,0
3384,10,2,12,0.0,0
3385,10,2,12,0.0,0
3386,10,2,12,0.0,0
3387,10,2,12,0.0,0
3388,10,2,12,0.0,0
3389,10,2,12,0.0,0
3390,10,2,12,0.0,0
3391,10,2,12,0.0,0
3392,10,2,12,0.0,0
3393,10,2,12,0.0,0
3394,10,2,12,0.0,0
3395,10,2,12,0.0,0
3396,10,2,12,0.0,0
3397,10,2,12,0.0,0
3398,10,2,12,0.0,0
3399,10,2,12,0.0,0
3400,10,2,12,0.0,0
3401,10,2,12,0.0,0
3402,10,2,12,0.0,0
3403,10,2,12,0.0,0
3404,10,2,12,0.0,0
3405,10,2,12,0.0,0
3406,10,2,12,0.0,0
3407,10,2,12,0.0,0
3408,10,2,12,0.0,0
3409,10,2,12,0.0,0
3410,10,2,12,0.0,0
3411,10,2,12,0.0,0
3412,10,2,12,0.0,0
3413,10,2,12,0.0,0
3414,10,2,12,0.0,0
3415,10,2,12,0.0,0
3416,10,2,12,0.0,0
3417,10,2,12,0.0,0
3418,10,2,12,0.0,0
3419,10,2,12,0.0,0
3420,10,2,12,0.0,0
3421,10,2,12,0.0,0
3422,10,2,12,0.0,0
3423,10,2,12,0.0,0
3424,10,2,12,0.0,0
3425,10,2,12,0.0,0
3426,10,2,12,0.0,0
3427,10,2,12,0.0,0
3428,10,2,12,0.0,0
3429,10,2,12,0.0,0
3430,10,2,12,0.0,0
3431,10,2,12,0.0,0
3432,10,2,12,0.0,0
3433,10,2,12,0.0,0
3434,10,2,12,0.0,0
3435,10,3,13,0.0,0
3436,10,3,13,0.0,0
3437,10,3,13,0.0,0
3438,10,3,13,0.0,0
3439,10,3,13,0.0,0
3440,10,3,13,0.0,0
3441,10,3,13,0.0,0
3442,10,3,13,0.0,0
3443,10,3,13,0.0,0
3444,10,3,13,0.0,0
3445,10,3,13,0.0,0
3446,10,3,13,0.0,0
3447,10,3,13,0.0,0
3448,10,3,13,0.0,0
3449,10,3,13,0.0,0
3450,10,3,13,0.0,0
3451,10,3,13,0.0,0
3452,10,3,13,0.0,0
3453,10,3,13,0.0,0
3454,10,3,13,0.0,0
3455,10,3,13,0.0,0
3456,10,3,13,0.0,0
3457,10,3,13,0.0,0
3458,10,3,13,0.0,0
3459,10,3,13,0.0,0
3460,10,3,13,0.0,0
3461,10,3,13,0.0,0
3462,10,3,13,0.0,0
3463,10,3,13,0.0,0
3464,10,3,13,0.0,0
3465,10,3,13,0.0,0
3466,10,3,13,0.0,0
3467,10,3,13,0.0,0
3468,10,3,13,0.0,0
3469,10,3,13,0.0,0
3470,10,3,13,0.0,0
3471,10,3,13,0.0,0
3472,10,3,13,0.0,0
3473,10,3,13,0.0,0
3474,10,3,13,0.0,0
3475,10,3,13,0.0,0
3476,10,3,13,0.0,0
3477,10,3,13,0.0,0
3478,10,3,13,0.0,0
3479,10,3,13,0.0,0
3480,10,3,13,0.0,0
3481,10,3,13,0.0,0
3482,10,3,13,0.0,0
3483,10,3,13,0.0,0
3484,10,3,13,0.0,0
3485,10,3,13,0.0,0
3486,10,3,13,0.0,0
3487,10,3,13,0.0,0
3488,10,3,13,0.0,0
3489,10,3,13,0.0,0
3490,10,3,13,0.0,0
3491,10,3,13,0.0,0
3492,10,3,13,0.0,0
3493,10,3,13,0.0,0
3494,10,3,13,0.0,0
3495,10,3,13,0.0,0
3496,10,3,13,0.0,0
3497,10,3,13,0.0,0
3498,10,3,13,0.0,0
3499,10,3,13,0.0,0
3500,10,3,13,0.0,0
3501,10,3,13,0.0,0
3502,10,3,13,0.0,0
3503,10,3,13,0.0,0
3504,10,3,13,0.0,0
3505,10,3,13,0.0,0
3506,10,3,13,0.0,0
3507,10,3,13,0.0,0
3508,10,3,13,0.0,0
3509,10,3,13,0.0,0
3510,10,3,13,0.0,0
3511,10,3,13,0.0,0
3512,10,3,13,0.0,0
3513,10,3,13,0.0,0
3514,10,3,13,0.0,0
3515,10,3,13,0.0,0
3516,10,3,13,0.0,0
3517,10,3,13,0.0,0
3518,10,3,13,0.0,0
3519,10,3,13,0.0,0
3520,10,3,13,0.0,0
3521,10,3,13,0.0,0
3522,10,3,13,0.0,0
3523,10,3,13,0.0,0
3524,10,3,13,0.0,0
3525,10,3,13,0.0,0
3526,10,3,13,0.0,0
3527,10,3,13,0.0,0
3528,10,3,13,0.0,0
3529,10,3,13,0.0,0
3530,10,3,13,0.0,0
3531,10,3,13,0.0,0
3532,10,3,13,0.0,0
3533,10,3,13,0.0,0
3534,10,3,13,0.0,0
3535,10,3,13,0.0,0
3536,10,3,13,0.0,0
3537,10,3,13,0.0,0
3538,10,3,13,0.0,0
3539,10,3,13,0.0,0
3540,10,3,13,0.0,0
3541,10,3,13,0.0,0
3542,10,3,13,0.0,0
3543,10,3,13,0.0,0
3544,10,3,13,0.0,0
3545,10,3,13,0.0,0
3546,10,3,13,0.0,0
3547,10,3,13,0.0,0
3548,10,3,13,0.0,0
3549,10,3,13,0.0,0
3550,10,3,13,0.0,0
3551,10,3,13,0.0,0
3552,10,3,13,0.0,0
3553,10,3,13,0.0,0
3554,10,3,13,0.0,0
3555,10,3,13,0.0,0
3556,10,3,13,0.0,0
3557,10,3,13,0.0,0
3558,10,3,13,0.0,0
3559,10,3,13,0.0,0
3560,10,3,13,0.0,0
3561,10,3,13,0.0,0
3562,10,3,13,0.0,0
3563,10,3,13,0.0,0
3564,10,3,13,0.0,0
3565,10,3,13,0.0,0
3566,10,3,13,0.0,0
3567,10,3,13,0.0,0
3568,10,3,13,0.0,0
3569,10,3,13,0.0,0
3570,10,3,13,0.0,0
3571,10,3,13,0.0,0
3572,10,3,13,0.0,0
3573,10,3,13,0.0,0
3574,10,3,13,0.0,0
3575,10,3,13,0.0,0
3576,10,3,13,0.0,0
3577,10,3,13,0.0,0
3578,10,3,13,0.0,0
3579,10,3,13,0.0,0
3580,10,3,13,0.0,0
3581,10,3,13,0.0,0
3582,10,3,13,0.0,0
3583,10,3,13,0.0,0
3584,10,3,13,0.0,0
3585,10,3,13,0.0,0
3586,10,3,13,0.0,0
3587,10,3,13,0.0,0
3588,10,3,13,0.0,0
3589,10,3,13,0.0,0
3590,10,3,13,0.0,0
3591,10,3,13,0.0,0
3592,10,3,13,0.0,0
3593,10,3,13,0.0,0
3594,10,3,13,0.0,0
3595,10,3,13,0.0,0
3596,10,3,13,0.0,0
3597,10,3,13,0.0,0
3598,10,3,13,0.0,0
3599,10,3,13,0.0,0
3600,10,3,13,0.0,0
3601,10,3,13,0.0,0
3602,10,3,13,0.0,0
3603,10,3,13,0.0,0
3604,10,3,13,0.0,0
3605,10,3,13,0.0,0
3606,10,3,13,0.0,0
3607,10,3,13,0.0,0
3608,10,3,13,0.0,0
3609,10,3,13,0.0,0
3610,10,3,13,0.0,0
3611,10,3,13,0.0,0
3612,10,3,13,0.0,0
3613,10,3,13,0.0,0
3614,10,3,13,0.0,0
3615,10,3,13,0.0,0
3616,10,3,13,0.0,0
3617,10,3,13,0.0,0
3618,10,3,13,0.0,0
3619,10,3,13,0.0,0
3620,10,3,13,0.0,0
3621,10,3,13,0.0,0
3622,10,3,13,0.0,0
3623,10,3,13,0.0,0
3624,10,3,13,0.0,0
3625,10,3,13,0.0,0
3626,10,3,13,0.0,0
3627,10,3,13,0.0,0
3628,10,3,13,0.0,0
3629,10,3,13,0.0,0
3630,10,3,13,0.0,0
3631,10,3,13,0.0,0
3632,10,3,13,0.0,0
3633,10,3,13,0.0,0
3634,10,3,13,0.0,0
3635,10,3,13,0.0,0
3636,10,3,13,0.0,0
3637,10,3,13,0.0,0
3638,10,3,13,0.0,0
3639,10,3,13,0.0,0
3640,10,3,13,0.0,0
3641,10,3,13,0.0,0
3642,10,3,13,0.0,0
3643,10,3,13,0.0,0
3644,10,3,13,0.0,0
3645,10,3,13,0.0,0
3646,10,3,13,0.0,0
3647,10,3,13,0.0,0
3648,10,3,13,0.0,0
3649,10,3,13,0.0,0
3650,10,3,13,0.0,0
3651,10,3,13,0.0,0
3652,10,3,13,0.0,0
3653,10,3,13,0.0,0
3654,10,3,13,0.0,0
3655,10,3,13,0.0,0
3656,10,3,13,0.0,0
3657,10,3,13,0.0,0
3658,10,3,13,0.0,0
3659,10,3,13,0.0,0
3660,10,3,13,0.0,0
3661,10,3,13,0.0,0
3662,10,3,13,0.0,0
3663,10,3,13,0.0,0
3664,10,3,13,0.0,0
3665,10,3,13,0.0,0
3666,10,3,13,0.0,0
3667,10,3,13,0.0,0
3668,10,3,13,0.0,0
3669,10,3,13,0.0,0
3670,10,3,13,0.0,0
3671,10,3,13,0.0,0
3672,10,3,13,0.0,0
3673,10,3,13,0.0,0
3674,10,3,13,0.0,0
3675,10,3,13,0.0,0
3676,10,3,13,0.0,0
3677,10,3,13,0.0,0
3678,10,3,13,0.0,0
3679,10,3,13,0.0,0
3680,10,3,13,0.0,0
3681,10,3,13,0.0,0
3682,10,3,13,0.0,0
3683,10,3,13,0.0,0
3684,10,3,13,0.0,0
3685,10,3,13,0.0,0
3686,10,3,13,0.0,0
3687,10,3,13,0.0,0
3688,10,3,13,0.0,0
3689,10,3,13,0.0,0
3690,10,3,13,0.0,0
3691,10,3,13,0.0,0
3692,10,3,13,0.0,0
3693,10,3,13,0.0,0
3694,10,3,13,0.0,0
3695,10,3,13,0.0,0
3696,10,3,13,0.0,0
3697,10,3,13,0.0,0
3698,10,3,13,0.0,0
3699,10,3,13,0.0,0
3700,10,3,13,0.0,0
3701,10,3,13,0.0,0
3702,10,3,13,0.0,0
3703,10,3,13,0.0,0
3704,10,3,13,0.0,0
3705,10,3,13,0.0,0
3706,10,3,13,0.0,0
3707,10,3,13,0.0,0
3708,10,3,13,0.0,0
3709,10,3,13,0.0,0
3710,10,3,13,0.0,0
3711,10,3,13,0.0,0
3712,10,3,13,0.0,0
3713,10,3,13,0.0,0
3714,10,3,13,0.0,0
3715,10,3,13,0.0,0
3716,10,3,13,0.0,0
3717,10,3,13,0.0,0
3718,10,3,13,0.0,0
3719,10,3,13,0.0,0
3720,10,3,13,0.0,0
3721,10,3,13,0.0,0
3722,10,3,13,0.0,0
3723,10,3,13,0.0,0
3724,10,3,13,0.0,0
3725,10,3,13,0.0,0
3726,10,3,13,0.0,0
3727,10,3,13,0.0,0
3728,10,3,13,0.0,0
3729,10,3,13,0.0,0
3730,10,3,13,0.0,0
3731,10,3,13,0.0,0
3732,10,3,13,0.0,0
3733,10,3,13,0.0,0
3734,10,3,13,0.0,0
3735,10,3,13,0.0,0
3736,10,3,13,0.0,0
3737,10,3,13,0.0,0
3738,10,3,13,0.0,0
3739,10,3,13,0.0,0
3740,10,3,13,0.0,0
3741,10,3,13,0.0,0
3742,10,3,13,0.0,0
3743,10,3,13,0.0,0
3744,10,3,13,1.0,1
3745,10,3,13,2.0,2
3746,10,3,13,3.0,3
3747,10,3,13,4.0,4
3748,10,3,13,5.0,5
3749,10,3,13,6.0,6
3750,10,3,13,7.0,7
3751,10,3,13,8.0,8
3752,10,3,13,9.0,9
3753,10,3,13,10.0,10
3754,10,3,13,11.0,11
3755,10,3,13,12.0,12
3756,10,3,13,13.0,13
3757,10,3,13,14.0,14
3758,10,3,13,15.0,15
3759,10,3,13,16.0,16
3760,10,3,13,17.0,17
3761,10,3,13,18.0,18
3762,10,3,13,19.0,19
3763,10,3,13,20.0,20
3764,10,3,13,21.0,21
3765,10,3,13,22.0,22
3766,10,3,13,23.0,23
3767,10,3,13,24.0,24
3768,10,3,13,25.0,25
3769,10,3,13,26.0,26
3770,10,3,13,27.0,27
3771,10,3,13,28.0,28
3772,10,3,13,29.0,29
3773,10,3,13,30.0,30
3774,10,3,13,31.0,31
3775,10,3,13,32.0,32
3776,10,3,13,33.0,33
3777,10,3,13,34.0,34
3778,10,3,13,35.0,35
3779,10,3,13,36.0,36
3780,10,3,13,37.0,37
3781,10,3,13,38.0,38
3782,10,3,13,39.0,39
3783,10,3,13,40.0,40
3784,10,3,13,41.0,41
3785,10,3,13,42.0,42
3786,10,3,13,43.0,43
3787,10,3,13,44.0,44
3788,10,3,13,45.0,45
3789,10,3,13,46.0,46
3790,10,3,13,47.0,47
3791,10,3,13,48.0,48
3792,10,3,13,49.0,49
3793,10,3,13,50.0,50
3794,10,3,13,51.0,51
3795,10,3,13,52.0,52
3796,10,3,13,53.0,53
3797,10,3,13,54.0,54
3798,10,3,13,55.0,55
3799,10,3,13,56.0,56
3800,10,3,13,57.0,57
3801,10,3,13,58.0,58
3802,10,3,13,59.0,59
3803,10,3,13,60.0,60
3804,10,3,13,61.0,61
3805,10,3,13,62.0,62
3806,10,3,13,63.0,63
3807,10,3,13,64.0,64
3808,10,3,13,65.0,65
3809,10,3,13,66.0,66
3810,10,3,13,67.0,67
3811,10,3,13,68.0,68
3812,10,3,13,69.0,69
3813,10,3,13,70.0,70
3814,10,3,13,71.0,71
3815,10,3,13,72.0,72
3816,10,3,13,73.0,73
3817,10,3,13,74.0,74
3818,10,3,13,75.0,75
3819,10,3,13,76.0,76
3820,10,3,13,77.0,77
3821,10,3,13,78.0,78
3822,10,3,13,79.0,79
3823,10,3,13,80.0,80
3824,10,3,13,81.0,81
3825,10,3,13,82.0,82
3826,10,3,13,83.0,83
3827,10,3,13,84.0,84
3828,10,3,13,85.0,85
3829,10,3,13,86.0,86
3830,10,3,13,87.0,87
3831,10,3,13,88.0,88
3832,10,3,13,89.0,89
3833,10,3,13,90.0,90
3834,10,3,13,91.0,91
3835,10,3,13,92.0,92
3836,10,3,13,93.0,93
3837,10,3,13,94.0,94
3838,10,3,13,95.0,95
3839,10,3,13,96.0,96
3840,10,3,13,97.0,97
3841,10,3,13,98.0,98
3842,10,3,13,99.0,99
3843,10,3,13,100.0,100
3844,10,3,13,101.0,101
3845,10,3,13,102.0,102
3846,10,3,13,103.0,103
3847,10,3,13,104.0,104
3848,10,3,13,105.0,105
3849,10,3,13,106.0,106
3850,10,3,13,107.0,107
3851,10,3,13,108.0,108
3852,10,3,13,109.0,109
3853,10,3,13,110.0,110
3854,10,3,13,111.0,111
3855,10,3,13,112.0,112
3856,10,3,13,113.0,113
3857,10,3,13,114.0,114
3858,10,3,13,115.0,115
3859,10,3,13,116.0,116
3860,10,3,13,117.0,117
3861,10,3,13,118.0,118
3862,10,3,13,119.0,119
3863,10,3,13,120.0,120
3864,10,3,13,121.0,121
3865,10,3,13,122.0,122
3866,10,3,13,123.0,123
3867,10,3,13,124.0,124
3868,10,3,13,125.0,125
3869,10,3,13,126.0,126
3870,10,3,13,127.0,127
3871,10,3,13,128.0,128
3872,10,3,13,129.0,129
3873,10,3,13,130.0,130
3874,10,3,13,131.0,131
3875,10,3,13,132.0,132
3876,10,3,13,133.0,133
3877,10,3,13,134.0,134
3878,10,3,13,135.0,135
3879,10,3,13,136.0,136
3880,10,3,13,137.0,137
3881,10,3,13,138.0,138
3882,10,3,13,139.0,139
3883,10,3,13,140.0,140
3884,10,3,13,141.0,141
3885,10,3,13,142.0,142
3886,10,3,13,143.0,143
3887,10,3,13,144.0,144
3888,10,3,13,145.0,145
3889,10,3,13,146.0,146
3890,10,3,13,147.0,147
3891,10,3,13,148.0,148
3892,10,3,13,149.0,149
3893,10,3,13,150.0,150
3894,10,3,13,151.0,151
3895,10,3,13,152.0,152
3896,10,3,13,153.0,153
3897,10,3,13,154.0,154
3898,10,3,13,155.0,155
3899,10,3,13,156.0,156
3900,10,3,13,157.0,157
3901,10,3,13,158.0,158
3902,10,3,13,159.0,159
3903,10,3,13,160.0,160
3904,10,3,13,161.0,161
3905,10,3,13,162.0,162
3906,10,3,13,163.0,163
3907,10,3,13,164.0,164
3908,10,3,13,165.0,165
3909,10,3,13,166.0,166
3910,10,3,13,167.0,167
3911,11,3,14,168.0,168
3912,11,3,14,168.0,168
3913,11,3,14,168.0,168
3914,11,3,14,168.0,168
3915,11,3,14,168.0,168
3916,11,3,14,168.0,168
3917,11,3,14,168.0,168
3918,11,3,14,168.0,168
3919,11,3,14,168.0,168
3920,11,3,14,168.0,168
3921,11,3,14,168.0,168
3922,11,3,14,168.0,168
3923,11,3,14,168.0,168
3924,11,3,14,168.0,168
3925,11,3,14,168.0,168
3926,11,3,14,168.0,168
3927,11,3,14,168.0,168
3928,11,3,14,168.0,168
3929,11,3,14,168.0,168
3930,11,3,14,168.0,168
3931,11,3,14,168.0,168
3932,11,3,14,168.0,168
3933,11,3,14,168.0,168
3934,11,3,14,168.0,168
3935,11,3,14,168.0,168
3936,11,3,14,168.0,168
3937,11,3,14,168.0,168
3938,11,3,14,168.0,168
3939,11,3,14,168.0,168
3940,11,3,14,168.0,168
3941,11,3,14,168.0,168
3942,11,3,14,168.0,168
3943,11,3,14,168.0,168
3944,11,3,14,168.0,168
3945,11,3,14,168.0,168
3946,11,3,14,168.0,168
3947,11,3,14,168.0,168
3948,11,3,14,0.0,0
3949,11,3,14,0.0,0
3950,11,3,14,0.0,0
3951,11,3,14,0.0,0
3952,11,3,14,0.0,0
3953,11,3,14,0.0,0
3954,11,3,14,0.0,0
3955,11,3,14,0.0,0
3956,11,3,14,0.0,0
3957,11,3,14,0.0,0
3958,11,3,14,0.0,0
3959,11,3,14,0.0,0
3960,11,3,14,0.0,0
3961,11,3,14,0.0,0
3962,11,3,14,0.0,0
3963,11,3,14,0.0,0
3964,11,3,14,0.0,0
3965,11,3,14,0.0,0
3966,11,3,14,0.0,0
3967,11,3,14,0.0,0
3968,11,3,14,0.0,0
3969,11,3,14,0.0,0
3970,11,3,14,0.0,0
3971,11,3,14,0.0,0
3972,11,3,14,0.0,0
3973,11,3,14,0.0,0
3974,11,3,14,0.0,0
3975,11,3,14,0.0,0
3976,11,3,14,0.0,0
3977,11,3,14,0.0,0
3978,11,3,14,0.0,0
3979,11,3,14,0.0,0
3980,11,3,14,0.0,0
3981,11,3,14,0.0,0
3982,11,3,14,0.0,0
3983,11,3,14,0.0,0
3984,11,3,14,0.0,0
3985,11,3,14,0.0,0
3986,11,3,14,0.0,0
3987,11,3,14,0.0,0
3988,11,3,14,0.0,0
3989,11,3,14,0.0,0
3990,11,3,14,0.0,0
3991,11,3,14,0.0,0
3992,11,3,14,0.0,0
3993,11,3,14,0.0,0
3994,11,3,14,0.0,0
3995,11,3,14,0.0,0
3996,11,3,14,0.0,0
3997,11,3,14,0.0,0
3998,11,3,14,0.0,0
3999,11,3,14,0.0,0
4000,11,3,14,0.0,0
4001,11,3,14,0.0,0
4002,11,3,14,0.0,0
4003,11,3,14,0.0,0
4004,11,3,14,0.0,0
4005,11,3,14,0.0,0
4006,11,3,14,0.0,0
4007,11,3,14,0.0,0
4008,11,3,14,0.0,0
4009,11,3,14,0.0,0
4010,11,3,14,0.0,0
4011,11,3,14,0.0,0
4012,11,3,14,0.0,0
4013,11,3,14,0.0,0
4014,11,3,14,0.0,0
4015,11,3,14,0.0,0
4016,11,3,14,0.0,0
4017,11,3,14,0.0,0
4018,11,3,14,0.0,0
4019,11,3,14,0.0,0
4020,11,3,14,0.0,0
4021,11,3,14,0.0,0
4022,11,3,14,0.0,0
4023,11,3,14,0.0,0
4024,11,3,14,0.0,0
4025,11,3,14,0.0,0
4026,11,3,14,0.0,0
4027,11,3,14,0.0,0
4028,11,3,14,0.0,0
4029,11,3,14,0.0,0
4030,11,3,14,0.0,0
4031,11,3,14,0.0,0
4032,11,3,14,0.0,0
4033,11,3,14,0.0,0
4034,11,3,14,0.0,0
4035,11,3,14,0.0,0
4036,11,3,14,0.0,0
4037,11,3,14,0.0,0
4038,11,3,14,0.0,0
4039,11,3,14,0.0,0
4040,11,3,14,0.0,0
4041,11,3,14,0.0,0
4042,11,3,14,0.0,0
4043,11,3,14,0.0,0
4044,11,3,14,0.0,0
4045,11,3,14,0.0,0
4046,11,3,14,0.0,0
4047,11,3,14,0.0,0
4048,11,3,14,0.0,0
4049,11,3,14,0.0,0
4050,11,3,14,0.0,0
4051,11,3,14,0.0,0
4052,11,3,14,0.0,0
4053,11,3,14,0.0,0
4054,11,3,14,0.0,0
4055,11,3,14,0.0,0
4056,11,3,14,0.0,0
4057,11,3,14,0.0,0
4058,11,3,14,0.0,0
4059,11,3,14,0.0,0
4060,11,3,14,0.0,0
4061,11,3,14,0.0,0
4062,11,3,14,0.0,0
4063,11,3,14,0.0,0
4064,11,3,14,0.0,0
4065,11,3,14,0.0,0
4066,11,3,14,0.0,0
4067,11,3,14,0.0,0
4068,11,3,14,0.0,0
4069,11,3,14,0.0,0
4070,11,3,14,0.0,0
4071,11,3,14,0.0,0
4072,11,3,14,0.0,0
4073,11,3,14,0.0,0
4074,11,3,14,0.0,0
4075,11,3,14,0.0,0
4076,11,3,14,0.0,0
4077,11,3,14,0.0,0
4078,11,3,14,0.0,0
4079,11,3,14,0.0,0
4080,11,3,14,0.0,0
4081,11,3,14,0.0,0
4082,11,3,14,0.0,0
4083,11,3,14,0.0,0
4084,11,3,14,0.0,0
4085,11,3,14,0.0,0
4086,11,3,14,0.0,0
4087,11,3,14,0.0,0
4088,11,3,14,0.0,0
4089,11,3,14,0.0,0
4090,11,3,14,0.0,0
4091,11,3,14,0.0,0
4092,11,3,14,0.0,0
4093,11,3,14,0.0,0
4094,11,3,14,0.0,0
4095,11,3,14,0.0,0
4096,11,3,14,0.0,0
4097,11,3,14,0.0,0
4098,11,3,14,0.0,0
4099,11,3,14,0.0,0
4100,11,3,14,0.0,0
4101,11,3,14,0.0,0
4102,11,3,14,0.0,0
4103,11,3,14,0.0,0
4104,11,3,14,0.0,0
4105,11,3,14,0.0,0
4106,11,3,14,0.0,0
4107,11,3,14,0.0,0
4108,11,3,14,0.0,0
4109,11,3,14,0.0,0
4110,11,3,14,0.0,0
4111,11,3,14,0.0,0
4112,11,3,14,0.0,0
4113,11,3,14,0.0,0
4114,11,3,14,0.0,0
4115,11,3,14,0.0,0
4116,11,3,14,0.0,0
4117,11,3,14,0.0,0
4118,11,3,14,0.0,0
4119,11,3,14,0.0,0
4120,11,3,14,0.0,0
4121,11,3,14,0.0,0
4122,11,3,14,0.0,0
4123,11,3,14,0.0,0
4124,11,3,14,0.0,0
4125,11,3,14,0.0,0
4126,11,3,14,0.0,0
4127,11,3,14,0.0,0
4128,11,3,14,0.0,0
4129,11,3,14,0.0,0
4130,11,3,14,0.0,0
4131,11,3,14,0.0,0
4132,11,3,14,0.0,0
4133,11,3,14,0.0,0
4134,11,3,14,0.0,0
4135,11,3,14,0.0,0
4136,11,3,14,0.0,0
4137,11,3,14,0.0,0
4138,11,3,14,0.0,0
4139,11,3,14,0.0,0
4140,11,3,14,0.0,0
4141,11,3,14,0.0,0
4142,11,3,14,0.0,0
4143,11,3,14,0.0,0
4144,11,3,14,0.0,0
4145,11,3,14,0.0,0
4146,11,3,14,0.0,0
4147,11,3,14,0.0,0
4148,11,3,14,0.0,0
4149,11,3,14,0.0,0
4150,11,3,14,0.0,0
4151,11,3,14,0.0,0
4152,11,3,14,0.0,0
4153,11,3,14,0.0,0
4154,11,3,14,0.0,0
4155,11,3,14,0.0,0
4156,11,3,14,0.0,0
4157,11,3,14,0.0,0
4158,11,3,14,0.0,0
4159,11,3,14,0.0,0
4160,11,3,14,0.0,0
4161,11,3,14,0.0,0
4162,11,3,14,0.0,0
4163,11,3,14,0.0,0
4164,11,3,14,0.0,0
4165,11,3,14,0.0,0
4166,11,3,14,0.0,0
4167,11,3,14,0.0,0
4168,11,3,14,0.0,0
4169,11,3,14,0.0,0
4170,11,3,14,0.0,0
4171,11,3,14,0.0,0
4172,11,3,14,0.0,0
4173,11,3,14,0.0,0
4174,11,3,14,0.0,0
4175,11,3,14,0.0,0
4176,11,3,14,0.0,0
4177,11,3,14,0.0,0
4178,11,3,14,0.0,0
4179,11,3,14,0.0,0
4180,11,3,14,0.0,0
4181,11,3,14,0.0,0
4182,11,3,14,0.0,0
4183,11,3,14,0.0,0
4184,11,3,14,0.0,0
4185,11,3,14,0.0,0
4186,11,3,14,0.0,0
4187,11,3,14,0.0,0
4188,11,3,14,0.0,0
4189,11,3,14,0.0,0
4190,11,3,14,0.0,0
4191,11,3,14,0.0,0
4192,11,3,14,0.0,0
4193,11,3,14,0.0,0
4194,11,3,14,0.0,0
4195,11,3,14,0.0,0
4196,11,3,14,0.0,0
4197,11,3,14,0.0,0
4198,11,3,14,0.0,0
4199,11,3,14,0.0,0
4200,11,3,14,0.0,0
4201,11,3,14,0.0,0
4202,11,3,14,0.0,0
4203,11,3,14,0.0,0
4204,11,3,14,0.0,0
4205,11,3,14,0.0,0
4206,11,3,14,0.0,0
4207,11,3,14,0.0,0
4208,11,3,14,0.0,0
4209,11,3,14,0.0,0
4210,11,3,14,0.0,0
4211,11,3,14,0.0,0
4212,11,3,14,0.0,0
4213,11,3,14,0.0,0
4214,11,3,14,0.0,0
4215,11,3,14,0.0,0
4216,11,3,14,0.0,0
4217,11,3,14,0.0,0
4218,11,3,14,0.0,0
4219,11,3,14,0.0,0
4220,11,3,14,0.0,0
4221,11,3,14,0.0,0
4222,11,3,14,0.0,0
4223,11,3,14,0.0,0
4224,11,3,14,0.0,0
4225,11,3,14,0.0,0
4226,11,3,14,0.0,0
4227,11,3,14,0.0,0
4228,11,3,14,0.0,0
4229,11,3,14,0.0,0
4230,11,3,14,0.0,0
4231,11,3,14,0.0,0
4232,11,3,14,0.0,0
4233,11,3,14,0.0,0
4234,11,3,14,0.0,0
4235,11,3,14,0.0,0
4236,11,3,14,0.0,0
4237,11,3,14,0.0,0
4238,11,3,14,0.0,0
4239,11,3,14,0.0,0
4240,11,3,14,0.0,0
4241,11,3,14,0.0,0
4242,11,3,14,0.0,0
4243,11,3,14,0.0,0
4244,11,3,14,0.0,0
4245,11,3,14,0.0,0
4246,11,4,15,0.0,0
4247,11,4,15,0.0,0
4248,11,4,15,0.0,0
4249,11,4,15,0.0,0
4250,11,4,15,0.0,0
4251,11,4,15,0.0,0
4252,11,4,15,0.0,0
4253,11,4,15,0.0,0
4254,11,4,15,0.0,0
4255,11,4,15,0.0,0
4256,11,4,15,0.0,0
4257,11,4,15,0.0,0
4258,11,4,15,0.0,0
4259,11,4,15,0.0,0
4260,11,4,15,0.0,0
4261,11,4,15,0.0,0
4262,11,4,15,0.0,0
4263,11,4,15,0.0,0
4264,11,4,15,0.0,0
4265,11,4,15,0.0,0
4266,11,4,15,0.0,0
4267,11,4,15,0.0,0
4268,11,4,15,0.0,0
4269,11,4,15,0.0,0
4270,11,4,15,0.0,0
4271,11,4,15,0.0,0
4272,11,4,15,0.0,0
4273,11,4,15,0.0,0
4274,11,4,15,0.0,0
4275,11,4,15,0.0,0
4276,11,4,15,0.0,0
4277,11,4,15,0.0,0
4278,11,4,15,0.0,0
4279,11,4,15,0.0,0
4280,11,4,15,0.0,0
4281,11,4,15,0.0,0
4282,11,4,15,0.0,0
4283,11,4,15,0.0,0
4284,11,4,15,0.0,0
4285,11,4,15,0.0,0
4286,11,4,15,0.0,0
4287,11,4,15,0.0,0
4288,11,4,15,0.0,0
4289,11,4,15,0.0,0
4290,11,4,15,0.0,0
4291,11,4,15,0.0,0
4292,11,4,15,0.0,0
4293,11,4,15,0.0,0
4294,11,4,15,0.0,0
4295,11,4,15,0.0,0
4296,11,4,15,0.0,0
4297,11,4,15,0.0,0
4298,11,4,15,0.0,0
4299,11,4,15,0.0,0
4300,11,4,15,0.0,0
4301,11,4,15,0.0,0
4302,11,4,15,0.0,0
4303,11,4,15,0.0,0
4304,11,4,15,0.0,0
4305,11,4,15,0.0,0
4306,11,4,15,0.0,0
4307,11,4,15,0.0,0
4308,11,4,15,0.0,0
4309,11,4,15,0.0,0
4310,11,4,15,0.0,0
4311,11,4,15,0.0,0
4312,11,4,15,0.0,0
4313,11,4,15,0.0,0
4314,11,4,15,0.0,0
4315,11,4,15,0.0,0
4316,11,4,15,0.0,0
4317,11,4,15,0.0,0
4318,11,4,15,0.0,0
4319,11,4,15,0.0,0
4320,11,4,15,0.0,0
4321,11,4,15,0.0,0
4322,11,4,15,0.0,0
4323,11,4,15,0.0,0
4324,11,4,15,0.0,0
4325,11,4,15,0.0,0
4326,11,4,15,0.0,0
4327,11,4,15,0.0,0
4328,11,4,15,0.0,0
4329,11,4,15,0.0,0
4330,11,4,15,0.0,0
4331,11,4,15,0.0,0
4332,11,4,15,0.0,0
4333,11,4,15,0.0,0
4334,11,4,15,0.0,0
4335,11,4,15,0.0,0
4336,11,4,15,0.0,0
4337,11,4,15,0.0,0
4338,11,4,15,0.0,0
4339,11,4,15,0.0,0
4340,11,4,15,0.0,0
4341,11,4,15,0.0,0
4342,11,4,15,0.0,0
4343,11,4,15,0.0,0
4344,11,4,15,0.0,0
4345,11,4,15,0.0,0
4346,11,4,15,0.0,0
4347,11,4,15,0.0,0
4348,11,4,15,0.0,0
4349,11,4,15,0.0,0
4350,11,4,15,0.0,0
4351,11,4,15,0.0,0
4352,11,4,15,0.0,0
4353,11,4,15,0.0,0
4354,11,4,15,0.0,0
4355,11,4,15,0.0,0
4356,11,4,15,0.0,0
4357,11,4,15,0.0,0
4358,11,4,15,0.0,0
4359,11,4,15,0.0,0
4360,11,4,15,0.0,0
4361,11,4,15,0.0,0
4362,11,4,15,0.0,0
4363,11,4,15,0.0,0
4364,11,4,15,0.0,0
4365,11,4,15,0.0,0
4366,11,4,15,0.0,0
4367,11,4,15,0.0,0
4368,11,4,15,0.0,0
4369,11,4,15,0.0,0
4370,11,4,15,0.0,0
4371,11,4,15,0.0,0
4372,11,4,15,0.0,0
4373,11,4,15,0.0,0
4374,11,4,15,0.0,0
4375,11,4,15,0.0,0
4376,11,4,15,0.0,0
4377,11,4,15,0.0,0
4378,11,4,15,0.0,0
4379,11,4,15,0.0,0
4380,11,4,15,0.0,0
4381,11,4,15,0.0,0
4382,11,4,15,0.0,0
4383,11,4,15,0.0,0
4384,11,4,15,0.0,0
4385,11,4,15,0.0,0
4386,11,4,15,0.0,0
4387,11,4,15,0.0,0
4388,11,4,15,0.0,0
4389,11,4,15,0.0,0
4390,11,4,15,0.0,0
4391,11,4,15,0.0,0
4392,11,4,15,0.0,0
4393,11,4,15,0.0,0
4394,11,4,15,0.0,0
4395,11,4,15,0.0,0
4396,11,4,15,0.0,0
4397,11,4,15,0.0,0
4398,11,4,15,0.0,0
4399,11,4,15,0.0,0
4400,11,4,15,0.0,0
4401,11,4,15,0.0,0
4402,11,4,15,0.0,0
4403,11,4,15,0.0,0
4404,11,4,15,0.0,0
4405,11,4,15,0.0,0
4406,11,4,15,0.0,0
4407,11,4,15,0.0,0
4408,11,4,15,0.0,0
4409,11,4,15,0.0,0
4410,11,4,15,0.0,0
4411,11,4,15,0.0,0
4412,11,4,15,0.0,0
4413,11,4,15,0.0,0
4414,11,4,15,0.0,0
4415,11,4,15,0.0,0
4416,11,4,15,0.0,0
4417,11,4,15,0.0,0
4418,11,4,15,0.0,0
4419,11,4,15,0.0,0
4420,11,4,15,0.0,0
4421,11,4,15,0.0,0
4422,11,4,15,0.0,0
4423,11,4,15,0.0,0
4424,11,4,15,0.0,0
4425,11,4,15,0.0,0
4426,11,4,15,0.0,0
4427,11,4,15,0.0,0
4428,11,4,15,0.0,0
4429,11,4,15,0.0,0
4430,11,4,15,0.0,0
4431,11,4,15,0.0,0
4432,11,4,15,0.0,0
4433,11,4,15,0.0,0
4434,11,4,15,0.0,0
4435,11,4,15,0.0,0
4436,11,4,15,0.0,0
4437,11,4,15,0.0,0
4438,11,4,15,0.0,0
4439,11,4,15,0.0,0
4440,11,4,15,0.0,0
4441,11,4,15,0.0,0
4442,11,4,15,0.0,0
4443,11,4,15,0.0,0
4444,11,4,15,0.0,0
4445,11,4,15,0.0,0
4446,11,4,15,0.0,0
4447,11,4,15,0.0,0
4448,11,4,15,0.0,0
4449,11,4,15,0.0,0
4450,11,4,15,0.0,0
4451,11,4,15,0.0,0
4452,11,4,15,0.0,0
4453,11,4,15,0.0,0
4454,11,4,15,0.0,0
4455,11,4,15,0.0,0
4456,11,4,15,0.0,0
4457,11,4,15,0.0,0
4458,11,4,15,0.0,0
4459,11,4,15,0.0,0
4460,11,4,15,0.0,0
4461,11,4,15,0.0,0
4462,11,4,15,0.0,0
4463,11,4,15,0.0,0
4464,11,4,15,0.0,0
4465,11,4,15,0.0,0
4466,11,4,15,0.0,0
4467,11,4,15,0.0,0
4468,11,4,15,0.0,0
4469,11,4,15,0.0,0
4470,11,4,15,0.0,0
4471,11,4,15,0.0,0
4472,11,4,15,0.0,0
4473,11,4,15,0.0,0
4474,11,4,15,0.0,0
4475,11,4,15,0.0,0
4476,11,4,15,0.0,0
4477,11,4,15,0.0,0
4478,11,4,15,0.0,0
4479,11,4,15,0.0,0
4480,11,4,15,0.0,0
4481,11,4,15,0.0,0
4482,11,4,15,0.0,0
4483,11,4,15,0.0,0
4484,11,4,15,0.0,0
4485,11,4,15,0.0,0
4486,11,4,15,0.0,0
4487,11,4,15,0.0,0
4488,11,4,15,0.0,0
4489,11,4,15,0.0,0
4490,11,4,15,0.0,0
4491,11,4,15,0.0,0
4492,11,4,15,0.0,0
4493,11,4,15,0.0,0
4494,11,4,15,0.0,0
4495,11,4,15,0.0,0
4496,11,4,15,0.0,0
4497,11,4,15,0.0,0
4498,11,4,15,0.0,0
4499,11,4,15,0.0,0
4500,11,4,15,0.0,0
4501,11,4,15,0.0,0
4502,11,4,15,0.0,0
4503,11,4,15,0.0,0
4504,11,4,15,0.0,0
4505,11,4,15,0.0,0
4506,11,4,15,0.0,0
4507,11,4,15,0.0,0
4508,11,4,15,0.0,0
4509,11,4,15,0.0,0
4510,11,4,15,0.0,0
4511,11,4,15,0.0,0
4512,11,4,15,0.0,0
4513,11,4,15,0.0,0
4514,11,4,15,0.0,0
4515,11,4,15,0.0,0
4516,11,4,15,0.0,0
4517,11,4,15,0.0,0
4518,11,4,15,0.0,0
4519,11,4,15,0.0,0
4520,11,4,15,0.0,0
4521,11,4,15,0.0,0
4522,11,4,15,0.0,0
4523,11,4,15,0.0,0
4524,11,4,15,0.0,0
4525,11,4,15,0.0,0
4526,11,4,15,0.0,0
4527,11,4,15,0.0,0
4528,11,4,15,0.0,0
4529,11,4,15,0.0,0
4530,11,4,15,0.0,0
4531,11,4,15,0.0,0
4532,11,4,15,0.0,0
4533,11,4,15,0.0,0
4534,11,4,15,0.0,0
4535,11,4,15,0.0,0
4536,11,4,15,0.0,0
4537,11,4,15,0.0,0
4538,11,4,15,0.0,0
4539,11,4,15,0.0,0
4540,11,4,15,0.0,0
4541,11,4,15,0.0,0
4542,11,4,15,0.0,0
4543,11,4,15,0.0,0
4544,11,4,15,0.0,0
4545,11,4,15,0.0,0
4546,11,4,15,0.0,0
4547,11,4,15,0.0,0
4548,11,4,15,0.0,0
4549,11,4,15,0.0,0
4550,11,4,15,0.0,0
4551,11,4,15,0.0,0
4552,11,4,15,0.0,0
4553,11,4,15,0.0,0
4554,11,4,15,0.0,0
4555,11,4,15,0.0,0
4556,11,4,15,0.0,0
4557,11,4,15,0.0,0
4558,11,4,15,0.0,0
4559,11,4,15,0.0,0
4560,11,4,15,0.0,0
4561,11,4,15,0.0,0
4562,11,4,15,0.0,0
4563,11,4,15,0.0,0
4564,11,4,15,0.0,0
4565,11,4,15,0.0,0
4566,11,4,15,0.0,0
4567,11,4,15,0.0,0
4568,11,4,15,0.0,0
4569,11,5,16,0.0,0
4570,11,5,16,0.0,0
4571,11,5,16,0.0,0
4572,11,5,16,0.0,0
4573,11,5,16,0.0,0
4574,11,5,16,0.0,0
4575,11,5,16,0.0,0
4576,11,5,16,0.0,0
4577,11,5,16,0.0,0
4578,11,5,16,0.0,0
4579,11,5,16,0.0,0
4580,11,5,16,0.0,0
4581,11,5,16,0.0,0
4582,11,5,16,0.0,0
4583,11,5,16,0.0,0
4584,11,5,16,0.0,0
4585,11,5,16,0.0,0
4586,11,5,16,0.0,0
4587,11,5,16,0.0,0
4588,11,5,16,0.0,0
4589,11,5,16,0.0,0
4590,11,5,16,0.0,0
4591,11,5,16,0.0,0
4592,11,5,16,0.0,0
4593,11,5,16,0.0,0
4594,11,5,16,0.0,0
4595,11,5,16,0.0,0
4596,11,5,16,0.0,0
4597,11,5,16,0.0,0
4598,11,5,16,0.0,0
4599,11,5,16,0.0,0
4600,11,5,16,0.0,0
4601,11,5,16,0.0,0
4602,11,5,16,0.0,0
4603,11,5,16,0.0,0
4604,11,5,16,0.0,0
4605,11,5,16,0.0,0
4606,11,5,16,0.0,0
4607,11,5,16,0.0,0
4608,11,5,16,0.0,0
4609,11,5,16,0.0,0
4610,11,5,16,0.0,0
4611,11,5,16,0.0,0
4612,11,5,16,0.0,0
4613,11,5,16,0.0,0
4614,11,5,16,0.0,0
4615,11,5,16,0.0,0
4616,11,5,16,0.0,0
4617,11,5,16,0.0,0
4618,11,5,16,0.0,0
4619,11,5,16,0.0,0
4620,11,5,16,0.0,0
4621,11,5,16,0.0,0
4622,11,5,16,0.0,0
4623,11,5,16,0.0,0
4624,11,5,16,0.0,0
4625,11,5,16,0.0,0
4626,11,5,16,0.0,0
4627,11,5,16,0.0,0
4628,11,5,16,0.0,0
4629,11,5,16,0.0,0
4630,11,5,16,0.0,0
4631,11,5,16,0.0,0
4632,11,5,16,0.0,0
4633,11,5,16,0.0,0
4634,11,5,16,0.0,0
4635,11,5,16,0.0,0
4636,11,5,16,0.0,0
4637,11,5,16,0.0,0
4638,11,5,16,0.0,0
4639,11,5,16,0.0,0
4640,11,5,16,0.0,0
4641,11,5,16,0.0,0
4642,11,5,16,0.0,0
4643,11,5,16,0.0,0
4644,11,5,16,0.0,0
4645,11,5,16,0.0,0
4646,11,5,16,0.0,0
4647,11,5,16,0.0,0
4648,11,5,16,0.0,0
4649,11,5,16,0.0,0
4650,11,5,16,0.0,0
4651,11,5,16,0.0,0
4652,11,5,16,0.0,0
4653,11,5,16,0.0,0
4654,11,5,16,0.0,0
4655,11,5,16,0.0,0
4656,11,5,16,0.0,0
4657,11,5,16,0.0,0
4658,11,5,16,0.0,0
4659,11,5,16,0.0,0
4660,11,5,16,0.0,0
4661,11,5,16,0.0,0
4662,11,5,16,0.0,0
4663,11,5,16,0.0,0
4664,11,5,16,0.0,0
4665,11,5,16,0.0,0
4666,11,5,16,0.0,0
4667,11,5,16,0.0,0
4668,11,5,16,0.0,0
4669,11,5,16,0.0,0
4670,11,5,16,0.0,0
4671,11,5,16,0.0,0
4672,11,5,16,0.0,0
4673,11,5,16,0.0,0
4674,11,5,16,0.0,0
4675,11,5,16,0.0,0
4676,11,5,16,0.0,0
4677,11,5,16,0.0,0
4678,11,5,16,0.0,0
4679,11,5,16,0.0,0
4680,11,5,16,0.0,0
4681,11,5,16,0.0,0
4682,11,5,16,0.0,0
4683,11,5,16,0.0,0
4684,11,5,16,0.0,0
4685,11,5,16,0.0,0
4686,11,5,16,0.0,0
4687,11,5,16,0.0,0
4688,11,5,16,0.0,0
4689,11,5,16,0.0,0
4690,11,5,16,0.0,0
4691,11,5,16,0.0,0
4692,11,5,16,0.0,0
4693,11,5,16,0.0,0
4694,11,5,16,0.0,0
4695,11,5,16,0.0,0
4696,11,5,16,0.0,0
4697,11,5,16,0.0,0
4698,11,5,16,0.0,0
4699,11,5,16,0.0,0
4700,11,5,16,0.0,0
4701,11,5,16,0.0,0
4702,11,5,16,0.0,0
4703,11,5,16,0.0,0
4704,11,5,16,0.0,0
4705,11,5,16,0.0,0
4706,11,5,16,0.0,0
4707,11,5,16,0.0,0
4708,11,5,16,0.0,0
4709,11,5,16,0.0,0
4710,11,5,16,0.0,0
4711,11,5,16,0.0,0
4712,11,5,16,0.0,0
4713,11,5,16,0.0,0
4714,11,5,16,0.0,0
4715,11,5,16,0.0,0
4716,11,5,16,0.0,0
4717,11,5,16,0.0,0
4718,11,5,16,0.0,0
4719,11,5,16,0.0,0
4720,11,5,16,0.0,0
4721,11,5,16,0.0,0
4722,11,5,16,0.0,0
4723,11,5,16,0.0,0
4724,11,5,16,0.0,0
4725,11,5,16,0.0,0
4726,11,5,16,0.0,0
4727,11,5,16,0.0,0
4728,11,5,16,0.0,0
4729,11,5,16,0.0,0
4730,11,5,16,0.0,0
4731,11,5,16,0.0,0
4732,11,5,16,0.0,0
4733,11,5,16,0.0,0
4734,11,5,16,0.0,0
4735,11,5,16,0.0,0
4736,11,5,16,0.0,0
4737,11,5,16,0.0,0
4738,11,5,16,0.0,0
4739,11,5,16,0.0,0
4740,11,5,16,0.0,0
4741,11,5,16,0.0,0
4742,11,5,16,0.0,0
4743,11,5,16,0.0,0
4744,11,5,16,0.0,0
4745,11,5,16,0.0,0
4746,11,5,16,0.0,0
4747,11,5,16,0.0,0
4748,11,5,16,0.0,0
4749,11,5,16,0.0,0
4750,11,5,16,0.0,0
4751,11,5,16,0.0,0
4752,11,5,16,0.0,0
4753,11,5,16,0.0,0
4754,11,5,16,0.0,0
4755,11,5,16,0.0,0
4756,11,5,16,0.0,0
4757,11,5,16,0.0,0
4758,11,5,16,0.0,0
4759,11,5,16,0.0,0
4760,11,5,16,0.0,0
4761,11,5,16,0.0,0
4762,11,5,16,0.0,0
4763,11,5,16,0.0,0
4764,11,5,16,1.0,1
4765,11,5,16,2.0,2
4766,11,5,16,3.0,3
4767,11,5,16,4.0,4
4768,11,5,16,5.0,5
4769,11,5,16,6.0,6
4770,11,5,16,7.0,7
4771,11,5,16,8.0,8
4772,11,5,16,9.0,9
4773,11,5,16,10.0,10
4774,11,5,16,11.0,11
4775,11,5,16,12.0,12
4776,11,5,16,13.0,13
4777,11,5,16,14.0,14
4778,11,5,16,15.0,15
4779,11,5,16,16.0,16
4780,11,5,16,17.0,17
4781,11,5,16,18.0,18
4782,11,5,16,19.0,19
4783,11,5,16,20.0,20
4784,11,5,16,21.0,21
4785,11,5,16,22.0,22
4786,11,5,16,23.0,23
4787,11,5,16,24.0,24
4788,11,5,16,25.0,25
4789,11,5,16,26.0,26
4790,11,5,16,27.0,27
4791,11,5,16,28.0,28
4792,11,5,16,29.0,29
4793,11,5,16,30.0,30
4794,11,5,16,31.0,31
4795,11,5,16,32.0,32
4796,11,5,16,33.0,33
4797,11,5,16,34.0,34
4798,11,5,16,35.0,35
4799,11,5,16,36.0,36
4800,11,5,16,37.0,37
4801,11,5,16,38.0,38
4802,11,5,16,39.0,39
4803,11,5,16,40.0,40
4804,11,5,16,41.0,41
4805,11,5,16,42.0,42
4806,11,5,16,43.0,43
4807,11,5,16,44.0,44
4808,11,5,16,45.0,45
4809,11,5,16,46.0,46
4810,11,5,16,47.0,47
4811,11,5,16,48.0,48
4812,11,5,16,49.0,49
4813,11,5,16,50.0,50
4814,11,5,16,51.0,51
4815,11,5,16,52.0,52
4816,11,5,16,53.0,53
4817,11,5,16,54.0,54
4818,11,5,16,55.0,55
4819,11,5,16,56.0,56
4820,11,5,16,57.0,57
4821,11,5,16,58.0,58
4822,11,5,16,59.0,59
4823,11,5,16,60.0,60
4824,11,5,16,61.0,61
4825,11,5,16,62.0,62
4826,11,5,16,63.0,63
4827,11,5,16,64.0,64
4828,11,5,16,65.0,65
4829,11,5,16,66.0,66
4830,11,5,16,67.0,67
4831,11,5,16,68.0,68
4832,11,5,16,69.0,69
4833,11,5,16,70.0,70
4834,11,5,16,71.0,71
4835,11,5,16,72.0,72
4836,11,5,16,73.0,73
4837,11,5,16,74.0,74
4838,11,5,16,75.0,75
4839,11,5,16,76.0,76
4840,11,5,16,77.0,77
4841,11,5,16,78.0,78
4842,11,5,16,79.0,79
4843,11,5,16,80.0,80
4844,11,5,16,81.0,81
4845,11,5,16,82.0,82
4846,11,5,16,83.0,83
4847,11,5,16,84.0,84
4848,11,5,16,85.0,85
4849,11,5,16,86.0,86
4850,11,5,16,87.0,87
4851,11,5,16,88.0,88
4852,11,5,16,89.0,89
4853,11,5,16,90.0,90
4854,11,5,16,91.0,91
4855,11,5,16,92.0,92
4856,11,5,16,93.0,93
4857,11,5,16,94.0,94
4858,11,5,16,95.0,95
4859,11,5,16,96.0,96
4860,11,5,16,97.0,97
4861,11,5,16,98.0,98
4862,11,5,16,99.0,99
4863,11,5,16,100.0,100
4864,11,5,16,101.0,101
4865,11,5,16,102.0,102
4866,11,5,16,103.0,103
4867,11,5,16,104.0,104
4868,11,5,16,105.0,105
4869,11,5,16,106.0,106
4870,11,5,16,107.0,107
4871,11,5,16,108.0,108
4872,11,5,16,109.0,109
4873,11,5,16,110.0,110
4874,11,5,16,111.0,111
4875,11,5,16,112.0,112
4876,11,5,16,113.0,113
4877,11,5,16,114.0,114
4878,11,5,16,115.0,115
4879,11,5,16,116.0,116
4880,11,5,16,117.0,117
4881,11,5,16,118.0,118
4882,11,5,16,119.0,119
4883,11,5,16,120.0,120
4884,11,5,16,121.0,121
4885,11,5,16,122.0,122
4886,11,5,16,123.0,123
4887,11,5,16,124.0,124
4888,11,5,16,125.0,125
4889,11,5,16,126.0,126
4890,11,5,16,127.0,127
4891,11,5,16,128.0,128
4892,11,5,16,129.0,129
4893,11,5,16,130.0,130
4894,11,5,16,131.0,131
4895,11,5,16,132.0,132
4896,11,5,16,133.0,133
4897,11,5,16,134.0,134
4898,11,5,16,135.0,135
4899,11,5,16,136.0,136
4900,11,5,16,137.0,137
4901,11,5,16,138.0,138
4902,11,5,16,139.0,139
4903,11,5,16,140.0,140
4904,11,5,16,141.0,141
4905,11,5,16,142.0,142
4906,11,5,16,143.0,143
4907,11,5,16,144.0,144
4908,11,5,16,145.0,145
4909,11,5,16,146.0,146
4910,11,5,16,147.0,147
4911,11,5,16,148.0,148
4912,11,5,16,149.0,149
4913,11,5,16,150.0,150
4914,11,5,16,151.0,151
4915,11,5,16,152.0,152
4916,11,5,16,153.0,153
4917,11,5,16,154.0,154
4918,11,5,16,155.0,155
4919,11,5,16,156.0,156
4920,11,5,16,157.0,157
4921,11,5,16,158.0,158
4922,11,5,16,159.0,159
4923,11,5,16,160.0,160
4924,11,5,16,161.0,161
4925,11,5,16,162.0,162
4926,11,5,16,163.0,163
4927,11,5,16,164.0,164
4928,11,5,16,165.0,165
4929,11,5,16,166.0,166
4930,11,5,16,167.0,167
4931,11,5,16,168.0,168
4932,11,5,16,169.0,169
4933,11,5,16,170.0,170
4934,11,5,16,171.0,171
4935,11,5,16,172.0,172
4936,11,5,16,173.0,173
4937,12,5,17,174.0,174
4938,12,5,17,174.0,174
4939,12,5,17,174.0,174
4940,12,5,17,174.0,174
4941,12,5,17,174.0,174
4942,12,5,17,174.0,174
4943,12,5,17,174.0,174
4944,12,5,17,174.0,174
4945,12,5,17,174.0,174
4946,12,5,17,174.0,174
4947,12,5,17,174.0,174
4948,12,5,17,174.0,174
4949,12,5,17,174.0,174
4950,12,5,17,174.0,174
4951,12,5,17,174.0,174
4952,12,5,17,174.0,174
4953,12,5,17,174.0,174
4954,12,5,17,174.0,174
4955,12,5,17,174.0,174
4956,12,5,17,174.0,174
4957,12,5,17,174.0,174
4958,12,5,17,174.0,174
4959,12,5,17,174.0,174
4960,12,5,17,174.0,174
4961,12,5,17,174.0,174
4962,12,5,17,174.0,174
4963,12,5,17,174.0,174
4964,12,5,17,174.0,174
4965,12,5,17,174.0,174
4966,12,5,17,174.0,174
4967,12,5,17,174.0,174
4968,12,5,17,174.0,174
4969,12,5,17,174.0,174
4970,12,5,17,174.0,174
4971,12,5,17,174.0,174
4972,12,5,17,174.0,174
4973,12,5,17,174.0,174
4974,12,5,17,174.0,174
4975,12,5,17,174.0,174
4976,12,5,17,174.0,174
4977,12,5,17,174.0,174
4978,12,5,17,174.0,174
4979,12,5,17,174.0,174
4980,12,5,17,174.0,174
4981,12,5,17,174.0,174
4982,12,5,17,174.0,174
4983,12,5,17,174.0,174
4984,12,5,17,174.0,174
4985,12,5,17,174.0,174
4986,12,5,17,174.0,174
4987,12,5,17,174.0,174
4988,12,5,17,174.0,174
4989,12,5,17,174.0,174
4990,12,5,17,174.0,174
4991,12,5,17,174.0,174
4992,12,5,17,174.0,174
4993,12,5,17,174.0,174
4994,12,5,17,174.0,174
4995,12,5,17,174.0,174
4996,12,5,17,174.0,174
4997,12,5,17,174.0,174
4998,12,5,17,174.0,174
4999,12,5,17,174.0,174
5000,12,5,17,174.0,174
5001,12,5,17,174.0,174
5002,12,5,17,174.0,174
5003,12,5,17,174.0,174
5004,12,5,17,174.0,174
5005,12,5,17,174.0,174
5006,12,5,17,174.0,174
5007,12,5,17,174.0,174
5008,12,5,17,0.0,0
5009,12,5,17,0.0,0
5010,12,5,17,0.0,0
5011,12,5,17,0.0,0
5012,12,5,17,0.0,0
5013,12,5,17,0.0,0
5014,12,5,17,0.0,0
5015,12,5,17,0.0,0
5016,12,5,17,0.0,0
5017,12,5,17,0.0,0
5018,12,5,17,0.0,0
5019,12,5,17,0.0,0
5020,12,5,17,0.0,0
5021,12,5,17,0.0,0
5022,12,5,17,0.0,0
5023,12,5,17,0.0,0
5024,12,5,17,0.0,0
5025,12,5,17,0.0,0
5026,12,5,17,0.0,0
5027,12,5,17,0.0,0
5028,12,5,17,0.0,0
5029,12,5,17,0.0,0
5030,12,5,17,0.0,0
5031,12,5,17,0.0,0
5032,12,5,17,0.0,0
5033,12,5,17,0.0,0
5034,12,5,17,0.0,0
5035,12,5,17,0.0,0
5036,12,5,17,0.0,0
5037,12,5,17,0.0,0
5038,12,5,17,0.0,0
5039,12,5,17,0.0,0
5040,12,5,17,0.0,0
5041,12,5,17,0.0,0
5042,12,5,17,0.0,0
5043,12,5,17,0.0,0
5044,12,5,17,0.0,0
5045,12,5,17,0.0,0
5046,12,5,17,0.0,0
5047,12,5,17,0.0,0
5048,12,5,17,0.0,0
5049,12,5,17,0.0,0
5050,12,5,17,0.0,0
5051,12,5,17,0.0,0
5052,12,5,17,0.0,0
5053,12,5,17,0.0,0
5054,12,5,17,0.0,0
5055,12,5,17,0.0,0
5056,12,5,17,0.0,0
5057,12,5,17,0.0,0
5058,12,5,17,0.0,0
5059,12,5,17,0.0,0
5060,12,5,17,0.0,0
5061,12,5,17,0.0,0
5062,12,5,17,0.0,0
5063,12,5,17,0.0,0
5064,12,5,17,0.0,0
5065,12,5,17,0.0,0
5066,12,5,17,0.0,0
5067,12,5,17,0.0,0
5068,12,5,17,0.0,0
5069,12,5,17,0.0,0
5070,12,5,17,0.0,0
5071,12,5,17,0.0,0
5072,12,5,17,0.0,0
5073,12,5,17,0.0,0
5074,12,5,17,0.0,0
5075,12,5,17,0.0,0
5076,12,5,17,0.0,0
5077,12,5,17,0.0,0
5078,12,5,17,0.0,0
5079,12,5,17,0.0,0
5080,12,5,17,0.0,0
5081,12,5,17,0.0,0
5082,12,5,17,0.0,0
5083,12,5,17,0.0,0
5084,12,5,17,0.0,0
5085,12,5,17,0.0,0
5086,12,5,17,0.0,0
5087,12,5,17,0.0,0
5088,12,5,17,0.0,0
5089,12,5,17,0.0,0
5090,12,5,17,0.0,0
5091,12,5,17,0.0,0
5092,12,5,17,0.0,0
5093,12,5,17,0.0,0
5094,12,5,17,0.0,0
5095,12,5,17,0.0,0
5096,12,5,17,0.0,0
5097,12,5,17,0.0,0
5098,12,5,17,0.0,0
5099,12,5,17,0.0,0
5100,12,5,17,0.0,0
5101,12,5,17,0.0,0
5102,12,5,17,0.0,0
5103,12,5,17,0.0,0
5104,12,5,17,0.0,0
5105,12,5,17,0.0,0
5106,12,5,17,0.0,0
5107,12,5,17,0.0,0
5108,12,5,17,0.0,0
5109,12,5,17,0.0,0
5110,12,5,17,0.0,0
5111,12,5,17,0.0,0
5112,12,5,17,0.0,0
5113,12,5,17,0.0,0
5114,12,5,17,0.0,0
5115,12,5,17,0.0,0
5116,12,5,17,0.0,0
5117,12,5,17,0.0,0
5118,12,5,17,0.0,0
5119,12,5,17,0.0,0
5120,12,5,17,0.0,0
5121,12,5,17,0.0,0
5122,12,5,17,0.0,0
5123,12,5,17,0.0,0
5124,12,5,17,0.0,0
5125,12,5,17,0.0,0
5126,12,5,17,0.0,0
5127,12,5,17,0.0,0
5128,12,5,17,0.0,0
5129,12,5,17,0.0,0
5130,12,5,17,0.0,0
5131,12,5,17,0.0,0
5132,12,5,17,0.0,0
5133,12,5,17,0.0,0
5134,12,5,17,0.0,0
5135,12,5,17,0.0,0
5136,12,5,17,0.0,0
5137,12,5,17,0.0,0
5138,12,5,17,0.0,0
5139,12,5,17,0.0,0
5140,12,5,17,0.0,0
5141,12,5,17,0.0,0
5142,12,5,17,0.0,0
5143,12,5,17,0.0,0
5144,12,5,17,0.0,0
5145,12,5,17,0.0,0
5146,12,5,17,0.0,0
5147,12,5,17,0.0,0
5148,12,5,17,0.0,0
5149,12,5,17,0.0,0
5150,12,5,17,0.0,0
5151,12,5,17,0.0,0
5152,12,5,17,0.0,0
5153,12,5,17,0.0,0
5154,12,5,17,0.0,0
5155,12,5,17,0.0,0
5156,12,5,17,0.0,0
5157,12,5,17,0.0,0
5158,12,5,17,0.0,0
5159,12,5,17,0.0,0
5160,12,5,17,0.0,0
5161,12,5,17,0.0,0
5162,12,5,17,0.0,0
5163,12,5,17,0.0,0
5164,12,5,17,0.0,0
5165,12,5,17,0.0,0
5166,12,5,17,0.0,0
5167,12,5,17,0.0,0
5168,12,5,17,0.0,0
5169,12,5,17,0.0,0
5170,12,5,17,0.0,0
5171,12,5,17,0.0,0
5172,12,5,17,0.0,0
5173,12,5,17,0.0,0
5174,12,5,17,0.0,0
5175,12,5,17,0.0,0
5176,12,5,17,0.0,0
5177,12,5,17,0.0,0
5178,12,5,17,0.0,0
5179,12,5,17,0.0,0
5180,12,5,17,0.0,0
5181,12,5,17,0.0,0
5182,12,5,17,0.0,0
5183,12,5,17,0.0,0
5184,12,5,17,0.0,0
5185,12,5,17,0.0,0
5186,12,5,17,0.0,0
5187,12,5,17,0.0,0
5188,12,5,17,0.0,0
5189,12,5,17,0.0,0
5190,12,5,17,0.0,0
5191,12,5,17,0.0,0
5192,12,5,17,0.0,0
5193,12,5,17,0.0,0
5194,12,5,17,0.0,0
5195,12,5,17,0.0,0
5196,12,5,17,0.0,0
5197,12,5,17,0.0,0
5198,12,5,17,0.0,0
5199,12,5,17,0.0,0
5200,12,5,17,0.0,0
5201,12,5,17,0.0,0
5202,12,5,17,0.0,0
5203,12,5,17,0.0,0
5204,12,5,17,0.0,0
5205,12,5,17,0.0,0
5206,12,5,17,0.0,0
5207,12,5,17,0.0,0
5208,12,5,17,0.0,0
5209,12,5,17,0.0,0
5210,12,5,17,0.0,0
5211,12,5,17,0.0,0
5212,12,5,17,0.0,0
5213,12,5,17,0.0,0
5214,12,5,17,0.0,0
5215,12,5,17,0.0,0
5216,12,5,17,0.0,0
5217,12,5,17,0.0,0
5218,12,5,17,0.0,0
5219,12,5,17,0.0,0
5220,12,5,17,0.0,0
5221,12,5,17,0.0,0
5222,12,5,17,0.0,0
5223,12,5,17,0.0,0
5224,12,5,17,0.0,0
5225,12,5,17,0.0,0
5226,12,5,17,0.0,0
5227,12,5,17,0.0,0
5228,12,5,17,0.0,0
5229,12,5,17,1.0,1
5230,12,5,17,2.0,2
5231,12,5,17,3.0,3
5232,12,5,17,4.0,4
5233,12,5,17,5.0,5
5234,12,5,17,6.0,6
5235,12,5,17,7.0,7
5236,12,5,17,8.0,8
5237,12,5,17,9.0,9
5238,12,5,17,10.0,10
5239,12,5,17,11.0,11
5240,12,5,17,12.0,12
5241,12,5,17,13.0,13
5242,12,5,17,14.0,14
5243,12,5,17,15.0,15
5244,12,5,17,16.0,16
5245,12,5,17,17.0,17
5246,12,5,17,18.0,18
5247,12,5,17,19.0,19
5248,12,5,17,20.0,20
5249,12,5,17,21.0,21
5250,12,5,17,22.0,22
5251,12,5,17,23.0,23
5252,12,5,17,24.0,24
5253,12,5,17,25.0,25
5254,12,5,17,26.0,26
5255,12,5,17,27.0,27
5256,12,5,17,28.0,28
5257,12,5,17,29.0,29
5258,12,5,17,30.0,30
5259,12,5,17,31.0,31
5260,12,5,17,32.0,32
5261,12,5,17,33.0,33
5262,12,5,17,34.0,34
5263,12,5,17,35.0,35
5264,12,5,17,36.0,36
5265,12,5,17,37.0,37
5266,12,5,17,38.0,38
5267,12,5,17,39.0,39
5268,12,5,17,40.0,40
5269,12,5,17,41.0,41
5270,12,5,17,42.0,42
5271,12,5,17,43.0,43
5272,12,5,17,44.0,44
5273,12,5,17,45.0,45
5274,12,5,17,46.0,46
5275,12,5,17,47.0,47
5276,12,5,17,48.0,48
5277,12,5,17,49.0,49
5278,12,5,17,50.0,50
5279,12,5,17,51.0,51
5280,12,5,17,52.0,52
5281,12,5,17,53.0,53
5282,12,5,17,54.0,54
5283,12,5,17,55.0,55
5284,12,5,17,56.0,56
5285,12,5,17,57.0,57
5286,12,5,17,58.0,58
5287,12,5,17,59.0,59
5288,12,5,17,60.0,60
5289,12,5,17,61.0,61
5290,12,5,17,62.0,62
5291,12,5,17,63.0,63
5292,12,5,17,64.0,64
5293,12,5,17,65.0,65
5294,12,5,17,66.0,66
5295,12,5,17,67.0,67
5296,12,5,17,68.0,68
5297,12,5,17,69.0,69
5298,12,5,17,70.0,70
5299,12,5,17,71.0,71
5300,12,5,17,72.0,72
5301,12,5,17,73.0,73
5302,12,5,17,74.0,74
5303,12,5,17,75.0,75
5304,12,5,17,76.0,76
5305,12,5,17,77.0,77
5306,12,5,17,78.0,78
5307,12,5,17,79.0,79
5308,12,5,17,80.0,80
5309,12,5,17,81.0,81
5310,12,5,17,82.0,82
5311,12,5,17,83.0,83
5312,12,5,17,84.0,84
5313,12,5,17,85.0,85
5314,12,5,17,86.0,86
5315,12,5,17,87.0,87
5316,12,5,17,88.0,88
5317,12,5,17,89.0,89
5318,12,5,17,90.0,90
5319,12,5,17,91.0,91
5320,12,5,17,92.0,92
5321,12,5,17,93.0,93
5322,12,5,17,94.0,94
5323,12,5,17,95.0,95
5324,12,5,17,96.0,96
5325,12,5,17,97.0,97
5326,12,5,17,98.0,98
5327,12,5,17,99.0,99
5328,12,5,17,100.0,100
5329,12,5,17,101.0,101
5330,12,5,17,102.0,102
5331,12,5,17,103.0,103
5332,12,5,17,104.0,104
5333,12,5,17,105.0,105
5334,12,5,17,106.0,106
5335,12,5,17,107.0,107
5336,12,5,17,108.0,108
5337,12,5,17,109.0,109
5338,12,5,17,110.0,110
5339,12,5,17,111.0,111
5340,12,5,17,112.0,112
5341,12,5,17,113.0,113
5342,12,5,17,114.0,114
5343,12,5,17,115.0,115
5344,12,5,17,116.0,116
5345,12,5,17,117.0,117
5346,12,5,17,118.0,118
5347,12,5,17,119.0,119
5348,12,5,17,120.0,120
5349,12,5,17,121.0,121
5350,12,5,17,122.0,122
5351,12,5,17,123.0,123
5352,12,5,17,124.0,124
5353,12,5,17,125.0,125
5354,12,5,17,126.0,126
5355,12,5,17,127.0,127
5356,12,5,17,128.0,128
5357,12,5,17,129.0,129
5358,12,5,17,130.0,130
5359,12,5,17,131.0,131
5360,12,5,17,132.0,132
5361,12,5,17,133.0,133
5362,12,5,17,134.0,134
5363,12,5,17,135.0,135
5364,12,5,17,136.0,136
5365,12,5,17,137.0,137
5366,12,5,17,138.0,138
5367,12,5,17,139.0,139
5368,12,5,17,140.0,140
5369,12,5,17,141.0,141
5370,12,5,17,142.0,142
5371,12,5,17,143.0,143
5372,12,5,17,144.0,144
5373,12,5,17,145.0,145
5374,12,5,17,146.0,146
5375,12,5,17,147.0,147
5376,12,5,17,148.0,148
5377,12,5,17,149.0,149
5378,12,5,17,150.0,150
5379,12,5,17,151.0,151
5380,12,5,17,152.0,152
5381,12,5,17,153.0,153
5382,12,5,17,154.0,154
5383,12,5,17,155.0,155
5384,12,5,17,156.0,156
5385,12,5,17,157.0,157
5386,12,5,17,158.0,158
5387,12,5,17,159.0,159
5388,12,5,17,160.0,160
5389,12,5,17,161.0,161
5390,12,5,17,162.0,162
5391,12,5,17,163.0,163
5392,12,5,17,164.0,164
5393,12,5,17,165.0,165
5394,12,5,17,166.0,166
5395,12,5,17,167.0,167
5396,12,5,17,168.0,168
5397,12,5,17,169.0,169
5398,12,5,17,170.0,170
5399,12,5,17,171.0,171
5400,12,5,17,172.0,172
5401,12,5,17,173.0,173
5402,12,5,17,174.0,174
5403,12,5,17,175.0,175
5404,12,5,17,176.0,176
5405,13,5,18,177.0,177
5406,13,5,18,177.0,177
5407,13,5,18,177.0,177
5408,13,5,18,177.0,177
5409,13,5,18,177.0,177
5410,13,5,18,177.0,177
5411,13,5,18,177.0,177
5412,13,5,18,177.0,177
5413,13,5,18,177.0,177
5414,13,5,18,177.0,177
5415,13,5,18,177.0,177
5416,13,5,18,177.0,177
5417,13,5,18,177.0,177
5418,13,5,18,177.0,177
5419,13,5,18,177.0,177
5420,13,5,18,177.0,177
5421,13,5,18,177.0,177
5422,13,5,18,177.0,177
5423,13,5,18,177.0,177
5424,13,5,18,177.0,177
5425,13,5,18,177.0,177
5426,13,5,18,177.0,177
5427,13,5,18,177.0,177
5428,13,5,18,177.0,177
5429,13,5,18,177.0,177
5430,13,5,18,177.0,177
5431,13,5,18,177.0,177
5432,13,5,18,177.0,177
5433,13,5,18,177.0,177
5434,13,5,18,177.0,177
5435,13,5,18,177.0,177
5436,13,5,18,177.0,177
5437,13,5,18,177.0,177
5438,13,5,18,177.0,177
5439,13,5,18,177.0,177
5440,13,5,18,177.0,177
5441,13,5,18,177.0,177
5442,13,5,18,177.0,177
5443,13,5,18,177.0,177
5444,13,5,18,177.0,177
5445,13,5,18,177.0,177
5446,13,5,18,177.0,177
5447,13,5,18,177.0,177
5448,13,5,18,177.0,177
5449,13,5,18,177.0,177
5450,13,5,18,177.0,177
5451,13,5,18,177.0,177
5452,13,5,18,177.0,177
5453,13,5,18,177.0,177
5454,13,5,18,177.0,177
5455,13,5,18,177.0,177
5456,13,5,18,177.0,177
5457,13,5,18,177.0,177
5458,13,5,18,177.0,177
5459,13,5,18,177.0,177
5460,13,5,18,177.0,177
5461,13,5,18,177.0,177
5462,13,5,18,177.0,177
5463,13,5,18,177.0,177
5464,13,5,18,177.0,177
5465,13,5,18,177.0,177
5466,13,5,18,177.0,177
5467,13,5,18,177.0,177
5468,13,5,18,177.0,177
5469,13,5,18,0.0,0
5470,13,5,18,0.0,0
5471,13,5,18,0.0,0
5472,13,5,18,0.0,0
5473,13,5,18,0.0,0
5474,13,5,18,0.0,0
5475,13,5,18,0.0,0
5476,13,5,18,0.0,0
5477,13,5,18,0.0,0
5478,13,5,18,0.0,0
5479,13,5,18,0.0,0
5480,13,5,18,0.0,0
5481,13,5,18,0.0,0
5482,13,5,18,0.0,0
5483,13,5,18,0.0,0
5484,13,5,18,0.0,0
5485,13,5,18,0.0,0
5486,13,5,18,0.0,0
5487,13,5,18,0.0,0
5488,13,5,18,0.0,0
5489,13,5,18,0.0,0
5490,13,5,18,0.0,0
5491,13,5,18,0.0,0
5492,13,5,18,0.0,0
5493,13,5,18,0.0,0
5494,13,5,18,0.0,0
5495,13,5,18,0.0,0
5496,13,5,18,0.0,0
5497,13,5,18,0.0,0
5498,13,5,18,0.0,0
5499,13,5,18,0.0,0
5500,13,5,18,0.0,0
5501,13,5,18,0.0,0
5502,13,5,18,0.0,0
5503,13,5,18,0.0,0
5504,13,5,18,0.0,0
5505,13,5,18,0.0,0
5506,13,5,18,0.0,0
5507,13,5,18,0.0,0
5508,13,5,18,0.0,0
5509,13,5,18,0.0,0
5510,13,5,18,0.0,0
5511,13,5,18,0.0,0
5512,13,5,18,0.0,0
5513,13,5,18,0.0,0
5514,13,5,18,0.0,0
5515,13,5,18,0.0,0
5516,13,5,18,0.0,0
5517,13,5,18,0.0,0
5518,13,5,18,0.0,0
5519,13,5,18,0.0,0
5520,13,5,18,0.0,0
5521,13,5,18,0.0,0
5522,13,5,18,0.0,0
5523,13,5,18,0.0,0
5524,13,5,18,0.0,0
5525,13,5,18,0.0,0
5526,13,5,18,0.0,0
5527,13,5,18,0.0,0
5528,13,5,18,0.0,0
5529,13,5,18,0.0,0
5530,13,5,18,0.0,0
5531,13,5,18,0.0,0
5532,13,5,18,0.0,0
5533,13,5,18,0.0,0
5534,13,5,18,0.0,0
5535,13,5,18,0.0,0
5536,13,5,18,0.0,0
5537,13,5,18,0.0,0
5538,13,5,18,0.0,0
5539,13,5,18,0.0,0
5540,13,5,18,0.0,0
5541,13,5,18,0.0,0
5542,13,5,18,0.0,0
5543,13,5,18,0.0,0
5544,13,5,18,0.0,0
5545,13,5,18,0.0,0
5546,13,5,18,0.0,0
5547,13,5,18,0.0,0
5548,13,5,18,0.0,0
5549,13,5,18,0.0,0
5550,13,5,18,0.0,0
5551,13,5,18,0.0,0
5552,13,5,18,0.0,0
5553,13,5,18,0.0,0
5554,13,5,18,0.0,0
5555,13,5,18,0.0,0
5556,13,5,18,0.0,0
5557,13,5,18,0.0,0
5558,13,5,18,0.0,0
5559,13,5,18,0.0,0
5560,13,5,18,0.0,0
5561,13,5,18,0.0,0
5562,13,5,18,0.0,0
5563,13,5,18,0.0,0
5564,13,5,18,0.0,0
5565,13,5,18,0.0,0
5566,13,5,18,0.0,0
5567,13,5,18,0.0,0
5568,13,5,18,0.0,0
5569,13,5,18,0.0,0
5570,13,5,18,0.0,0
5571,13,5,18,0.0,0
5572,13,5,18,0.0,0
5573,13,5,18,0.0,0
5574,13,5,18,0.0,0
5575,13,5,18,0.0,0
5576,13,5,18,0.0,0
5577,13,5,18,0.0,0
5578,13,5,18,0.0,0
5579,13,5,18,0.0,0
5580,13,5,18,0.0,0
5581,13,5,18,0.0,0
5582,13,5,18,0.0,0
5583,13,5,18,0.0,0
5584,13,5,18,0.0,0
5585,13,5,18,0.0,0
5586,13,5,18,0.0,0
5587,13,5,18,0.0,0
5588,13,5,18,0.0,0
5589,13,5,18,0.0,0
5590,13,5,18,0.0,0
5591,13,5,18,0.0,0
5592,13,5,18,0.0,0
5593,13,5,18,0.0,0
5594,13,5,18,0.0,0
5595,13,5,18,0.0,0
5596,13,5,18,0.0,0
5597,13,5,18,0.0,0
5598,13,5,18,0.0,0
5599,13,5,18,0.0,0
5600,13,5,18,0.0,0
5601,13,5,18,0.0,0
5602,13,5,18,0.0,0
5603,13,5,18,0.0,0
5604,13,5,18,0.0,0
5605,13,5,18,0.0,0
5606,13,5,18,0.0,0
5607,13,5,18,0.0,0
5608,13,5,18,0.0,0
5609,13,5,18,0.0,0
5610,13,5,18,0.0,0
5611,13,5,18,0.0,0
5612,13,5,18,0.0,0
5613,13,5,18,0.0,0
5614,13,5,18,0.0,0
5615,13,5,18,0.0,0
5616,13,5,18,0.0,0
5617,13,5,18,0.0,0
5618,13,5,18,0.0,0
5619,13,5,18,0.0,0
5620,13,5,18,0.0,0
5621,13,5,18,0.0,0
5622,13,5,18,0.0,0
5623,13,5,18,0.0,0
5624,13,5,18,0.0,0
5625,13,5,18,0.0,0
5626,13,5,18,0.0,0
5627,13,5,18,0.0,0
5628,13,5,18,0.0,0
5629,13,5,18,0.0,0
5630,13,5,18,0.0,0
5631,13,5,18,0.0,0
5632,13,5,18,0.0,0
5633,13,5,18,0.0,0
5634,13,5,18,0.0,0
5635,13,5,18,0.0,0
5636,13,5,18,0.0,0
5637,13,5,18,0.0,0
5638,13,5,18,0.0,0
5639,13,5,18,0.0,0
5640,13,5,18,0.0,0
5641,13,5,18,0.0,0
5642,13,5,18,0.0,0
5643,13,5,18,0.0,0
5644,13,5,18,0.0,0
5645,13,5,18,0.0,0
5646,13,5,18,0.0,0
5647,13,5,18,0.0,0
5648,13,5,18,0.0,0
5649,13,5,18,0.0,0
5650,13,5,18,0.0,0
5651,13,5,18,0.0,0
5652,13,5,18,0.0,0
5653,13,5,18,0.0,0
5654,13,5,18,0.0,0
5655,13,5,18,0.0,0
5656,13,5,18,0.0,0
5657,13,5,18,0.0,0
5658,13,5,18,0.0,0
5659,13,5,18,0.0,0
5660,13,5,18,0.0,0
5661,13,5,18,0.0,0
5662,13,5,18,0.0,0
5663,13,5,18,0.0,0
5664,13,5,18,0.0,0
5665,13,5,18,0.0,0
5666,13,5,18,0.0,0
5667,13,5,18,0.0,0
5668,13,5,18,0.0,0
5669,13,5,18,0.0,0
5670,13,5,18,0.0,0
5671,13,5,18,0.0,0
5672,13,5,18,0.0,0
5673,13,5,18,0.0,0
5674,13,5,18,0.0,0
5675,13,5,18,0.0,0
5676,13,5,18,0.0,0
5677,13,5,18,0.0,0
5678,13,5,18,0.0,0
5679,13,5,18,0.0,0
5680,13,5,18,0.0,0
5681,13,5,18,0.0,0
5682,13,5,18,0.0,0
5683,13,5,18,0.0,0
5684,13,5,18,0.0,0
5685,13,5,18,0.0,0
5686,13,5,18,0.0,0
5687,13,5,18,0.0,0
5688,13,5,18,0.0,0
5689,13,5,18,0.0,0
5690,13,5,18,0.0,0
5691,13,5,18,0.0,0
5692,13,5,18,0.0,0
5693,13,5,18,0.0,0
5694,13,5,18,0.0,0
5695,13,5,18,0.0,0
5696,13,5,18,0.0,0
5697,13,5,18,0.0,0
5698,13,5,18,0.0,0
5699,13,5,18,0.0,0
5700,13,5,18,0.0,0
5701,13,5,18,0.0,0
5702,13,5,18,0.0,0
5703,13,5,18,0.0,0
5704,13,5,18,0.0,0
5705,13,5,18,0.0,0
5706,13,5,18,0.0,0
5707,13,5,18,0.0,0
5708,13,5,18,0.0,0
5709,13,5,18,0.0,0
5710,13,5,18,0.0,0
5711,13,5,18,0.0,0
5712,13,5,18,0.0,0
5713,13,5,18,0.0,0
5714,13,5,18,0.0,0
5715,13,5,18,0.0,0
5716,13,5,18,0.0,0
5717,13,5,18,0.0,0
5718,13,5,18,0.0,0
5719,13,5,18,0.0,0
5720,13,5,18,0.0,0
5721,13,5,18,0.0,0
5722,13,5,18,0.0,0
5723,13,5,18,0.0,0
5724,13,5,18,0.0,0
5725,13,5,18,0.0,0
5726,13,5,18,0.0,0
5727,13,5,18,0.0,0
5728,13,5,18,0.0,0
5729,13,5,18,0.0,0
5730,13,5,18,0.0,0
5731,13,5,18,0.0,0
5732,13,5,18,0.0,0
5733,13,5,18,0.0,0
5734,13,5,18,0.0,0
5735,13,5,18,0.0,0
5736,13,5,18,0.0,0
5737,13,5,18,0.0,0
5738,13,5,18,0.0,0
5739,13,5,18,0.0,0
5740,13,5,18,0.0,0
5741,13,5,18,0.0,0
5742,13,5,18,0.0,0
5743,13,5,18,0.0,0
5744,13,5,18,0.0,0
5745,13,5,18,0.0,0
5746,13,5,18,0.0,0
5747,13,5,18,0.0,0
5748,13,5,18,0.0,0
5749,13,5,18,0.0,0
5750,13,5,18,0.0,0
5751,13,5,18,0.0,0
5752,13,5,18,0.0,0
5753,13,5,18,0.0,0
5754,13,5,18,0.0,0
5755,13,5,18,0.0,0
5756,13,5,18,0.0,0
5757,13,5,18,0.0,0
5758,13,5,18,0.0,0
5759,13,5,18,0.0,0
5760,13,5,18,0.0,0
5761,13,5,18,0.0,0
5762,13,5,18,0.0,0
5763,13,5,18,0.0,0
5764,13,5,18,0.0,0
5765,13,5,18,0.0,0
5766,13,5,18,0.0,0
5767,13,5,18,0.0,0
5768,13,5,18,0.0,0
5769,13,5,18,0.0,0
5770,13,5,18,0.0,0
5771,13,5,18,0.0,0
5772,13,5,18,0.0,0
5773,13,5,18,0.0,0
5774,13,5,18,0.0,0
5775,13,5,18,0.0,0
5776,13,5,18,0.0,0
5777,13,5,18,0.0,0
5778,13,5,18,0.0,0
5779,13,5,18,0.0,0
5780,13,5,18,0.0,0
5781,13,5,18,0.0,0
5782,13,5,18,0.0,0
5783,13,5,18,0.0,0
5784,13,5,18,0.0,0
5785,13,5,18,0.0,0
5786,13,5,18,0.0,0
5787,13,5,18,0.0,0
5788,13,5,18,0.0,0
5789,13,5,18,0.0,0
5790,13,5,18,0.0,0
5791,13,5,18,0.0,0
5792,13,5,18,0.0,0
5793,13,5,18,0.0,0
5794,13,5,18,0.0,0
5795,13,5,18,0.0,0
5796,13,5,18,0.0,0
5797,13,5,18,0.0,0
5798,13,5,18,0.0,0
5799,13,5,18,0.0,0
5800,13,5,18,0.0,0
5801,13,5,18,0.0,0
5802,13,5,18,0.0,0
5803,13,5,18,0.0,0
5804,13,5,18,0.0,0
5805,13,5,18,0.0,0
5806,13,5,18,0.0,0
5807,13,5,18,0.0,0
5808,13,5,18,0.0,0
5809,13,5,18,0.0,0
5810,13,5,18,0.0,0
5811,13,5,18,0.0,0
5812,13,5,18,0.0,0
5813,13,5,18,0.0,0
5814,13,5,18,0.0,0
5815,13,5,18,0.0,0
5816,13,5,18,0.0,0
5817,13,5,18,0.0,0
5818,13,5,18,0.0,0
5819,13,5,18,0.0,0
5820,13,5,18,0.0,0
5821,13,5,18,0.0,0
5822,13,5,18,0.0,0
5823,13,5,18,0.0,0
5824,13,5,18,0.0,0
5825,13,5,18,0.0,0
5826,13,5,18,0.0,0
5827,13,5,18,0.0,0
5828,13,5,18,0.0,0
5829,13,5,18,0.0,0
5830,13,5,18,0.0,0
5831,13,5,18,0.0,0
5832,13,5,18,0.0,0
5833,13,5,18,0.0,0
5834,13,5,18,0.0,0
5835,13,5,18,0.0,0
5836,13,5,18,0.0,0
5837,13,5,18,0.0,0
5838,13,5,18,0.0,0
5839,13,5,18,0.0,0
5840,13,5,18,0.0,0
5841,13,5,18,0.0,0
5842,13,5,18,0.0,0
5843,13,5,18,0.0,0
5844,13,5,18,0.0,0
5845,13,5,18,0.0,0
5846,13,5,18,0.0,0
5847,13,5,18,0.0,0
5848,13,5,18,0.0,0
5849,13,5,18,0.0,0
5850,13,5,18,0.0,0
5851,13,5,18,0.0,0
5852,13,5,18,0.0,0
5853,13,5,18,0.0,0
5854,13,5,18,0.0,0
5855,13,5,18,0.0,0
5856,13,5,18,0.0,0
5857,13,5,18,0.0,0
5858,13,5,18,0.0,0
5859,13,5,18,0.0,0
5860,13,5,18,0.0,0
5861,13,5,18,0.0,0
5862,13,5,18,0.0,0
5863,13,5,18,0.0,0
5864,13,5,18,0.0,0
5865,13,5,18,0.0,0
5866,13,5,18,0.0,0
5867,13,5,18,0.0,0
5868,13,5,18,0.0,0
5869,13,5,18,0.0,0
5870,13,5,18,0.0,0
5871,13,5,18,0.0,0
5872,13,5,18,0.0,0
5873,13,5,18,0.0,0
5874,13,5,18,0.0,0
5875,13,5,18,0.0,0
5876,13,5,18,0.0,0
5877,13,5,18,0.0,0
5878,13,5,18,0.0,0
5879,13,5,18,0.0,0
5880,13,5,18,0.0,0
5881,13,5,18,0.0,0
5882,13,5,18,0.0,0
5883,13,5,18,0.0,0
5884,13,5,18,0.0,0
5885,13,5,18,0.0,0
5886,13,5,18,0.0,0
5887,13,5,18,0.0,0
5888,13,5,18,0.0,0
5889,13,5,18,0.0,0
5890,13,5,18,0.0,0
5891,13,5,18,0.0,0
5892,13,5,18,0.0,0
5893,13,5,18,0.0,0
5894,13,5,18,0.0,0
5895,13,5,18,0.0,0
5896,13,5,18,0.0,0
5897,13,5,18,0.0,0
5898,13,5,18,0.0,0
5899,13,5,18,0.0,0
5900,13,5,18,0.0,0
5901,13,5,18,0.0,0
5902,13,5,18,0.0,0
5903,13,5,18,0.0,0
5904,13,5,18,0.0,0
5905,13,5,18,0.0,0
5906,13,5,18,0.0,0
5907,13,5,18,0.0,0
5908,13,5,18,0.0,0
5909,13,5,18,0.0,0
5910,13,5,18,0.0,0
5911,13,5,18,0.0,0
5912,13,5,18,0.0,0
5913,13,5,18,0.0,0
5914,13,5,18,0.0,0
5915,13,5,18,0.0,0
5916,13,5,18,0.0,0
5917,13,5,18,0.0,0
5918,13,5,18,0.0,0
5919,13,5,18,0.0,0
5920,13,6,19,0.0,0
5921,13,6,19,0.0,0
5922,13,6,19,0.0,0
5923,13,6,19,0.0,0
5924,13,6,19,0.0,0
5925,13,6,19,0.0,0
5926,13,6,19,0.0,0
5927,13,6,19,0.0,0
5928,13,6,19,0.0,0
5929,13,6,19,0.0,0
5930,13,6,19,0.0,0
5931,13,6,19,0.0,0
5932,13,6,19,0.0,0
5933,13,6,19,0.0,0
5934,13,6,19,0.0,0
5935,13,6,19,0.0,0
5936,13,6,19,0.0,0
5937,13,6,19,0.0,0
5938,13,6,19,0.0,0
5939,13,6,19,0.0,0
5940,13,6,19,0.0,0
5941,13,6,19,0.0,0
5942,13,6,19,0.0,0
5943,13,6,19,0.0,0
5944,13,6,19,0.0,0
5945,13,6,19,0.0,0
5946,13,6,19,0.0,0
5947,13,6,19,0.0,0
5948,13,6,19,0.0,0
5949,13,6,19,0.0,0
5950,13,6,19,0.0,0
5951,13,6,19,0.0,0
5952,13,6,19,0.0,0
5953,13,6,19,0.0,0
5954,13,6,19,0.0,0
5955,13,6,19,0.0,0
5956,13,6,19,0.0,0
5957,13,6,19,0.0,0
5958,13,6,19,0.0,0
5959,13,6,19,0.0,0
5960,13,6,19,0.0,0
5961,13,6,19,0.0,0
5962,13,6,19,0.0,0
5963,13,6,19,0.0,0
5964,13,6,19,0.0,0
5965,13,6,19,0.0,0
5966,13,6,19,0.0,0
5967,13,6,19,0.0,0
5968,13,6,19,0.0,0
5969,13,6,19,0.0,0
5970,13,6,19,0.0,0
5971,13,6,19,0.0,0
5972,13,6,19,0.0,0
5973,13,6,19,0.0,0
5974,13,6,19,0.0,0
5975,13,6,19,0.0,0
5976,13,6,19,0.0,0
5977,13,6,19,0.0,0
5978,13,6,19,0.0,0
5979,13,6,19,0.0,0
5980,13,6,19,0.0,0
5981,13,6,19,0.0,0
5982,13,6,19,0.0,0
5983,13,6,19,0.0,0
5984,13,6,19,0.0,0
5985,13,6,19,0.0,0
5986,13,6,19,0.0,0
5987,13,6,19,0.0,0
5988,13,6,19,0.0,0
5989,13,6,19,0.0,0
5990,13,6,19,0.0,0
5991,13,6,19,0.0,0
5992,13,6,19,0.0,0
5993,13,6,19,0.0,0
5994,13,6,19,0.0,0
5995,13,6,19,0.0,0
5996,13,6,19,0.0,0
5997,13,6,19,0.0,0
5998,13,6,19,0.0,0
5999,13,6,19,0.0,0
6000,13,6,19,0.0,0
6001,13,6,19,0.0,0
6002,13,6,19,0.0,0
6003,13,6,19,0.0,0
6004,13,6,19,0.0,0
6005,13,6,19,0.0,0
6006,13,6,19,0.0,0
6007,13,6,19,0.0,0
6008,13,6,19,0.0,0
6009,13,6,19,0.0,0
6010,13,6,19,0.0,0
6011,13,6,19,0.0,0
6012,13,6,19,0.0,0
6013,13,6,19,0.0,0
6014,13,6,19,0.0,0
6015,13,6,19,0.0,0
6016,13,6,19,0.0,0
6017,13,6,19,0.0,0
6018,13,6,19,0.0,0
6019,13,6,19,0.0,0
6020,13,6,19,0.0,0
6021,13,6,19,0.0,0
6022,13,6,19,0.0,0
6023,13,6,19,0.0,0
6024,13,6,19,0.0,0
6025,13,6,19,0.0,0
6026,13,6,19,0.0,0
6027,13,6,19,0.0,0
6028,13,6,19,0.0,0
6029,13,6,19,0.0,0
6030,13,6,19,0.0,0
6031,13,6,19,0.0,0
6032,13,6,19,0.0,0
6033,13,6,19,0.0,0
6034,13,6,19,0.0,0
6035,13,6,19,0.0,0
6036,13,6,19,0.0,0
6037,13,6,19,0.0,0
6038,13,6,19,0.0,0
6039,13,6,19,0.0,0
6040,13,6,19,0.0,0
6041,13,6,19,0.0,0
6042,13,6,19,0.0,0
6043,13,6,19,0.0,0
6044,13,6,19,0.0,0
6045,13,6,19,0.0,0
6046,13,6,19,0.0,0
6047,13,6,19,0.0,0
6048,13,6,19,0.0,0
6049,13,6,19,0.0,0
6050,13,6,19,0.0,0
6051,13,6,19,0.0,0
6052,13,6,19,0.0,0
6053,13,6,19,0.0,0
6054,13,6,19,0.0,0
6055,13,6,19,0.0,0
6056,13,6,19,0.0,0
6057,13,6,19,0.0,0
6058,13,6,19,0.0,0
6059,13,6,19,0.0,0
6060,13,6,19,0.0,0
6061,13,6,19,0.0,0
6062,13,6,19,0.0,0
6063,13,6,19,0.0,0
6064,13,6,19,0.0,0
6065,13,6,19,0.0,0
6066,13,6,19,0.0,0
6067,13,6,19,0.0,0
6068,13,6,19,0.0,0
6069,13,6,19,0.0,0
6070,13,6,19,0.0,0
6071,13,6,19,0.0,0
6072,13,6,19,0.0,0
6073,13,6,19,0.0,0
6074,13,6,19,0.0,0
6075,13,6,19,0.0,0
6076,13,6,19,0.0,0
6077,13,6,19,0.0,0
6078,13,6,19,0.0,0
6079,13,6,19,0.0,0
6080,13,6,19,0.0,0
6081,13,6,19,0.0,0
6082,13,6,19,0.0,0
6083,13,6,19,0.0,0
6084,13,6,19,0.0,0
6085,13,6,19,0.0,0
6086,13,6,19,0.0,0
6087,13,6,19,0.0,0
6088,13,6,19,0.0,0
6089,13,6,19,0.0,0
6090,13,6,19,0.0,0
6091,13,6,19,0.0,0
6092,13,6,19,0.0,0
6093,13,6,19,0.0,0
6094,13,6,19,0.0,0
6095,13,6,19,0.0,0
6096,13,6,19,0.0,0
6097,13,6,19,0.0,0
6098,13,6,19,0.0,0
6099,13,6,19,0.0,0
6100,13,6,19,0.0,0
6101,13,6,19,0.0,0
6102,13,6,19,0.0,0
6103,13,6,19,0.0,0
6104,13,6,19,0.0,0
6105,13,6,19,0.0,0
6106,13,6,19,0.0,0
6107,13,6,19,0.0,0
6108,13,6,19,0.0,0
6109,13,6,19,0.0,0
6110,13,6,19,0.0,0
6111,13,6,19,0.0,0
6112,13,6,19,0.0,0
6113,13,6,19,0.0,0
6114,13,6,19,0.0,0
6115,13,6,19,0.0,0
6116,13,6,19,0.0,0
6117,13,6,19,0.0,0
6118,13,6,19,0.0,0
6119,13,6,19,0.0,0
6120,13,6,19,0.0,0
6121,13,6,19,0.0,0
6122,13,6,19,0.0,0
6123,13,6,19,0.0,0
6124,13,6,19,0.0,0
6125,13,6,19,0.0,0
6126,13,6,19,0.0,0
6127,13,6,19,0.0,0
6128,13,6,19,0.0,0
6129,13,6,19,0.0,0
6130,13,6,19,0.0,0
6131,13,6,19,0.0,0
6132,13,6,19,0.0,0
6133,13,6,19,0.0,0
6134,13,6,19,0.0,0
6135,13,6,19,0.0,0
6136,13,6,19,0.0,0
6137,13,6,19,0.0,0
6138,13,6,19,0.0,0
6139,13,6,19,0.0,0
6140,13,6,19,0.0,0
6141,13,6,19,0.0,0
6142,13,6,19,0.0,0
6143,13,6,19,0.0,0
6144,13,6,19,0.0,0
6145,13,6,19,0.0,0
6146,13,6,19,0.0,0
6147,13,6,19,0.0,0
6148,13,6,19,0.0,0
6149,13,6,19,0.0,0
6150,13,6,19,0.0,0
6151,13,6,19,0.0,0
6152,13,6,19,0.0,0
6153,13,6,19,0.0,0
6154,13,6,19,0.0,0
6155,13,6,19,0.0,0
6156,13,6,19,0.0,0
6157,13,6,19,0.0,0
6158,13,6,19,0.0,0
6159,13,6,19,0.0,0
6160,13,6,19,0.0,0
6161,13,6,19,0.0,0
6162,13,6,19,0.0,0
6163,13,6,19,0.0,0
6164,13,6,19,0.0,0
6165,13,6,19,0.0,0
6166,13,6,19,0.0,0
6167,13,6,19,0.0,0
6168,13,6,19,0.0,0
6169,13,6,19,0.0,0
6170,13,6,19,0.0,0
6171,13,6,19,0.0,0
6172,13,6,19,0.0,0
6173,13,6,19,0.0,0
6174,13,6,19,0.0,0
6175,13,6,19,0.0,0
6176,13,6,19,0.0,0
6177,13,6,19,0.0,0
6178,13,6,19,0.0,0
6179,13,6,19,0.0,0
6180,13,6,19,0.0,0
6181,13,6,19,0.0,0
6182,13,6,19,0.0,0
6183,13,6,19,0.0,0
6184,13,6,19,0.0,0
6185,13,6,19,0.0,0
6186,13,6,19,0.0,0
6187,13,6,19,0.0,0
6188,13,6,19,0.0,0
6189,13,6,19,0.0,0
6190,13,6,19,0.0,0
6191,13,6,19,0.0,0
6192,13,6,19,0.0,0
6193,13,6,19,0.0,0
6194,13,6,19,0.0,0
6195,13,6,19,0.0,0
6196,13,6,19,0.0,0
6197,13,6,19,0.0,0
6198,13,6,19,0.0,0
6199,13,6,19,0.0,0
6200,13,6,19,0.0,0
6201,13,6,19,0.0,0
6202,13,6,19,0.0,0
6203,13,6,19,0.0,0
6204,13,6,19,0.0,0
6205,13,6,19,0.0,0
6206,13,6,19,0.0,0
6207,13,6,19,0.0,0
6208,13,6,19,0.0,0
6209,13,6,19,0.0,0
6210,13,6,19,0.0,0
6211,13,6,19,0.0,0
6212,13,6,19,0.0,0
6213,13,6,19,0.0,0
6214,13,6,19,0.0,0
6215,13,6,19,0.0,0
6216,13,6,19,0.0,0
6217,13,6,19,0.0,0
6218,13,6,19,0.0,0
6219,13,6,19,0.0,0
6220,13,6,19,0.0,0
6221,13,6,19,0.0,0
6222,13,6,19,0.0,0
6223,13,6,19,0.0,0
6224,13,6,19,0.0,0
6225,13,6,19,0.0,0
6226,13,6,19,0.0,0
6227,13,6,19,0.0,0
6228,13,6,19,0.0,0
6229,13,6,19,0.0,0
6230,13,6,19,0.0,0
6231,13,6,19,0.0,0
6232,13,6,19,0.0,0
6233,13,6,19,0.0,0
6234,13,6,19,0.0,0
6235,13,6,19,0.0,0
6236,13,6,19,0.0,0
6237,13,6,19,0.0,0
6238,13,6,19,0.0,0
6239,13,6,19,0.0,0
6240,13,6,19,0.0,0
6241,13,6,19,0.0,0
6242,13,6,19,0.0,0
6243,13,6,19,0.0,0
6244,13,6,19,0.0,0
6245,13,6,19,0.0,0
6246,13,6,19,0.0,0
6247,13,6,19,0.0,0
6248,13,6,19,0.0,0
6249,13,6,19,0.0,0
6250,13,6,19,0.0,0
6251,13,6,19,0.0,0
6252,13,6,19,0.0,0
6253,13,6,19,0.0,0
6254,13,6,19,0.0,0
6255,13,6,19,0.0,0
6256,13,6,19,0.0,0
6257,13,6,19,0.0,0
6258,13,6,19,0.0,0
6259,13,6,19,0.0,0
6260,13,6,19,0.0,0
6261,13,6,19,0.0,0
6262,13,6,19,0.0,0
6263,13,6,19,0.0,0
6264,13,6,19,0.0,0
6265,13,6,19,0.0,0
6266,13,6,19,0.0,0
6267,13,6,19,0.0,0
6268,13,6,19,0.0,0
6269,13,6,19,0.0,0
6270,13,6,19,0.0,0
6271,13,6,19,0.0,0
6272,13,6,19,0.0,0
6273,13,6,19,0.0,0
6274,13,6,19,0.0,0
6275,13,6,19,0.0,0
6276,13,6,19,0.0,0
6277,13,6,19,0.0,0
6278,13,6,19,0.0,0
6279,13,6,19,0.0,0
6280,13,6,19,0.0,0
6281,13,6,19,0.0,0
6282,13,6,19,0.0,0
6283,13,6,19,0.0,0
6284,13,6,19,0.0,0
6285,13,6,19,0.0,0
6286,13,6,19,0.0,0
6287,13,6,19,0.0,0
6288,13,6,19,0.0,0
6289,13,6,19,0.0,0
6290,13,6,19,0.0,0
6291,13,6,19,0.0,0
6292,13,6,19,0.0,0
6293,13,6,19,0.0,0
6294,13,6,19,0.0,0
6295,13,6,19,0.0,0
6296,13,6,19,0.0,0
6297,13,6,19,0.0,0
6298,13,6,19,0.0,0
6299,13,6,19,0.0,0
6300,13,6,19,0.0,0
6301,13,6,19,0.0,0
6302,13,6,19,0.0,0
6303,13,6,19,0.0,0
6304,13,6,19,0.0,0
6305,13,6,19,0.0,0
6306,13,6,19,0.0,0
6307,13,6,19,0.0,0
6308,13,6,19,0.0,0
6309,13,6,19,0.0,0
6310,13,6,19,0.0,0
6311,13,6,19,0.0,0
6312,13,6,19,0.0,0
6313,13,6,19,0.0,0
6314,13,6,19,0.0,0
6315,13,6,19,0.0,0
6316,13,6,19,0.0,0
6317,13,6,19,0.0,0
6318,13,6,19,0.0,0
6319,13,6,19,0.0,0
6320,13,6,19,0.0,0
6321,13,6,19,0.0,0
6322,13,6,19,0.0,0
6323,13,6,19,0.0,0
6324,13,6,19,0.0,0
6325,13,6,19,0.0,0
6326,13,6,19,0.0,0
6327,13,6,19,0.0,0
6328,13,6,19,0.0,0
6329,13,6,19,0.0,0
6330,13,6,19,0.0,0
6331,13,6,19,0.0,0
6332,13,6,19,0.0,0
6333,13,6,19,0.0,0
6334,13,6,19,0.0,0
6335,13,6,19,0.0,0
6336,13,6,19,0.0,0
6337,13,6,19,0.0,0
6338,13,6,19,0.0,0
6339,13,6,19,0.0,0
6340,13,6,19,0.0,0
6341,13,6,19,0.0,0
6342,13,6,19,0.0,0
6343,13,6,19,0.0,0
6344,13,6,19,0.0,0
6345,13,6,19,0.0,0
6346,13,6,19,0.0,0
6347,13,6,19,0.0,0
6348,13,6,19,0.0,0
6349,13,6,19,0.0,0
6350,13,6,19,0.0,0
6351,13,6,19,0.0,0
6352,13,6,19,0.0,0
6353,13,6,19,0.0,0
6354,13,6,19,0.0,0
6355,13,6,19,0.0,0
6356,13,6,19,0.0,0
6357,13,6,19,0.0,0
6358,13,6,19,0.0,0
6359,13,6,19,0.0,0
6360,13,6,19,0.0,0
6361,13,6,19,0.0,0
6362,13,6,19,0.0,0
6363,13,6,19,0.0,0
6364,13,6,19,0.0,0
6365,13,6,19,0.0,0
6366,13,6,19,0.0,0
6367,13,6,19,0.0,0
6368,13,6,19,0.0,0
6369,13,6,19,0.0,0
6370,13,6,19,0.0,0
6371,13,6,19,0.0,0
6372,13,6,19,0.0,0
6373,13,6,19,0.0,0
6374,13,6,19,0.0,0
6375,13,6,19,0.0,0
6376,13,6,19,0.0,0
6377,13,6,19,0.0,0
6378,13,6,19,0.0,0
6379,13,6,19,0.0,0
6380,13,6,19,0.0,0
6381,13,6,19,0.0,0
6382,13,6,19,0.0,0
6383,13,6,19,0.0,0
6384,13,6,19,0.0,0
6385,13,6,19,0.0,0
6386,13,6,19,0.0,0
6387,13,6,19,0.0,0
6388,13,6,19,0.0,0
6389,13,6,19,0.0,0
6390,13,6,19,0.0,0
6391,13,6,19,0.0,0
6392,13,6,19,0.0,0
6393,13,6,19,0.0,0
6394,13,6,19,0.0,0
6395,13,6,19,0.0,0
6396,13,6,19,0.0,0
6397,13,6,19,0.0,0
6398,13,6,19,0.0,0
6399,13,6,19,0.0,0
6400,13,6,19,0.0,0
6401,13,6,19,0.0,0
6402,13,6,19,0.0,0
6403,13,6,19,0.0,0
6404,13,6,19,0.0,0
6405,13,6,19,0.0,0
6406,13,6,19,0.0,0
6407,13,6,19,0.0,0
6408,13,6,19,0.0,0
6409,13,6,19,0.0,0
6410,13,6,19,0.0,0
6411,13,6,19,0.0,0
6412,13,7,20,0.0,0
6413,13,7,20,0.0,0
6414,13,7,20,0.0,0
6415,13,7,20,0.0,0
6416,13,7,20,0.0,0
6417,13,7,20,0.0,0
6418,13,7,20,0.0,0
6419,13,7,20,0.0,0
6420,13,7,20,0.0,0
6421,13,7,20,0.0,0
6422,13,7,20,0.0,0
6423,13,7,20,0.0,0
6424,13,7,20,0.0,0
6425,13,7,20,0.0,0
6426,13,7,20,0.0,0
6427,13,7,20,0.0,0
6428,13,7,20,0.0,0
6429,13,7,20,0.0,0
6430,13,7,20,0.0,0
6431,13,7,20,0.0,0
6432,13,7,20,0.0,0
6433,13,7,20,0.0,0
6434,13,7,20,0.0,0
6435,13,7,20,0.0,0
6436,13,7,20,0.0,0
6437,13,7,20,0.0,0
6438,13,7,20,0.0,0
6439,13,7,20,0.0,0
6440,13,7,20,0.0,0
6441,13,7,20,0.0,0
6442,13,7,20,0.0,0
6443,13,7,20,0.0,0
6444,13,7,20,0.0,0
6445,13,7,20,0.0,0
6446,13,7,20,0.0,0
6447,13,7,20,0.0,0
6448,13,7,20,0.0,0
6449,13,7,20,0.0,0
6450,13,7,20,0.0,0
6451,13,7,20,0.0,0
6452,13,7,20,0.0,0
6453,13,7,20,0.0,0
6454,13,7,20,0.0,0
6455,13,7,20,0.0,0
6456,13,7,20,0.0,0
6457,13,7,20,0.0,0
6458,13,7,20,0.0,0
6459,13,7,20,0.0,0
6460,13,7,20,0.0,0
6461,13,7,20,0.0,0
6462,13,7,20,0.0,0
6463,13,7,20,0.0,0
6464,13,7,20,0.0,0
6465,13,7,20,0.0,0
6466,13,7,20,0.0,0
6467,13,7,20,0.0,0
6468,13,7,20,0.0,0
6469,13,7,20,0.0,0
6470,13,7,20,0.0,0
6471,13,7,20,0.0,0
6472,13,7,20,0.0,0
6473,13,7,20,0.0,0
6474,13,7,20,0.0,0
6475,13,7,20,0.0,0
6476,13,7,20,0.0,0
6477,13,7,20,0.0,0
6478,13,7,20,0.0,0
6479,13,7,20,0.0,0
6480,13,7,20,0.0,0
6481,13,7,20,0.0,0
6482,13,7,20,0.0,0
6483,13,7,20,0.0,0
6484,13,7,20,0.0,0
6485,13,7,20,0.0,0
6486,13,7,20,0.0,0
6487,13,7,20,0.0,0
6488,13,7,20,0.0,0
6489,13,7,20,0.0,0
6490,13,7,20,0.0,0
6491,13,7,20,0.0,0
6492,13,7,20,0.0,0
6493,13,7,20,0.0,0
6494,13,7,20,0.0,0
6495,13,7,20,0.0,0
6496,13,7,20,0.0,0
6497,13,7,20,0.0,0
6498,13,7,20,0.0,0
6499,13,7,20,0.0,0
6500,13,7,20,0.0,0
6501,13,7,20,0.0,0
6502,13,7,20,0.0,0
6503,13,7,20,0.0,0
6504,13,7,20,0.0,0
6505,13,7,20,0.0,0
6506,13,7,20,0.0,0
6507,13,7,20,0.0,0
6508,13,7,20,0.0,0
6509,13,7,20,0.0,0
6510,13,7,20,0.0,0
6511,13,7,20,0.0,0
6512,13,7,20,0.0,0
6513,13,7,20,0.0,0
6514,13,7,20,0.0,0
6515,13,7,20,0.0,0
6516,13,7,20,0.0,0
6517,13,7,20,0.0,0
6518,13,7,20,0.0,0
6519,13,7,20,0.0,0
6520,13,7,20,0.0,0
6521,13,7,20,0.0,0
6522,13,7,20,0.0,0
6523,13,7,20,0.0,0
6524,13,7,20,0.0,0
6525,13,7,20,0.0,0
6526,13,7,20,0.0,0
6527,13,7,20,0.0,0
6528,13,7,20,0.0,0
6529,13,7,20,0.0,0
6530,13,7,20,0.0,0
6531,13,7,20,0.0,0
6532,13,7,20,0.0,0
6533,13,7,20,0.0,0
6534,13,7,20,0.0,0
6535,13,7,20,0.0,0
6536,13,7,20,0.0,0
6537,13,7,20,0.0,0
6538,13,7,20,0.0,0
6539,13,7,20,1.0,1
6540,13,7,20,2.0,2
6541,13,7,20,3.0,3
6542,13,7,20,4.0,4
6543,13,7,20,5.0,5
6544,13,7,20,6.0,6
6545,13,7,20,7.0,7
6546,13,7,20,8.0,8
6547,13,7,20,9.0,9
6548,13,7,20,10.0,10
6549,13,7,20,11.0,11
6550,13,7,20,12.0,12
6551,13,7,20,13.0,13
6552,13,7,20,14.0,14
6553,13,7,20,15.0,15
6554,13,7,20,16.0,16
6555,13,7,20,17.0,17
6556,13,7,20,18.0,18
6557,13,7,20,19.0,19
6558,13,7,20,20.0,20
6559,13,7,20,21.0,21
6560,13,7,20,22.0,22
6561,13,7,20,23.0,23
6562,13,7,20,24.0,24
6563,13,7,20,25.0,25
6564,13,7,20,26.0,26
6565,13,7,20,27.0,27
6566,13,7,20,28.0,28
6567,13,7,20,29.0,29
6568,13,7,20,30.0,30
6569,13,7,20,31.0,31
6570,13,7,20,32.0,32
6571,13,7,20,33.0,33
6572,13,7,20,34.0,34
6573,13,7,20,35.0,35
6574,13,7,20,36.0,36
6575,13,7,20,37.0,37
6576,13,7,20,38.0,38
6577,13,7,20,39.0,39
6578,13,7,20,40.0,40
6579,13,7,20,41.0,41
6580,13,7,20,42.0,42
6581,13,7,20,43.0,43
6582,13,7,20,44.0,44
6583,13,7,20,45.0,45
6584,13,7,20,46.0,46
6585,13,7,20,47.0,47
6586,13,7,20,48.0,48
6587,13,7,20,49.0,49
6588,13,7,20,50.0,50
6589,13,7,20,51.0,51
6590,13,7,20,52.0,52
6591,13,7,20,53.0,53
6592,13,7,20,54.0,54
6593,13,7,20,55.0,55
6594,13,7,20,56.0,56
6595,13,7,20,57.0,57
6596,13,7,20,58.0,58
6597,13,7,20,59.0,59
6598,13,7,20,60.0,60
6599,13,7,20,61.0,61
6600,13,7,20,62.0,62
6601,13,7,20,63.0,63
6602,13,7,20,64.0,64
6603,13,7,20,65.0,65
6604,13,7,20,66.0,66
6605,13,7,20,67.0,67
6606,13,7,20,68.0,68
6607,13,7,20,69.0,69
6608,13,7,20,70.0,70
6609,13,7,20,71.0,71
6610,13,7,20,72.0,72
6611,13,7,20,73.0,73
6612,13,7,20,74.0,74
6613,13,7,20,75.0,75
6614,13,7,20,76.0,76
6615,13,7,20,77.0,77
6616,13,7,20,78.0,78
6617,13,7,20,79.0,79
6618,13,7,20,80.0,80
6619,13,7,20,81.0,81
6620,13,7,20,82.0,82
6621,13,7,20,83.0,83
6622,13,7,20,84.0,84
6623,13,7,20,85.0,85
6624,13,7,20,86.0,86
6625,13,7,20,87.0,87
6626,13,7,20,88.0,88
6627,13,7,20,89.0,89
6628,13,7,20,90.0,90
6629,13,7,20,91.0,91
6630,13,7,20,92.0,92
6631,13,7,20,93.0,93
6632,13,7,20,94.0,94
6633,13,7,20,95.0,95
6634,13,7,20,96.0,96
6635,13,7,20,97.0,97
6636,13,7,20,98.0,98
6637,13,7,20,99.0,99
6638,13,7,20,100.0,100
6639,13,7,20,101.0,101
6640,13,7,20,102.0,102
6641,13,7,20,103.0,103
6642,13,7,20,104.0,104
6643,13,7,20,105.0,105
6644,13,7,20,106.0,106
6645,13,7,20,107.0,107
6646,13,7,20,108.0,108
6647,13,7,20,109.0,109
6648,13,7,20,110.0,110
6649,13,7,20,111.0,111
6650,13,7,20,112.0,112
6651,13,7,20,113.0,113
6652,13,7,20,114.0,114
6653,13,7,20,115.0,115
6654,14,7,21,116.0,116
6655,14,7,21,116.0,116
6656,14,7,21,116.0,116
6657,14,7,21,116.0,116
6658,14,7,21,116.0,116
6659,14,7,21,116.0,116
6660,14,7,21,116.0,116
6661,14,7,21,116.0,116
6662,14,7,21,116.0,116
6663,14,7,21,116.0,116
6664,14,7,21,116.0,116
6665,14,7,21,116.0,116
6666,14,7,21,116.0,116
6667,14,7,21,116.0,116
6668,14,7,21,116.0,116
6669,14,7,21,116.0,116
6670,14,7,21,116.0,116
6671,14,7,21,116.0,116
6672,14,7,21,116.0,116
6673,14,7,21,116.0,116
6674,14,7,21,116.0,116
6675,14,7,21,116.0,116
6676,14,7,21,116.0,116
6677,14,7,21,116.0,116
6678,14,7,21,116.0,116
6679,14,7,21,116.0,116
6680,14,7,21,116.0,116
6681,14,7,21,116.0,116
6682,14,7,21,116.0,116
6683,14,7,21,116.0,116
6684,14,7,21,116.0,116
6685,14,7,21,116.0,116
6686,14,7,21,116.0,116
6687,14,7,21,116.0,116
6688,14,7,21,116.0,116
6689,14,7,21,116.0,116
6690,14,7,21,116.0,116
6691,14,7,21,116.0,116
6692,14,7,21,116.0,116
6693,14,7,21,116.0,116
6694,14,7,21,116.0,116
6695,14,7,21,116.0,116
6696,14,7,21,116.0,116
6697,14,7,21,116.0,116
6698,14,7,21,116.0,116
6699,14,7,21,116.0,116
6700,14,7,21,116.0,116
6701,14,7,21,116.0,116
6702,14,7,21,116.0,116
6703,14,7,21,116.0,116
6704,14,7,21,116.0,116
6705,14,7,21,116.0,116
6706,14,7,21,116.0,116
6707,14,7,21,116.0,116
6708,14,7,21,116.0,116
6709,14,7,21,116.0,116
6710,14,7,21,116.0,116
6711,14,7,21,116.0,116
6712,14,7,21,116.0,116
6713,14,7,21,116.0,116
6714,14,7,21,116.0,116
6715,14,7,21,116.0,116
6716,14,7,21,116.0,116
6717,14,7,21,116.0,116
6718,14,7,21,116.0,116
6719,14,7,21,0.0,0
6720,14,7,21,0.0,0
6721,14,7,21,0.0,0
6722,14,7,21,0.0,0
6723,14,7,21,0.0,0
6724,14,7,21,0.0,0
6725,14,7,21,0.0,0
6726,14,7,21,0.0,0
6727,14,7,21,0.0,0
6728,14,7,21,0.0,0
6729,14,7,21,0.0,0
6730,14,7,21,0.0,0
6731,14,7,21,0.0,0
6732,14,7,21,0.0,0
6733,14,7,21,0.0,0
6734,14,7,21,0.0,0
6735,14,7,21,0.0,0
6736,14,7,21,0.0,0
6737,14,7,21,0.0,0
6738,14,7,21,0.0,0
6739,14,7,21,0.0,0
6740,14,7,21,0.0,0
6741,14,7,21,0.0,0
6742,14,7,21,0.0,0
6743,14,7,21,0.0,0
6744,14,7,21,0.0,0
6745,14,7,21,0.0,0
6746,14,7,21,0.0,0
6747,14,7,21,0.0,0
6748,14,7,21,0.0,0
6749,14,7,21,0.0,0
6750,14,7,21,0.0,0
6751,14,7,21,0.0,0
6752,14,7,21,0.0,0
6753,14,7,21,0.0,0
6754,14,7,21,0.0,0
6755,14,7,21,0.0,0
6756,14,7,21,0.0,0
6757,14,7,21,0.0,0
6758,14,7,21,0.0,0
6759,14,7,21,0.0,0
6760,14,7,21,0.0,0
6761,14,7,21,0.0,0
6762,14,7,21,0.0,0
6763,14,7,21,0.0,0
6764,14,7,21,0.0,0
6765,14,7,21,0.0,0
6766,14,7,21,0.0,0
6767,14,7,21,0.0,0
6768,14,7,21,0.0,0
6769,14,7,21,0.0,0
6770,14,7,21,0.0,0
6771,14,7,21,0.0,0
6772,14,7,21,0.0,0
6773,14,7,21,0.0,0
6774,14,7,21,0.0,0
6775,14,7,21,0.0,0
6776,14,7,21,0.0,0
6777,14,7,21,0.0,0
6778,14,7,21,0.0,0
6779,14,7,21,0.0,0
6780,14,7,21,0.0,0
6781,14,7,21,0.0,0
6782,14,7,21,0.0,0
6783,14,7,21,0.0,0
6784,14,7,21,0.0,0
6785,14,7,21,0.0,0
6786,14,7,21,0.0,0
6787,14,7,21,0.0,0
6788,14,7,21,0.0,0
6789,14,7,21,0.0,0
6790,14,7,21,0.0,0
6791,14,7,21,0.0,0
6792,14,7,21,0.0,0
6793,14,7,21,0.0,0
6794,14,7,21,0.0,0
6795,14,7,21,0.0,0
6796,14,7,21,0.0,0
6797,14,7,21,0.0,0
6798,14,7,21,0.0,0
6799,14,7,21,0.0,0
6800,14,7,21,0.0,0
6801,14,7,21,0.0,0
6802,14,7,21,0.0,0
6803,14,7,21,0.0,0
6804,14,7,21,0.0,0
6805,14,7,21,0.0,0
6806,14,7,21,0.0,0
6807,14,7,21,0.0,0
6808,14,7,21,0.0,0
6809,14,7,21,0.0,0
6810,14,7,21,0.0,0
6811,14,7,21,0.0,0
6812,14,7,21,0.0,0
6813,14,7,21,0.0,0
6814,14,7,21,0.0,0
6815,14,7,21,0.0,0
6816,14,7,21,0.0,0
6817,14,7,21,0.0,0
6818,14,7,21,0.0,0
6819,14,7,21,0.0,0
6820,14,7,21,0.0,0
6821,14,7,21,0.0,0
6822,14,7,21,0.0,0
6823,14,7,21,0.0,0
6824,14,7,21,0.0,0
6825,14,7,21,0.0,0
6826,14,7,21,0.0,0
6827,14,7,21,0.0,0
6828,14,7,21,0.0,0
6829,14,7,21,0.0,0
6830,14,7,21,0.0,0
6831,14,7,21,0.0,0
6832,14,7,21,0.0,0
6833,14,7,21,0.0,0
6834,14,7,21,0.0,0
6835,14,7,21,0.0,0
6836,14,7,21,0.0,0
6837,14,7,21,0.0,0
6838,14,7,21,0.0,0
6839,14,7,21,0.0,0
6840,14,7,21,0.0,0
6841,14,7,21,0.0,0
6842,14,7,21,0.0,0
6843,14,7,21,0.0,0
6844,14,7,21,0.0,0
6845,14,7,21,0.0,0
6846,14,7,21,0.0,0
6847,14,7,21,0.0,0
6848,14,7,21,0.0,0
6849,14,7,21,0.0,0
6850,14,7,21,0.0,0
6851,14,7,21,0.0,0
6852,14,7,21,0.0,0
6853,14,7,21,0.0,0
6854,14,7,21,0.0,0
6855,14,7,21,0.0,0
6856,14,7,21,0.0,0
6857,14,7,21,0.0,0
6858,14,7,21,0.0,0
6859,14,7,21,0.0,0
6860,14,7,21,0.0,0
6861,14,7,21,0.0,0
6862,14,7,21,0.0,0
6863,14,7,21,0.0,0
6864,14,7,21,0.0,0
6865,14,7,21,0.0,0
6866,14,7,21,0.0,0
6867,14,7,21,0.0,0
6868,14,7,21,0.0,0
6869,14,7,21,0.0,0
6870,14,7,21,0.0,0
6871,14,7,21,0.0,0
6872,14,7,21,0.0,0
6873,14,7,21,0.0,0
6874,14,7,21,0.0,0
6875,14,7,21,0.0,0
6876,14,7,21,0.0,0
6877,14,7,21,0.0,0
6878,14,7,21,0.0,0
6879,14,7,21,0.0,0
6880,14,7,21,0.0,0
6881,14,7,21,0.0,0
6882,14,7,21,0.0,0
6883,14,7,21,0.0,0
6884,14,7,21,0.0,0
6885,14,7,21,0.0,0
6886,14,7,21,0.0,0
6887,14,7,21,0.0,0
6888,14,7,21,0.0,0
6889,14,7,21,0.0,0
6890,14,7,21,0.0,0
6891,14,7,21,0.0,0
6892,14,7,21,0.0,0
6893,14,7,21,0.0,0
6894,14,7,21,0.0,0
6895,14,7,21,0.0,0
6896,14,7,21,0.0,0
6897,14,7,21,0.0,0
6898,14,7,21,0.0,0
6899,14,7,21,0.0,0
6900,14,7,21,0.0,0
6901,14,7,21,0.0,0
6902,14,7,21,0.0,0
6903,14,7,21,0.0,0
6904,14,7,21,0.0,0
6905,14,7,21,0.0,0
6906,14,7,21,0.0,0
6907,14,7,21,0.0,0
6908,14,7,21,0.0,0
6909,14,7,21,0.0,0
6910,14,7,21,0.0,0
6911,14,7,21,0.0,0
6912,14,7,21,0.0,0
6913,14,7,21,0.0,0
6914,14,7,21,0.0,0
6915,14,7,21,0.0,0
6916,14,7,21,0.0,0
6917,14,7,21,0.0,0
6918,14,7,21,0.0,0
6919,14,7,21,0.0,0
6920,14,7,21,0.0,0
6921,14,7,21,0.0,0
6922,14,7,21,0.0,0
6923,14,7,21,0.0,0
6924,14,7,21,0.0,0
6925,14,7,21,0.0,0
6926,14,7,21,0.0,0
6927,14,7,21,0.0,0
6928,14,7,21,0.0,0
6929,14,7,21,0.0,0
6930,14,7,21,0.0,0
6931,14,7,21,0.0,0
6932,14,7,21,0.0,0
6933,14,7,21,0.0,0
6934,14,7,21,0.0,0
6935,14,7,21,0.0,0
6936,14,7,21,0.0,0
6937,14,7,21,0.0,0
6938,14,7,21,0.0,0
6939,14,7,21,0.0,0
6940,14,7,21,0.0,0
6941,14,7,21,0.0,0
6942,14,7,21,0.0,0
6943,14,7,21,0.0,0
6944,14,7,21,0.0,0
6945,14,7,21,0.0,0
6946,14,7,21,0.0,0
6947,14,7,21,0.0,0
6948,14,7,21,0.0,0
6949,14,7,21,0.0,0
6950,14,7,21,0.0,0
6951,14,7,21,0.0,0
6952,14,7,21,0.0,0
6953,14,7,21,0.0,0
6954,14,7,21,0.0,0
6955,14,7,21,0.0,0
6956,14,7,21,0.0,0
6957,14,7,21,0.0,0
6958,14,7,21,0.0,0
6959,14,7,21,0.0,0
6960,14,7,21,0.0,0
6961,14,7,21,0.0,0
6962,14,7,21,0.0,0
6963,14,7,21,0.0,0
6964,14,7,21,0.0,0
6965,14,7,21,0.0,0
6966,14,7,21,0.0,0
6967,14,7,21,0.0,0
6968,14,7,21,0.0,0
6969,14,7,21,0.0,0
6970,14,7,21,0.0,0
6971,14,7,21,0.0,0
6972,14,7,21,0.0,0
6973,14,7,21,0.0,0
6974,14,7,21,0.0,0
6975,14,7,21,0.0,0
6976,14,7,21,0.0,0
6977,14,7,21,0.0,0
6978,14,7,21,0.0,0
6979,14,7,21,0.0,0
6980,14,7,21,0.0,0
6981,14,7,21,0.0,0
6982,14,7,21,0.0,0
6983,14,7,21,0.0,0
6984,14,7,21,0.0,0
6985,14,7,21,0.0,0
6986,14,7,21,0.0,0
6987,14,7,21,0.0,0
6988,14,7,21,0.0,0
6989,14,7,21,0.0,0
6990,14,7,21,0.0,0
6991,14,7,21,0.0,0
6992,14,7,21,0.0,0
6993,14,7,21,0.0,0
6994,14,7,21,0.0,0
6995,14,7,21,0.0,0
6996,14,7,21,0.0,0
6997,14,7,21,0.0,0
6998,14,7,21,0.0,0
6999,14,7,21,0.0,0
7000,14,7,21,0.0,0
7001,14,7,21,0.0,0
7002,14,7,21,0.0,0
7003,14,7,21,0.0,0
7004,14,7,21,0.0,0
7005,14,7,21,0.0,0
7006,14,7,21,0.0,0
7007,14,7,21,0.0,0
7008,14,7,21,0.0,0
7009,14,7,21,0.0,0
7010,14,7,21,0.0,0
7011,14,7,21,0.0,0
7012,14,7,21,0.0,0
7013,14,7,21,0.0,0
7014,14,7,21,0.0,0
7015,14,7,21,0.0,0
7016,14,7,21,0.0,0
7017,14,7,21,0.0,0
7018,14,7,21,0.0,0
7019,14,7,21,0.0,0
7020,14,7,21,0.0,0
7021,14,7,21,0.0,0
7022,14,7,21,0.0,0
7023,14,7,21,0.0,0
7024,14,7,21,0.0,0
7025,14,7,21,0.0,0
7026,14,7,21,0.0,0
7027,14,7,21,0.0,0
7028,14,7,21,0.0,0
7029,14,7,21,0.0,0
7030,14,7,21,0.0,0
7031,14,7,21,0.0,0
7032,14,7,21,0.0,0
7033,14,7,21,0.0,0
7034,14,7,21,0.0,0
7035,14,7,21,0.0,0
7036,14,7,21,0.0,0
7037,14,7,21,0.0,0
7038,14,7,21,0.0,0
7039,14,7,21,0.0,0
7040,14,7,21,0.0,0
7041,14,7,21,0.0,0
7042,14,7,21,0.0,0
7043,14,7,21,0.0,0
7044,14,7,21,0.0,0
7045,14,7,21,0.0,0
7046,14,7,21,0.0,0
7047,14,7,21,0.0,0
7048,14,7,21,0.0,0
7049,14,7,21,0.0,0
7050,14,7,21,0.0,0
7051,14,7,21,0.0,0
7052,14,7,21,0.0,0
7053,14,7,21,0.0,0
7054,14,7,21,0.0,0
7055,14,7,21,0.0,0
7056,14,7,21,1.0,1
7057,14,7,21,2.0,2
7058,14,7,21,3.0,3
7059,14,7,21,4.0,4
7060,14,7,21,5.0,5
7061,14,7,21,6.0,6
7062,14,7,21,7.0,7
7063,14,7,21,8.0,8
7064,14,7,21,9.0,9
7065,14,7,21,10.0,10
7066,14,7,21,11.0,11
7067,14,7,21,12.0,12
7068,14,7,21,13.0,13
7069,14,7,21,14.0,14
7070,14,7,21,15.0,15
7071,14,7,21,16.0,16
7072,14,7,21,17.0,17
7073,14,7,21,18.0,18
7074,14,7,21,19.0,19
7075,14,7,21,20.0,20
7076,14,7,21,21.0,21
7077,14,7,21,22.0,22
7078,14,7,21,23.0,23
7079,14,7,21,24.0,24
7080,14,7,21,25.0,25
7081,14,7,21,26.0,26
7082,14,7,21,27.0,27
7083,14,7,21,28.0,28
7084,14,7,21,29.0,29
7085,14,7,21,30.0,30
7086,14,7,21,31.0,31
7087,14,7,21,32.0,32
7088,14,7,21,33.0,33
7089,14,7,21,34.0,34
7090,14,7,21,35.0,35
7091,14,7,21,36.0,36
7092,14,7,21,37.0,37
7093,14,7,21,38.0,38
7094,14,7,21,39.0,39
7095,14,7,21,40.0,40
7096,14,7,21,41.0,41
7097,14,7,21,42.0,42
7098,14,7,21,43.0,43
7099,14,7,21,44.0,44
7100,14,7,21,45.0,45
7101,14,7,21,46.0,46
7102,14,7,21,47.0,47
7103,14,7,21,48.0,48
7104,14,7,21,49.0,49
7105,14,7,21,50.0,50
7106,14,7,21,51.0,51
7107,14,7,21,52.0,52
7108,14,7,21,53.0,53
7109,14,7,21,54.0,54
7110,14,7,21,55.0,55
7111,14,7,21,56.0,56
7112,14,7,21,57.0,57
7113,14,7,21,58.0,58
7114,14,7,21,59.0,59
7115,14,7,21,60.0,60
7116,14,7,21,61.0,61
7117,14,7,21,62.0,62
7118,14,7,21,63.0,63
7119,14,7,21,64.0,64
7120,14,7,21,65.0,65
7121,14,7,21,66.0,66
7122,14,7,21,67.0,67
7123,14,7,21,68.0,68
7124,14,7,21,69.0,69
7125,14,7,21,70.0,70
7126,14,7,21,71.0,71
7127,14,7,21,72.0,72
7128,14,7,21,73.0,73
7129,14,7,21,74.0,74
7130,14,7,21,75.0,75
7131,14,7,21,76.0,76
7132,14,7,21,77.0,77
7133,14,7,21,78.0,78
7134,14,7,21,79.0,79
7135,14,7,21,80.0,80
7136,14,7,21,81.0,81
7137,14,7,21,82.0,82
7138,14,7,21,83.0,83
7139,14,7,21,84.0,84
7140,14,7,21,85.0,85
7141,14,7,21,86.0,86
7142,14,7,21,87.0,87
7143,14,7,21,88.0,88
7144,14,7,21,89.0,89
7145,14,7,21,90.0,90
7146,14,7,21,91.0,91
7147,14,7,21,92.0,92
7148,14,7,21,93.0,93
7149,14,7,21,94.0,94
7150,14,7,21,95.0,95
7151,14,7,21,96.0,96
7152,14,7,21,97.0,97
7153,14,7,21,98.0,98
7154,14,7,21,99.0,99
7155,14,7,21,100.0,100
7156,14,7,21,101.0,101
7157,14,7,21,102.0,102
7158,14,7,21,103.0,103
7159,14,7,21,104.0,104
7160,14,7,21,105.0,105
7161,14,7,21,106.0,106
7162,14,7,21,107.0,107
7163,14,7,21,108.0,108
7164,14,7,21,109.0,109
7165,14,7,21,110.0,110
7166,14,7,21,111.0,111
7167,14,7,21,112.0,112
7168,14,7,21,113.0,113
7169,14,7,21,114.0,114
7170,14,7,21,115.0,115
7171,14,7,21,116.0,116
7172,14,7,21,117.0,117
7173,14,7,21,118.0,118
7174,14,7,21,119.0,119
7175,14,7,21,120.0,120
7176,14,7,21,121.0,121
7177,14,7,21,122.0,122
7178,14,7,21,123.0,123
7179,14,7,21,124.0,124
7180,14,7,21,125.0,125
7181,14,7,21,126.0,126
7182,14,7,21,127.0,127
7183,14,7,21,128.0,128
7184,14,7,21,129.0,129
7185,14,7,21,130.0,130
7186,14,7,21,131.0,131
7187,14,7,21,132.0,132
7188,14,7,21,133.0,133
7189,14,7,21,134.0,134
7190,14,7,21,135.0,135
7191,14,7,21,136.0,136
7192,14,7,21,137.0,137
7193,14,7,21,138.0,138
7194,14,7,21,139.0,139
7195,14,7,21,140.0,140
7196,14,7,21,141.0,141
7197,14,7,21,142.0,142
7198,14,7,21,143.0,143
7199,14,7,21,144.0,144
7200,14,7,21,145.0,145
7201,14,7,21,146.0,146
7202,14,7,21,147.0,147
7203,14,7,21,148.0,148
7204,14,7,21,149.0,149
7205,14,7,21,150.0,150
7206,14,7,21,151.0,151
7207,14,7,21,152.0,152
7208,14,7,21,153.0,153
7209,14,7,21,154.0,154
7210,14,7,21,155.0,155
7211,14,7,21,156.0,156
7212,14,7,21,157.0,157
7213,14,7,21,158.0,158
7214,14,7,21,159.0,159
7215,14,7,21,160.0,160
7216,14,7,21,161.0,161
7217,14,7,21,162.0,162
7218,14,7,21,163.0,163
7219,14,7,21,164.0,164
7220,14,7,21,165.0,165
7221,14,7,21,166.0,166
7222,14,7,21,167.0,167
7223,14,7,21,168.0,168
7224,14,7,21,169.0,169
7225,14,7,21,170.0,170
7226,14,7,21,171.0,171
7227,14,7,21,172.0,172
7228,14,7,21,173.0,173
7229,14,7,21,174.0,174
7230,14,7,21,175.0,175
7231,14,7,21,176.0,176
7232,14,7,21,177.0,177
7233,14,7,21,178.0,178
7234,14,7,21,179.0,179
7235,14,7,21,180.0,180
7236,14,7,21,181.0,181
7237,14,7,21,182.0,182
7238,14,7,21,183.0,183
7239,14,7,21,184.0,184
7240,14,7,21,185.0,185
7241,14,7,21,186.0,186
7242,14,7,21,187.0,187
7243,14,7,21,188.0,188
7244,14,7,21,189.0,189
7245,14,7,21,190.0,190
7246,14,7,21,191.0,191
7247,14,7,21,192.0,192
7248,14,7,21,193.0,193
7249,14,7,21,194.0,194
7250,14,7,21,195.0,195
7251,14,7,21,196.0,196
7252,14,7,21,197.0,197
7253,14,7,21,198.0,198
7254,14,7,21,199.0,199
7255,14,7,21,200.0,200
7256,14,7,21,201.0,201
7257,14,7,21,202.0,202
7258,14,7,21,203.0,203
7259,14,7,21,204.0,204
7260,14,7,21,205.0,205
7261,14,7,21,206.0,206
7262,14,7,21,207.0,207
7263,14,7,21,208.0,208
7264,14,7,21,209.0,209
7265,14,7,21,210.0,210
7266,14,7,21,211.0,211
7267,14,7,21,212.0,212
7268,14,7,21,213.0,213
7269,14,7,21,214.0,214
7270,14,7,21,215.0,215
7271,14,7,21,216.0,216
7272,14,7,21,217.0,217
7273,14,7,21,218.0,218
7274,14,7,21,219.0,219
7275,14,7,21,220.0,220
7276,14,7,21,221.0,221
7277,14,7,21,222.0,222
7278,14,7,21,223.0,223
7279,14,7,21,224.0,224
7280,14,7,21,225.0,225
7281,14,7,21,226.0,226
7282,14,7,21,227.0,227
7283,14,7,21,228.0,228
7284,14,7,21,229.0,229
7285,14,7,21,230.0,230
7286,14,7,21,231.0,231
7287,14,7,21,232.0,232
7288,14,7,21,233.0,233
7289,14,7,21,234.0,234
7290,14,7,21,235.0,235
7291,14,7,21,236.0,236
7292,14,7,21,237.0,237
7293,14,7,21,238.0,238
7294,14,7,21,239.0,239
7295,14,7,21,240.0,240
7296,14,7,21,241.0,241
7297,14,7,21,242.0,242
7298,14,7,21,243.0,243
7299,14,7,21,244.0,244
7300,14,7,21,245.0,245
7301,14,7,21,246.0,246
7302,14,7,21,247.0,247
7303,14,7,21,248.0,248
7304,14,7,21,249.0,249
7305,14,7,21,250.0,250
7306,14,7,21,251.0,251
7307,14,7,21,252.0,252
7308,14,7,21,253.0,253
7309,14,7,21,254.0,254
7310,14,7,21,255.0,255
7311,14,7,21,256.0,256
7312,14,7,21,257.0,257
7313,14,7,21,258.0,258
7314,14,7,21,259.0,259
7315,14,7,21,260.0,260
7316,14,7,21,261.0,261
7317,14,7,21,262.0,262
7318,14,7,21,263.0,263
7319,14,7,21,264.0,264
7320,14,7,21,265.0,265
7321,14,7,21,266.0,266
7322,14,7,21,267.0,267
7323,14,7,21,268.0,268
7324,14,7,21,269.0,269
7325,14,7,21,270.0,270
7326,14,7,21,271.0,271
7327,14,7,21,272.0,272
7328,14,7,21,273.0,273
7329,14,7,21,274.0,274
7330,14,7,21,275.0,275
7331,14,7,21,276.0,276
7332,14,7,21,277.0,277
7333,14,7,21,278.0,278
7334,14,7,21,279.0,279
7335,14,7,21,280.0,280
7336,14,7,21,281.0,281
7337,14,7,21,282.0,282
7338,14,7,21,283.0,283
7339,14,7,21,284.0,284
7340,14,7,21,285.0,285
7341,14,7,21,286.0,286
7342,14,7,21,287.0,287
7343,14,7,21,288.0,288
7344,14,7,21,289.0,289
7345,14,7,21,290.0,290
7346,14,7,21,291.0,291
7347,14,7,21,292.0,292
7348,14,7,21,293.0,293
7349,14,7,21,294.0,294
7350,14,7,21,295.0,295
7351,14,7,21,296.0,296
7352,14,7,21,297.0,297
7353,14,7,21,298.0,298
7354,14,7,21,299.0,299
7355,14,7,21,300.0,300
7356,14,7,21,301.0,301
7357,14,7,21,302.0,302
7358,14,7,21,303.0,303
7359,14,7,21,304.0,304
7360,14,7,21,305.0,305
7361,14,7,21,306.0,306
7362,14,7,21,307.0,307
7363,14,7,21,308.0,308
7364,14,7,21,309.0,309
7365,14,7,21,310.0,310
7366,14,7,21,311.0,311
7367,14,7,21,312.0,312
7368,14,7,21,313.0,313
7369,14,7,21,314.0,314
7370,14,7,21,315.0,315
7371,14,7,21,316.0,316
7372,14,7,21,317.0,317
7373,14,7,21,318.0,318
7374,14,7,21,319.0,319
7375,14,7,21,320.0,320
7376,14,7,21,321.0,321
7377,14,7,21,322.0,322
7378,14,7,21,323.0,323
7379,14,7,21,324.0,324
7380,14,7,21,325.0,325
7381,14,7,21,326.0,326
7382,14,7,21,327.0,327
7383,14,7,21,328.0,328
7384,14,7,21,329.0,329
7385,14,7,21,330.0,330
7386,14,7,21,331.0,331
7387,14,7,21,332.0,332
7388,14,7,21,333.0,333
7389,14,7,21,334.0,334
7390,14,7,21,335.0,335
7391,14,7,21,336.0,336
7392,14,7,21,337.0,337
7393,14,7,21,338.0,338
7394,14,7,21,339.0,339
7395,14,7,21,340.0,340
7396,14,7,21,341.0,341
7397,14,7,21,342.0,342
7398,14,7,21,343.0,343
7399,14,7,21,344.0,344
7400,14,7,21,345.0,345
7401,14,7,21,346.0,346
7402,14,7,21,347.0,347
7403,14,7,21,348.0,348
7404,14,7,21,349.0,349
7405,14,7,21,350.0,350
7406,14,7,21,351.0,351
7407,14,7,21,352.0,352
7408,14,7,21,353.0,353
7409,14,7,21,354.0,354
7410,14,7,21,355.0,355
7411,14,7,21,356.0,356
7412,14,7,21,357.0,357
7413,14,7,21,358.0,358
7414,14,7,21,359.0,359
7415,14,7,21,360.0,360
7416,14,7,21,361.0,361
7417,14,7,21,362.0,362
7418,14,7,21,363.0,363
7419,14,7,21,364.0,364
7420,14,7,21,365.0,365
7421,14,7,21,366.0,366
7422,14,7,21,367.0,367
7423,14,7,21,368.0,368
7424,14,7,21,369.0,369
7425,14,7,21,370.0,370
7426,14,7,21,371.0,371
7427,14,7,21,372.0,372
7428,14,7,21,373.0,373
7429,14,7,21,374.0,374
7430,14,7,21,375.0,375
7431,14,7,21,376.0,376
7432,14,7,21,377.0,377
7433,14,7,21,378.0,378
7434,14,7,21,379.0,379
7435,14,7,21,380.0,380
7436,14,7,21,381.0,381
7437,14,7,21,382.0,382
7438,14,7,21,383.0,383
7439,14,7,21,384.0,384
7440,14,7,21,385.0,385
7441,14,7,21,386.0,386
7442,14,7,21,387.0,387
7443,14,7,21,388.0,388
7444,14,7,21,389.0,389
7445,14,7,21,390.0,390
7446,14,7,21,391.0,391
7447,14,7,21,392.0,392
7448,14,7,21,393.0,393
7449,14,7,21,394.0,394
7450,14,7,21,395.0,395
7451,14,7,21,396.0,396
7452,14,7,21,397.0,397
7453,14,7,21,398.0,398
7454,14,7,21,399.0,399
7455,14,7,21,400.0,400
7456,14,7,21,401.0,401
7457,14,7,21,402.0,402
7458,14,7,21,403.0,403
7459,14,7,21,404.0,404
7460,14,7,21,405.0,405
7461,14,7,21,406.0,406
7462,14,7,21,407.0,407
7463,14,7,21,408.0,408
7464,14,7,21,409.0,409
7465,14,7,21,410.0,410
7466,14,7,21,411.0,411
7467,14,7,21,412.0,412
7468,14,7,21,413.0,413
7469,14,7,21,414.0,414
7470,14,7,21,415.0,415
7471,14,7,21,416.0,416
7472,14,7,21,417.0,417
7473,14,7,21,418.0,418
7474,14,7,21,419.0,419
7475,14,7,21,420.0,420
7476,14,7,21,421.0,421
7477,14,7,21,422.0,422
7478,14,7,21,423.0,423
7479,14,7,21,424.0,424
7480,14,7,21,425.0,425
7481,14,7,21,426.0,426
7482,14,7,21,427.0,427
7483,14,7,21,428.0,428
7484,14,7,21,429.0,429
7485,14,7,21,430.0,430
7486,14,7,21,431.0,431
7487,14,7,21,432.0,432
7488,14,7,21,433.0,433
7489,14,7,21,434.0,434
7490,14,7,21,435.0,435
7491,14,7,21,436.0,436
7492,14,7,21,437.0,437
7493,14,7,21,438.0,438
7494,14,7,21,439.0,439
7495,14,7,21,440.0,440
7496,14,7,21,441.0,441
7497,14,7,21,442.0,442
7498,14,7,21,443.0,443
7499,14,7,21,444.0,444
7500,14,7,21,445.0,445
7501,14,7,21,446.0,446
7502,14,7,21,447.0,447
7503,14,7,21,448.0,448
7504,14,7,21,449.0,449
7505,14,7,21,450.0,450
7506,15,7,22,451.0,451
7507,15,7,22,451.0,451
7508,15,7,22,451.0,451
7509,15,7,22,451.0,451
7510,15,7,22,451.0,451
7511,15,7,22,451.0,451
7512,15,7,22,451.0,451
7513,15,7,22,451.0,451
7514,15,7,22,451.0,451
7515,15,7,22,451.0,451
7516,15,7,22,451.0,451
7517,15,7,22,451.0,451
7518,15,7,22,451.0,451
7519,15,7,22,451.0,451
7520,15,7,22,451.0,451
7521,15,7,22,451.0,451
7522,15,7,22,451.0,451
7523,15,7,22,451.0,451
7524,15,7,22,451.0,451
7525,15,7,22,451.0,451
7526,15,7,22,451.0,451
7527,15,7,22,451.0,451
7528,15,7,22,451.0,451
7529,15,7,22,451.0,451
7530,15,7,22,451.0,451
7531,15,7,22,451.0,451
7532,15,7,22,451.0,451
7533,15,7,22,451.0,451
7534,15,7,22,451.0,451
7535,15,7,22,451.0,451
7536,15,7,22,451.0,451
7537,15,7,22,451.0,451
7538,15,7,22,451.0,451
7539,15,7,22,451.0,451
7540,15,7,22,451.0,451
7541,15,7,22,451.0,451
7542,15,7,22,451.0,451
7543,15,7,22,451.0,451
7544,15,7,22,451.0,451
7545,15,7,22,451.0,451
7546,15,7,22,451.0,451
7547,15,7,22,451.0,451
7548,15,7,22,451.0,451
7549,15,7,22,451.0,451
7550,15,7,22,451.0,451
7551,15,7,22,451.0,451
7552,15,7,22,451.0,451
7553,15,7,22,451.0,451
7554,15,7,22,451.0,451
7555,15,7,22,451.0,451
7556,15,7,22,451.0,451
7557,15,7,22,451.0,451
7558,15,7,22,451.0,451
7559,15,7,22,451.0,451
7560,15,7,22,451.0,451
7561,15,7,22,451.0,451
7562,15,7,22,451.0,451
7563,15,7,22,451.0,451
7564,15,7,22,451.0,451
7565,15,7,22,451.0,451
7566,15,7,22,451.0,451
7567,15,7,22,451.0,451
7568,15,7,22,451.0,451
7569,15,7,22,451.0,451
7570,15,7,22,0.0,0
7571,15,7,22,0.0,0
7572,15,7,22,0.0,0
7573,15,7,22,0.0,0
7574,15,7,22,0.0,0
7575,15,7,22,0.0,0
7576,15,7,22,0.0,0
7577,15,7,22,0.0,0
7578,15,7,22,0.0,0
7579,15,7,22,0.0,0
7580,15,7,22,0.0,0
7581,15,7,22,0.0,0
7582,15,7,22,0.0,0
7583,15,7,22,0.0,0
7584,15,7,22,0.0,0
7585,15,7,22,0.0,0
7586,15,7,22,0.0,0
7587,15,7,22,0.0,0
7588,15,7,22,0.0,0
7589,15,7,22,0.0,0
7590,15,7,22,0.0,0
7591,15,7,22,0.0,0
7592,15,7,22,0.0,0
7593,15,7,22,0.0,0
7594,15,7,22,0.0,0
7595,15,7,22,0.0,0
7596,15,7,22,0.0,0
7597,15,7,22,0.0,0
7598,15,7,22,0.0,0
7599,15,7,22,0.0,0
7600,15,7,22,0.0,0
7601,15,7,22,0.0,0
7602,15,7,22,0.0,0
7603,15,7,22,0.0,0
7604,15,7,22,0.0,0
7605,15,7,22,0.0,0
7606,15,7,22,0.0,0
7607,15,7,22,0.0,0
7608,15,7,22,0.0,0
7609,15,7,22,0.0,0
7610,15,7,22,0.0,0
7611,15,7,22,0.0,0
7612,15,7,22,0.0,0
7613,15,7,22,0.0,0
7614,15,7,22,0.0,0
7615,15,7,22,0.0,0
7616,15,7,22,0.0,0
7617,15,7,22,0.0,0
7618,15,7,22,0.0,0
7619,15,7,22,0.0,0
7620,15,7,22,0.0,0
7621,15,7,22,0.0,0
7622,15,7,22,0.0,0
7623,15,7,22,0.0,0
7624,15,7,22,0.0,0
7625,15,7,22,0.0,0
7626,15,7,22,0.0,0
7627,15,7,22,0.0,0
7628,15,7,22,0.0,0
7629,15,7,22,0.0,0
7630,15,7,22,0.0,0
7631,15,7,22,0.0,0
7632,15,7,22,0.0,0
7633,15,7,22,0.0,0
7634,15,7,22,0.0,0
7635,15,7,22,0.0,0
7636,15,7,22,0.0,0
7637,15,7,22,0.0,0
7638,15,7,22,0.0,0
7639,15,7,22,0.0,0
7640,15,7,22,0.0,0
7641,15,7,22,0.0,0
7642,15,7,22,0.0,0
7643,15,7,22,0.0,0
7644,15,7,22,0.0,0
7645,15,7,22,0.0,0
7646,15,7,22,0.0,0
7647,15,7,22,0.0,0
7648,15,7,22,0.0,0
7649,15,7,22,0.0,0
7650,15,7,22,0.0,0
7651,15,7,22,0.0,0
7652,15,7,22,0.0,0
7653,15,7,22,0.0,0
7654,15,7,22,0.0,0
7655,15,7,22,0.0,0
7656,15,7,22,0.0,0
7657,15,7,22,0.0,0
7658,15,7,22,0.0,0
7659,15,7,22,0.0,0
7660,15,7,22,0.0,0
7661,15,7,22,0.0,0
7662,15,7,22,0.0,0
7663,15,7,22,0.0,0
7664,15,7,22,0.0,0
7665,15,7,22,0.0,0
7666,15,7,22,0.0,0
7667,15,7,22,0.0,0
7668,15,7,22,0.0,0
7669,15,7,22,0.0,0
7670,15,7,22,0.0,0
7671,15,7,22,0.0,0
7672,15,7,22,0.0,0
7673,15,7,22,0.0,0
7674,15,7,22,0.0,0
7675,15,7,22,0.0,0
7676,15,7,22,0.0,0
7677,15,7,22,0.0,0
7678,15,7,22,0.0,0
7679,15,7,22,0.0,0
7680,15,7,22,0.0,0
7681,15,7,22,0.0,0
7682,15,7,22,0.0,0
7683,15,7,22,0.0,0
7684,15,7,22,0.0,0
7685,15,7,22,0.0,0
7686,15,7,22,0.0,0
7687,15,7,22,0.0,0
7688,15,7,22,0.0,0
7689,15,7,22,0.0,0
7690,15,7,22,0.0,0
7691,15,7,22,0.0,0
7692,15,7,22,0.0,0
7693,15,7,22,0.0,0
7694,15,7,22,0.0,0
7695,15,7,22,0.0,0
7696,15,7,22,0.0,0
7697,15,7,22,0.0,0
7698,15,7,22,0.0,0
7699,15,7,22,0.0,0
7700,15,7,22,0.0,0
7701,15,7,22,0.0,0
7702,15,7,22,0.0,0
7703,15,7,22,0.0,0
7704,15,7,22,0.0,0
7705,15,7,22,0.0,0
7706,15,7,22,0.0,0
7707,15,7,22,0.0,0
7708,15,7,22,0.0,0
7709,15,7,22,0.0,0
7710,15,7,22,0.0,0
7711,15,7,22,0.0,0
7712,15,7,22,0.0,0
7713,15,7,22,0.0,0
7714,15,7,22,0.0,0
7715,15,7,22,0.0,0
7716,15,7,22,0.0,0
7717,15,7,22,0.0,0
7718,15,7,22,0.0,0
7719,15,7,22,0.0,0
7720,15,7,22,0.0,0
7721,15,7,22,0.0,0
7722,15,7,22,0.0,0
7723,15,7,22,0.0,0
7724,15,7,22,0.0,0
7725,15,7,22,0.0,0
7726,15,7,22,0.0,0
7727,15,7,22,0.0,0
7728,15,7,22,0.0,0
7729,15,7,22,0.0,0
7730,15,7,22,0.0,0
7731,15,7,22,0.0,0
7732,15,7,22,0.0,0
7733,15,7,22,0.0,0
7734,15,7,22,0.0,0
7735,15,7,22,0.0,0
7736,15,7,22,0.0,0
7737,15,7,22,0.0,0
7738,15,7,22,0.0,0
7739,15,7,22,0.0,0
7740,15,7,22,0.0,0
7741,15,7,22,0.0,0
7742,15,7,22,0.0,0
7743,15,7,22,0.0,0
7744,15,7,22,0.0,0
7745,15,7,22,0.0,0
7746,15,7,22,0.0,0
7747,15,7,22,0.0,0
7748,15,7,22,0.0,0
7749,15,7,22,0.0,0
7750,15,7,22,0.0,0
7751,15,7,22,0.0,0
7752,15,7,22,0.0,0
7753,15,7,22,0.0,0
7754,15,7,22,0.0,0
7755,15,7,22,0.0,0
7756,15,8,23,0.0,0
7757,15,8,23,0.0,0
7758,15,8,23,0.0,0
7759,15,8,23,0.0,0
7760,15,8,23,0.0,0
7761,15,8,23,0.0,0
7762,15,8,23,0.0,0
7763,15,8,23,0.0,0
7764,15,8,23,0.0,0
7765,15,8,23,0.0,0
7766,15,8,23,0.0,0
7767,15,8,23,0.0,0
7768,15,8,23,0.0,0
7769,15,8,23,0.0,0
7770,15,8,23,0.0,0
7771,15,8,23,0.0,0
7772,15,8,23,0.0,0
7773,15,8,23,0.0,0
7774,15,8,23,0.0,0
7775,15,8,23,0.0,0
7776,15,8,23,0.0,0
7777,15,8,23,0.0,0
7778,15,8,23,0.0,0
7779,15,8,23,0.0,0
7780,15,8,23,0.0,0
7781,15,8,23,0.0,0
7782,15,8,23,0.0,0
7783,15,8,23,0.0,0
7784,15,8,23,0.0,0
7785,15,8,23,0.0,0
7786,15,8,23,0.0,0
7787,15,8,23,0.0,0
7788,15,8,23,0.0,0
7789,15,8,23,0.0,0
7790,15,8,23,0.0,0
7791,15,8,23,0.0,0
7792,15,8,23,0.0,0
7793,15,8,23,0.0,0
7794,15,8,23,0.0,0
7795,15,8,23,0.0,0
7796,15,8,23,0.0,0
7797,15,8,23,0.0,0
7798,15,8,23,0.0,0
7799,15,8,23,0.0,0
7800,15,8,23,0.0,0
7801,15,8,23,0.0,0
7802,15,8,23,0.0,0
7803,15,8,23,0.0,0
7804,15,8,23,0.0,0
7805,15,8,23,0.0,0
7806,15,8,23,0.0,0
7807,15,8,23,0.0,0
7808,15,8,23,0.0,0
7809,15,8,23,0.0,0
7810,15,8,23,0.0,0
7811,15,8,23,0.0,0
7812,15,8,23,0.0,0
7813,15,8,23,0.0,0
7814,15,8,23,0.0,0
7815,15,8,23,0.0,0
7816,15,8,23,0.0,0
7817,15,8,23,0.0,0
7818,15,8,23,0.0,0
7819,15,8,23,0.0,0
7820,15,8,23,0.0,0
7821,15,8,23,0.0,0
7822,15,8,23,0.0,0
7823,15,8,23,0.0,0
7824,15,8,23,0.0,0
7825,15,8,23,0.0,0
7826,15,8,23,0.0,0
7827,15,8,23,0.0,0
7828,15,8,23,0.0,0
7829,15,8,23,0.0,0
7830,15,8,23,0.0,0
7831,15,8,23,0.0,0
7832,15,8,23,0.0,0
7833,15,8,23,0.0,0
7834,15,8,23,0.0,0
7835,15,8,23,0.0,0
7836,15,8,23,0.0,0
7837,15,8,23,0.0,0
7838,15,8,23,0.0,0
7839,15,8,23,0.0,0
7840,15,8,23,0.0,0
7841,15,8,23,0.0,0
7842,15,8,23,0.0,0
7843,15,8,23,0.0,0
7844,15,8,23,0.0,0
7845,15,8,23,0.0,0
7846,15,8,23,0.0,0
7847,15,8,23,0.0,0
7848,15,8,23,0.0,0
7849,15,8,23,0.0,0
7850,15,8,23,0.0,0
7851,15,8,23,0.0,0
7852,15,8,23,0.0,0
7853,15,8,23,0.0,0
7854,15,8,23,0.0,0
7855,15,8,23,0.0,0
7856,15,8,23,0.0,0
7857,15,8,23,0.0,0
7858,15,8,23,0.0,0
7859,15,8,23,0.0,0
7860,15,8,23,0.0,0
7861,15,8,23,0.0,0
7862,15,8,23,0.0,0
7863,15,8,23,0.0,0
7864,15,8,23,0.0,0
7865,15,8,23,0.0,0
7866,15,8,23,0.0,0
7867,15,8,23,0.0,0
7868,15,8,23,0.0,0
7869,15,8,23,0.0,0
7870,15,8,23,0.0,0
7871,15,8,23,0.0,0
7872,15,8,23,0.0,0
7873,15,8,23,0.0,0
7874,15,8,23,0.0,0
7875,15,8,23,0.0,0
7876,15,8,23,0.0,0
7877,15,8,23,0.0,0
7878,15,8,23,0.0,0
7879,15,8,23,0.0,0
7880,15,8,23,0.0,0
7881,15,8,23,0.0,0
7882,15,8,23,0.0,0
7883,15,8,23,0.0,0
7884,15,8,23,0.0,0
7885,15,8,23,0.0,0
7886,15,8,23,0.0,0
7887,15,8,23,0.0,0
7888,15,8,23,0.0,0
7889,15,8,23,0.0,0
7890,15,8,23,0.0,0
7891,15,8,23,0.0,0
7892,15,8,23,0.0,0
7893,15,8,23,0.0,0
7894,15,8,23,0.0,0
7895,15,8,23,0.0,0
7896,15,8,23,0.0,0
7897,15,8,23,0.0,0
7898,15,8,23,0.0,0
7899,15,8,23,0.0,0
7900,15,8,23,0.0,0
7901,15,8,23,0.0,0
7902,15,8,23,0.0,0
7903,15,8,23,0.0,0
7904,15,8,23,0.0,0
7905,15,8,23,0.0,0
7906,15,8,23,0.0,0
7907,15,8,23,0.0,0
7908,15,8,23,0.0,0
7909,15,8,23,0.0,0
7910,15,8,23,0.0,0
7911,15,8,23,0.0,0
7912,15,8,23,0.0,0
7913,15,8,23,0.0,0
7914,15,8,23,0.0,0
7915,15,8,23,0.0,0
7916,15,8,23,0.0,0
7917,15,8,23,0.0,0
7918,15,8,23,0.0,0
7919,15,8,23,0.0,0
7920,15,8,23,0.0,0
7921,15,8,23,0.0,0
7922,15,8,23,0.0,0
7923,15,8,23,0.0,0
7924,15,8,23,0.0,0
7925,15,8,23,0.0,0
7926,15,8,23,0.0,0
7927,15,8,23,0.0,0
7928,15,8,23,0.0,0
7929,15,8,23,0.0,0
7930,15,8,23,0.0,0
7931,15,8,23,0.0,0
7932,15,8,23,0.0,0
7933,15,8,23,0.0,0
7934,15,8,23,0.0,0
7935,15,8,23,0.0,0
7936,15,8,23,0.0,0
7937,15,8,23,0.0,0
7938,15,8,23,0.0,0
7939,15,8,23,0.0,0
7940,15,8,23,0.0,0
7941,15,8,23,0.0,0
7942,15,8,23,0.0,0
7943,15,8,23,0.0,0
7944,15,8,23,0.0,0
7945,15,8,23,0.0,0
7946,15,8,23,0.0,0
7947,15,8,23,0.0,0
7948,15,8,23,0.0,0
7949,15,8,23,0.0,0
7950,15,8,23,0.0,0
7951,15,8,23,0.0,0
7952,15,8,23,0.0,0
7953,15,8,23,0.0,0
7954,15,8,23,0.0,0
7955,15,8,23,0.0,0
7956,15,8,23,0.0,0
7957,15,8,23,0.0,0
7958,15,8,23,0.0,0
7959,15,8,23,0.0,0
7960,15,8,23,0.0,0
7961,15,8,23,0.0,0
7962,15,8,23,0.0,0
7963,15,8,23,0.0,0
7964,15,8,23,0.0,0
7965,15,8,23,0.0,0
7966,15,8,23,0.0,0
7967,15,8,23,0.0,0
7968,15,8,23,0.0,0
7969,15,8,23,0.0,0
7970,15,8,23,0.0,0
7971,15,8,23,0.0,0
7972,15,8,23,0.0,0
7973,15,8,23,0.0,0
7974,15,8,23,0.0,0
7975,15,8,23,0.0,0
7976,15,8,23,0.0,0
7977,15,8,23,0.0,0
7978,15,8,23,0.0,0
7979,15,8,23,0.0,0
7980,15,8,23,0.0,0
7981,15,8,23,0.0,0
7982,15,8,23,0.0,0
7983,15,8,23,0.0,0
7984,15,8,23,0.0,0
7985,15,8,23,0.0,0
7986,15,8,23,0.0,0
7987,15,8,23,0.0,0
7988,15,8,23,0.0,0
7989,15,8,23,0.0,0
7990,15,8,23,0.0,0
7991,15,8,23,0.0,0
7992,15,8,23,0.0,0
7993,15,8,23,0.0,0
7994,15,8,23,0.0,0
7995,15,8,23,0.0,0
7996,15,8,23,0.0,0
7997,15,8,23,0.0,0
7998,15,8,23,0.0,0
7999,15,8,23,0.0,0
8000,15,8,23,0.0,0
8001,15,8,23,0.0,0
8002,15,8,23,0.0,0
8003,15,8,23,0.0,0
8004,15,8,23,0.0,0
8005,15,8,23,0.0,0
8006,15,8,23,0.0,0
8007,15,8,23,0.0,0
8008,15,8,23,0.0,0
8009,15,8,23,0.0,0
8010,15,8,23,0.0,0
8011,15,8,23,0.0,0
8012,15,8,23,0.0,0
8013,15,8,23,0.0,0
8014,15,8,23,0.0,0
8015,15,8,23,0.0,0
8016,15,8,23,0.0,0
8017,15,8,23,0.0,0
8018,15,8,23,0.0,0
8019,15,8,23,0.0,0
8020,15,8,23,0.0,0
8021,15,8,23,0.0,0
8022,15,8,23,0.0,0
8023,15,8,23,0.0,0
8024,15,8,23,0.0,0
8025,15,8,23,0.0,0
8026,15,8,23,0.0,0
8027,15,8,23,0.0,0
8028,15,8,23,0.0,0
8029,15,8,23,0.0,0
8030,15,8,23,0.0,0
8031,15,8,23,0.0,0
8032,15,8,23,0.0,0
8033,15,8,23,0.0,0
8034,15,8,23,0.0,0
8035,15,8,23,0.0,0
8036,15,8,23,0.0,0
8037,15,8,23,0.0,0
8038,15,8,23,0.0,0
8039,15,8,23,0.0,0
8040,15,8,23,0.0,0
8041,15,8,23,0.0,0
8042,15,8,23,0.0,0
8043,15,8,23,0.0,0
8044,15,8,23,0.0,0
8045,15,8,23,0.0,0
8046,15,8,23,0.0,0
8047,15,8,23,0.0,0
8048,15,8,23,0.0,0
8049,15,8,23,0.0,0
8050,15,8,23,0.0,0
8051,15,8,23,0.0,0
8052,15,8,23,0.0,0
8053,15,8,23,0.0,0
8054,15,8,23,0.0,0
8055,15,8,23,0.0,0
8056,15,8,23,0.0,0
8057,15,8,23,0.0,0
8058,15,8,23,0.0,0
8059,15,8,23,0.0,0
8060,15,8,23,0.0,0
8061,15,8,23,0.0,0
8062,15,8,23,0.0,0
8063,15,8,23,0.0,0
8064,15,8,23,0.0,0
8065,15,8,23,0.0,0
8066,15,8,23,0.0,0
8067,15,8,23,0.0,0
8068,15,8,23,0.0,0
8069,15,8,23,0.0,0
8070,15,8,23,0.0,0
8071,15,8,23,0.0,0
8072,15,8,23,0.0,0
8073,15,8,23,0.0,0
8074,15,8,23,0.0,0
8075,15,8,23,0.0,0
8076,15,8,23,0.0,0
8077,15,8,23,0.0,0
8078,15,8,23,0.0,0
8079,15,8,23,0.0,0
8080,15,8,23,0.0,0
8081,15,8,23,0.0,0
8082,15,8,23,0.0,0
8083,15,8,23,0.0,0
8084,15,8,23,0.0,0
8085,15,8,23,0.0,0
8086,15,8,23,0.0,0
8087,15,8,23,0.0,0
8088,15,8,23,0.0,0
8089,15,8,23,0.0,0
8090,15,8,23,0.0,0
8091,15,8,23,0.0,0
8092,15,8,23,0.0,0
8093,15,8,23,0.0,0
8094,15,8,23,0.0,0
8095,15,8,23,0.0,0
8096,15,8,23,0.0,0
8097,15,8,23,0.0,0
8098,15,8,23,0.0,0
8099,15,8,23,0.0,0
8100,15,8,23,0.0,0
8101,15,8,23,0.0,0
8102,15,8,23,0.0,0
8103,15,8,23,0.0,0
8104,15,8,23,0.0,0
8105,15,8,23,0.0,0
8106,15,8,23,0.0,0
8107,15,8,23,0.0,0
8108,15,8,23,0.0,0
8109,15,8,23,0.0,0
8110,15,8,23,0.0,0
8111,15,8,23,0.0,0
8112,15,8,23,0.0,0
8113,15,8,23,0.0,0
8114,15,8,23,0.0,0
8115,15,8,23,0.0,0
8116,15,8,23,0.0,0
8117,15,8,23,0.0,0
8118,15,8,23,0.0,0
8119,15,8,23,0.0,0
8120,15,8,23,0.0,0
8121,15,8,23,0.0,0
8122,15,8,23,0.0,0
8123,15,8,23,0.0,0
8124,15,8,23,0.0,0
8125,15,8,23,0.0,0
8126,15,8,23,0.0,0
8127,15,8,23,0.0,0
8128,15,8,23,0.0,0
8129,15,8,23,0.0,0
8130,15,8,23,0.0,0
8131,15,8,23,0.0,0
8132,15,8,23,0.0,0
8133,15,8,23,0.0,0
8134,15,8,23,0.0,0
8135,15,8,23,0.0,0
8136,15,8,23,0.0,0
8137,15,8,23,0.0,0
8138,15,8,23,0.0,0
8139,15,8,23,0.0,0
8140,15,8,23,0.0,0
8141,15,8,23,0.0,0
8142,15,8,23,0.0,0
8143,15,8,23,0.0,0
8144,15,8,23,0.0,0
8145,15,8,23,0.0,0
8146,15,8,23,0.0,0
8147,15,8,23,0.0,0
8148,15,8,23,0.0,0
8149,15,8,23,0.0,0
8150,15,8,23,0.0,0
8151,15,8,23,0.0,0
8152,15,8,23,0.0,0
8153,15,8,23,0.0,0
8154,15,8,23,0.0,0
8155,15,8,23,0.0,0
8156,15,8,23,0.0,0
8157,15,8,23,0.0,0
8158,15,8,23,0.0,0
8159,15,8,23,0.0,0
8160,15,8,23,0.0,0
8161,15,8,23,0.0,0
8162,15,8,23,0.0,0
8163,15,8,23,0.0,0
8164,15,8,23,0.0,0
8165,15,8,23,0.0,0
8166,15,8,23,0.0,0
8167,15,8,23,0.0,0
8168,15,8,23,0.0,0
8169,15,8,23,0.0,0
8170,15,8,23,0.0,0
8171,15,8,23,0.0,0
8172,15,8,23,0.0,0
8173,15,8,23,0.0,0
8174,15,8,23,0.0,0
8175,15,8,23,0.0,0
8176,15,8,23,0.0,0
8177,15,8,23,0.0,0
8178,15,8,23,0.0,0
8179,15,8,23,0.0,0
8180,15,8,23,0.0,0
8181,15,9,24,0.0,0
8182,15,9,24,0.0,0
8183,15,9,24,0.0,0
8184,15,9,24,0.0,0
8185,15,9,24,0.0,0
8186,15,9,24,0.0,0
8187,15,9,24,0.0,0
8188,15,9,24,0.0,0
8189,15,9,24,0.0,0
8190,15,9,24,0.0,0
8191,15,9,24,0.0,0
8192,15,9,24,0.0,0
8193,15,9,24,0.0,0
8194,15,9,24,0.0,0
8195,15,9,24,0.0,0
8196,15,9,24,0.0,0
8197,15,9,24,0.0,0
8198,15,9,24,0.0,0
8199,15,9,24,0.0,0
8200,15,9,24,0.0,0
8201,15,9,24,0.0,0
8202,15,9,24,0.0,0
8203,15,9,24,0.0,0
8204,15,9,24,0.0,0
8205,15,9,24,0.0,0
8206,15,9,24,0.0,0
8207,15,9,24,0.0,0
8208,15,9,24,0.0,0
8209,15,9,24,0.0,0
8210,15,9,24,0.0,0
8211,15,9,24,0.0,0
8212,15,9,24,0.0,0
8213,15,9,24,0.0,0
8214,15,9,24,0.0,0
8215,15,9,24,0.0,0
8216,15,9,24,0.0,0
8217,15,9,24,0.0,0
8218,15,9,24,0.0,0
8219,15,9,24,0.0,0
8220,15,9,24,0.0,0
8221,15,9,24,0.0,0
8222,15,9,24,0.0,0
8223,15,9,24,0.0,0
8224,15,9,24,0.0,0
8225,15,9,24,0.0,0
8226,15,9,24,0.0,0
8227,15,9,24,0.0,0
8228,15,9,24,0.0,0
8229,15,9,24,0.0,0
8230,15,9,24,0.0,0
8231,15,9,24,0.0,0
8232,15,9,24,0.0,0
8233,15,9,24,0.0,0
8234,15,9,24,0.0,0
8235,15,9,24,0.0,0
8236,15,9,24,0.0,0
8237,15,9,24,0.0,0
8238,15,9,24,0.0,0
8239,15,9,24,0.0,0
8240,15,9,24,0.0,0
8241,15,9,24,0.0,0
8242,15,9,24,0.0,0
8243,15,9,24,0.0,0
8244,15,9,24,0.0,0
8245,15,9,24,0.0,0
8246,15,9,24,0.0,0
8247,15,9,24,0.0,0
8248,15,9,24,0.0,0
8249,15,9,24,0.0,0
8250,15,9,24,0.0,0
8251,15,9,24,0.0,0
8252,15,9,24,0.0,0
8253,15,9,24,0.0,0
8254,15,9,24,0.0,0
8255,15,9,24,0.0,0
8256,15,9,24,0.0,0
8257,15,9,24,0.0,0
8258,15,9,24,0.0,0
8259,15,9,24,0.0,0
8260,15,9,24,0.0,0
8261,15,9,24,0.0,0
8262,15,9,24,0.0,0
8263,15,9,24,0.0,0
8264,15,9,24,0.0,0
8265,15,9,24,0.0,0
8266,15,9,24,0.0,0
8267,15,9,24,0.0,0
8268,15,9,24,0.0,0
8269,15,9,24,0.0,0
8270,15,9,24,0.0,0
8271,15,9,24,0.0,0
8272,15,9,24,0.0,0
8273,15,9,24,0.0,0
8274,15,9,24,0.0,0
8275,15,9,24,0.0,0
8276,15,9,24,0.0,0
8277,15,9,24,0.0,0
8278,15,9,24,0.0,0
8279,15,9,24,0.0,0
8280,15,9,24,0.0,0
8281,15,9,24,0.0,0
8282,15,9,24,0.0,0
8283,15,9,24,0.0,0
8284,15,9,24,0.0,0
8285,15,9,24,0.0,0
8286,15,9,24,0.0,0
8287,15,9,24,0.0,0
8288,15,9,24,0.0,0
8289,15,9,24,0.0,0
8290,15,9,24,0.0,0
8291,15,9,24,0.0,0
8292,15,9,24,0.0,0
8293,15,9,24,0.0,0
8294,15,9,24,0.0,0
8295,15,9,24,0.0,0
8296,15,9,24,0.0,0
8297,15,9,24,0.0,0
8298,15,9,24,0.0,0
8299,15,9,24,0.0,0
8300,15,9,24,0.0,0
8301,15,9,24,0.0,0
8302,15,9,24,0.0,0
8303,15,9,24,0.0,0
8304,15,9,24,0.0,0
8305,15,9,24,0.0,0
8306,15,9,24,0.0,0
8307,15,9,24,0.0,0
8308,15,9,24,0.0,0
8309,15,9,24,0.0,0
8310,15,9,24,0.0,0
8311,15,9,24,0.0,0
8312,15,9,24,0.0,0
8313,15,9,24,0.0,0
8314,15,9,24,0.0,0
8315,15,9,24,0.0,0
8316,15,9,24,0.0,0
8317,15,9,24,0.0,0
8318,15,9,24,0.0,0
8319,15,9,24,0.0,0
8320,15,9,24,0.0,0
8321,15,9,24,0.0,0
8322,15,9,24,0.0,0
8323,15,9,24,0.0,0
8324,15,9,24,0.0,0
8325,15,9,24,0.0,0
8326,15,9,24,0.0,0
8327,15,9,24,0.0,0
8328,15,9,24,0.0,0
8329,15,9,24,0.0,0
8330,15,9,24,0.0,0
8331,15,9,24,0.0,0
8332,15,9,24,0.0,0
8333,15,9,24,0.0,0
8334,15,9,24,0.0,0
8335,15,9,24,0.0,0
8336,15,9,24,0.0,0
8337,15,9,24,0.0,0
8338,15,9,24,0.0,0
8339,15,9,24,0.0,0
8340,15,9,24,0.0,0
8341,15,9,24,0.0,0
8342,15,9,24,0.0,0
8343,15,9,24,0.0,0
8344,15,9,24,0.0,0
8345,15,9,24,0.0,0
8346,15,9,24,0.0,0
8347,15,9,24,0.0,0
8348,15,9,24,0.0,0
8349,15,9,24,0.0,0
8350,15,9,24,0.0,0
8351,15,9,24,0.0,0
8352,15,9,24,0.0,0
8353,15,9,24,0.0,0
8354,15,9,24,0.0,0
8355,15,9,24,0.0,0
8356,15,9,24,0.0,0
8357,15,9,24,0.0,0
8358,15,9,24,0.0,0
8359,15,9,24,0.0,0
8360,15,9,24,0.0,0
8361,15,9,24,0.0,0
8362,15,9,24,0.0,0
8363,15,9,24,0.0,0
8364,15,9,24,0.0,0
8365,15,9,24,0.0,0
8366,15,9,24,0.0,0
8367,15,9,24,0.0,0
8368,15,9,24,0.0,0
8369,15,9,24,0.0,0
8370,15,9,24,0.0,0
8371,15,9,24,0.0,0
8372,15,9,24,0.0,0
8373,15,9,24,0.0,0
8374,15,9,24,0.0,0
8375,15,9,24,0.0,0
8376,15,9,24,0.0,0
8377,15,9,24,0.0,0
8378,15,9,24,0.0,0
8379,15,9,24,0.0,0
8380,15,9,24,0.0,0
8381,15,9,24,0.0,0
8382,15,9,24,0.0,0
8383,15,9,24,0.0,0
8384,15,9,24,0.0,0
8385,15,9,24,0.0,0
8386,15,9,24,0.0,0
8387,15,9,24,1.0,1
8388,15,9,24,2.0,2
8389,15,9,24,3.0,3
8390,15,9,24,4.0,4
8391,15,9,24,5.0,5
8392,15,9,24,6.0,6
8393,15,9,24,7.0,7
8394,15,9,24,8.0,8
8395,15,9,24,9.0,9
8396,15,9,24,10.0,10
8397,15,9,24,11.0,11
8398,15,9,24,12.0,12
8399,15,9,24,13.0,13
8400,15,9,24,14.0,14
8401,15,9,24,15.0,15
8402,15,9,24,16.0,16
8403,15,9,24,17.0,17
8404,15,9,24,18.0,18
8405,15,9,24,19.0,19
8406,15,9,24,20.0,20
8407,15,9,24,21.0,21
8408,15,9,24,22.0,22
8409,15,9,24,23.0,23
8410,15,9,24,24.0,24
8411,15,9,24,25.0,25
8412,15,9,24,26.0,26
8413,15,9,24,27.0,27
8414,15,9,24,28.0,28
8415,15,9,24,29.0,29
8416,15,9,24,30.0,30
8417,15,9,24,31.0,31
8418,15,9,24,32.0,32
8419,15,9,24,33.0,33
8420,15,9,24,34.0,34
8421,15,9,24,35.0,35
8422,15,9,24,36.0,36
8423,15,9,24,37.0,37
8424,15,9,24,38.0,38
8425,15,9,24,39.0,39
8426,15,9,24,40.0,40
8427,15,9,24,41.0,41
8428,15,9,24,42.0,42
8429,15,9,24,43.0,43
8430,15,9,24,44.0,44
8431,15,9,24,45.0,45
8432,15,9,24,46.0,46
8433,15,9,24,47.0,47
8434,15,9,24,48.0,48
8435,15,9,24,49.0,49
8436,15,9,24,50.0,50
8437,15,9,24,51.0,51
8438,15,9,24,52.0,52
8439,15,9,24,53.0,53
8440,15,9,24,54.0,54
8441,15,9,24,55.0,55
8442,15,9,24,56.0,56
8443,15,9,24,57.0,57
8444,15,9,24,58.0,58
8445,15,9,24,59.0,59
8446,15,9,24,60.0,60
8447,15,9,24,61.0,61
8448,15,9,24,62.0,62
8449,15,9,24,63.0,63
8450,15,9,24,64.0,64
8451,15,9,24,65.0,65
8452,15,9,24,66.0,66
8453,15,9,24,67.0,67
8454,15,9,24,68.0,68
8455,15,9,24,69.0,69
8456,15,9,24,70.0,70
8457,15,9,24,71.0,71
8458,15,9,24,72.0,72
8459,15,9,24,73.0,73
8460,15,9,24,74.0,74
8461,15,9,24,75.0,75
8462,15,9,24,76.0,76
8463,15,9,24,77.0,77
8464,15,9,24,78.0,78
8465,15,9,24,79.0,79
8466,15,9,24,80.0,80
8467,15,9,24,81.0,81
8468,15,9,24,82.0,82
8469,15,9,24,83.0,83
8470,15,9,24,84.0,84
8471,15,9,24,85.0,85
8472,15,9,24,86.0,86
8473,15,9,24,87.0,87
8474,15,9,24,88.0,88
8475,15,9,24,89.0,89
8476,15,9,24,90.0,90
8477,15,9,24,91.0,91
8478,15,9,24,92.0,92
8479,15,9,24,93.0,93
8480,15,9,24,94.0,94
8481,15,9,24,95.0,95
8482,15,9,24,96.0,96
8483,15,9,24,97.0,97
8484,15,9,24,98.0,98
8485,15,9,24,99.0,99
8486,15,9,24,100.0,100
8487,15,9,24,101.0,101
8488,15,9,24,102.0,102
8489,15,9,24,103.0,103
8490,15,9,24,104.0,104
8491,15,9,24,105.0,105
8492,15,9,24,106.0,106
8493,15,9,24,107.0,107
8494,15,9,24,108.0,108
8495,15,9,24,109.0,109
8496,15,9,24,110.0,110
8497,15,9,24,111.0,111
8498,15,9,24,112.0,112
8499,15,9,24,113.0,113
8500,15,9,24,114.0,114
8501,15,9,24,115.0,115
8502,15,9,24,116.0,116
8503,15,9,24,117.0,117
8504,15,9,24,118.0,118
8505,15,9,24,119.0,119
8506,15,9,24,120.0,120
8507,15,9,24,121.0,121
8508,15,9,24,122.0,122
8509,15,9,24,123.0,123
8510,15,9,24,124.0,124
8511,15,9,24,125.0,125
8512,15,9,24,126.0,126
8513,15,9,24,127.0,127
8514,15,9,24,128.0,128
8515,15,9,24,129.0,129
8516,15,9,24,130.0,130
8517,15,9,24,131.0,131
8518,15,9,24,132.0,132
8519,15,9,24,133.0,133
8520,15,9,24,134.0,134
8521,15,9,24,135.0,135
8522,15,9,24,136.0,136
8523,15,9,24,137.0,137
8524,15,9,24,138.0,138
8525,15,9,24,139.0,139
8526,15,9,24,140.0,140
8527,15,9,24,141.0,141
8528,15,9,24,142.0,142
8529,15,9,24,143.0,143
8530,15,9,24,144.0,144
8531,15,9,24,145.0,145
8532,15,9,24,146.0,146
8533,15,9,24,147.0,147
8534,15,9,24,148.0,148
8535,15,9,24,149.0,149
8536,15,9,24,150.0,150
8537,15,9,24,151.0,151
8538,15,9,24,152.0,152
8539,15,9,24,153.0,153
8540,15,9,24,154.0,154
8541,15,9,24,155.0,155
8542,15,9,24,156.0,156
8543,15,9,24,157.0,157
8544,15,9,24,158.0,158
8545,15,9,24,159.0,159
8546,15,9,24,160.0,160
8547,15,9,24,161.0,161
8548,15,9,24,162.0,162
8549,15,9,24,163.0,163
8550,15,9,24,164.0,164
8551,15,9,24,165.0,165
8552,15,9,24,166.0,166
8553,15,9,24,167.0,167
8554,15,9,24,168.0,168
8555,15,9,24,169.0,169
8556,15,9,24,170.0,170
8557,15,9,24,171.0,171
8558,15,9,24,172.0,172
8559,15,9,24,173.0,173
8560,15,9,24,174.0,174
8561,15,9,24,175.0,175
8562,16,9,25,176.0,176
8563,16,9,25,176.0,176
8564,16,9,25,176.0,176
8565,16,9,25,176.0,176
8566,16,9,25,176.0,176
8567,16,9,25,176.0,176
8568,16,9,25,176.0,176
8569,16,9,25,176.0,176
8570,16,9,25,176.0,176
8571,16,9,25,176.0,176
8572,16,9,25,176.0,176
8573,16,9,25,176.0,176
8574,16,9,25,176.0,176
8575,16,9,25,176.0,176
8576,16,9,25,176.0,176
8577,16,9,25,176.0,176
8578,16,9,25,176.0,176
8579,16,9,25,176.0,176
8580,16,9,25,176.0,176
8581,16,9,25,176.0,176
8582,16,9,25,176.0,176
8583,16,9,25,176.0,176
8584,16,9,25,176.0,176
8585,16,9,25,176.0,176
8586,16,9,25,176.0,176
8587,16,9,25,176.0,176
8588,16,9,25,176.0,176
8589,16,9,25,176.0,176
8590,16,9,25,176.0,176
8591,16,9,25,176.0,176
8592,16,9,25,176.0,176
8593,16,9,25,176.0,176
8594,16,9,25,176.0,176
8595,16,9,25,176.0,176
8596,16,9,25,176.0,176
8597,16,9,25,176.0,176
8598,16,9,25,176.0,176
8599,16,9,25,176.0,176
8600,16,9,25,176.0,176
8601,16,9,25,176.0,176
8602,16,9,25,176.0,176
8603,16,9,25,176.0,176
8604,16,9,25,176.0,176
8605,16,9,25,176.0,176
8606,16,9,25,176.0,176
8607,16,9,25,176.0,176
8608,16,9,25,176.0,176
8609,16,9,25,176.0,176
8610,16,9,25,176.0,176
8611,16,9,25,176.0,176
8612,16,9,25,176.0,176
8613,16,9,25,176.0,176
8614,16,9,25,176.0,176
8615,16,9,25,176.0,176
8616,16,9,25,176.0,176
8617,16,9,25,176.0,176
8618,16,9,25,176.0,176
8619,16,9,25,176.0,176
8620,16,9,25,176.0,176
8621,16,9,25,176.0,176
8622,16,9,25,176.0,176
8623,16,9,25,176.0,176
8624,16,9,25,176.0,176
8625,16,9,25,176.0,176
8626,16,9,25,176.0,176
8627,16,9,25,176.0,176
8628,16,9,25,176.0,176
8629,16,9,25,176.0,176
8630,16,9,25,176.0,176
8631,16,9,25,176.0,176
8632,16,9,25,176.0,176
8633,16,9,25,176.0,176
8634,16,9,25,176.0,176
8635,16,9,25,176.0,176
8636,16,9,25,176.0,176
8637,16,9,25,176.0,176
8638,16,9,25,176.0,176
8639,16,9,25,176.0,176
8640,16,9,25,176.0,176
8641,16,9,25,0.0,0
8642,16,9,25,0.0,0
8643,16,9,25,0.0,0
8644,16,9,25,0.0,0
8645,16,9,25,0.0,0
8646,16,9,25,0.0,0
8647,16,9,25,0.0,0
8648,16,9,25,0.0,0
8649,16,9,25,0.0,0
8650,16,9,25,0.0,0
8651,16,9,25,0.0,0
8652,16,9,25,0.0,0
8653,16,9,25,0.0,0
8654,16,9,25,0.0,0
8655,16,9,25,0.0,0
8656,16,9,25,0.0,0
8657,16,9,25,0.0,0
8658,16,9,25,0.0,0
8659,16,9,25,0.0,0
8660,16,9,25,0.0,0
8661,16,9,25,0.0,0
8662,16,9,25,0.0,0
8663,16,9,25,0.0,0
8664,16,9,25,0.0,0
8665,16,9,25,0.0,0
8666,16,9,25,0.0,0
8667,16,9,25,0.0,0
8668,16,9,25,0.0,0
8669,16,9,25,0.0,0
8670,16,9,25,0.0,0
8671,16,9,25,0.0,0
8672,16,9,25,0.0,0
8673,16,9,25,0.0,0
8674,16,9,25,0.0,0
8675,16,9,25,0.0,0
8676,16,9,25,0.0,0
8677,16,9,25,0.0,0
8678,16,9,25,0.0,0
8679,16,9,25,0.0,0
8680,16,9,25,0.0,0
8681,16,9,25,0.0,0
8682,16,9,25,0.0,0
8683,16,9,25,0.0,0
8684,16,9,25,0.0,0
8685,16,9,25,0.0,0
8686,16,9,25,0.0,0
8687,16,9,25,0.0,0
8688,16,9,25,0.0,0
8689,16,9,25,0.0,0
8690,16,9,25,0.0,0
8691,16,9,25,0.0,0
8692,16,9,25,0.0,0
8693,16,9,25,0.0,0
8694,16,9,25,0.0,0
8695,16,9,25,0.0,0
8696,16,9,25,0.0,0
8697,16,9,25,0.0,0
8698,16,9,25,0.0,0
8699,16,9,25,0.0,0
8700,16,9,25,0.0,0
8701,16,9,25,0.0,0
8702,16,9,25,0.0,0
8703,16,9,25,0.0,0
8704,16,9,25,0.0,0
8705,16,9,25,0.0,0
8706,16,9,25,0.0,0
8707,16,9,25,0.0,0
8708,16,9,25,0.0,0
8709,16,9,25,0.0,0
8710,16,9,25,0.0,0
8711,16,9,25,0.0,0
8712,16,9,25,0.0,0
8713,16,9,25,0.0,0
8714,16,9,25,0.0,0
8715,16,9,25,0.0,0
8716,16,9,25,0.0,0
8717,16,9,25,0.0,0
8718,16,9,25,0.0,0
8719,16,9,25,0.0,0
8720,16,9,25,0.0,0
8721,16,9,25,0.0,0
8722,16,9,25,0.0,0
8723,16,9,25,0.0,0
8724,16,9,25,0.0,0
8725,16,9,25,0.0,0
8726,16,9,25,0.0,0
8727,16,9,25,0.0,0
8728,16,9,25,0.0,0
8729,16,9,25,0.0,0
8730,16,9,25,0.0,0
8731,16,9,25,0.0,0
8732,16,9,25,0.0,0
8733,16,9,25,0.0,0
8734,16,9,25,0.0,0
8735,16,9,25,0.0,0
8736,16,9,25,0.0,0
8737,16,9,25,0.0,0
8738,16,9,25,0.0,0
8739,16,9,25,0.0,0
8740,16,9,25,0.0,0
8741,16,9,25,0.0,0
8742,16,9,25,0.0,0
8743,16,9,25,0.0,0
8744,16,9,25,0.0,0
8745,16,9,25,0.0,0
8746,16,9,25,0.0,0
8747,16,9,25,0.0,0
8748,16,9,25,0.0,0
8749,16,9,25,0.0,0
8750,16,9,25,0.0,0
8751,16,9,25,0.0,0
8752,16,9,25,0.0,0
8753,16,9,25,0.0,0
8754,16,9,25,0.0,0
8755,16,9,25,0.0,0
8756,16,9,25,0.0,0
8757,16,9,25,0.0,0
8758,16,9,25,0.0,0
8759,16,9,25,0.0,0
8760,16,9,25,0.0,0
8761,16,9,25,0.0,0
8762,16,9,25,0.0,0
8763,16,9,25,0.0,0
8764,16,9,25,0.0,0
8765,16,9,25,0.0,0
8766,16,9,25,0.0,0
8767,16,9,25,0.0,0
8768,16,9,25,0.0,0
8769,16,9,25,0.0,0
8770,16,9,25,0.0,0
8771,16,9,25,0.0,0
8772,16,9,25,0.0,0
8773,16,9,25,0.0,0
8774,16,9,25,0.0,0
8775,16,9,25,0.0,0
8776,16,9,25,0.0,0
8777,16,9,25,0.0,0
8778,16,9,25,0.0,0
8779,16,9,25,0.0,0
8780,16,9,25,0.0,0
8781,16,9,25,0.0,0
8782,16,9,25,0.0,0
8783,16,9,25,0.0,0
8784,16,9,25,0.0,0
8785,16,9,25,0.0,0
8786,16,9,25,0.0,0
8787,16,9,25,0.0,0
8788,16,9,25,0.0,0
8789,16,9,25,0.0,0
8790,16,9,25,0.0,0
8791,16,9,25,0.0,0
8792,16,9,25,0.0,0
8793,16,9,25,0.0,0
8794,16,9,25,0.0,0
8795,16,9,25,0.0,0
8796,16,9,25,0.0,0
8797,16,9,25,0.0,0
8798,16,9,25,0.0,0
8799,16,9,25,0.0,0
8800,16,9,25,0.0,0
8801,16,9,25,0.0,0
8802,16,9,25,0.0,0
8803,16,9,25,0.0,0
8804,16,9,25,0.0,0
8805,16,9,25,0.0,0
8806,16,9,25,0.0,0
8807,16,9,25,0.0,0
8808,16,9,25,0.0,0
8809,16,9,25,0.0,0
8810,16,9,25,0.0,0
8811,16,9,25,0.0,0
8812,16,9,25,0.0,0
8813,16,9,25,0.0,0
8814,16,9,25,0.0,0
8815,16,9,25,0.0,0
8816,16,9,25,0.0,0
8817,16,9,25,0.0,0
8818,16,9,25,0.0,0
8819,16,9,25,0.0,0
8820,16,9,25,0.0,0
8821,16,9,25,0.0,0
8822,16,9,25,0.0,0
8823,16,9,25,0.0,0
8824,16,9,25,0.0,0
8825,16,9,25,0.0,0
8826,16,9,25,0.0,0
8827,16,9,25,0.0,0
8828,16,9,25,0.0,0
8829,16,9,25,0.0,0
8830,16,9,25,0.0,0
8831,16,9,25,0.0,0
8832,16,9,25,0.0,0
8833,16,9,25,0.0,0
8834,16,9,25,0.0,0
8835,16,9,25,0.0,0
8836,16,9,25,0.0,0
8837,16,9,25,0.0,0
8838,16,9,25,0.0,0
8839,16,9,25,0.0,0
8840,16,9,25,0.0,0
8841,16,9,25,0.0,0
8842,16,9,25,0.0,0
8843,16,9,25,0.0,0
8844,16,9,25,0.0,0
8845,16,9,25,0.0,0
8846,16,9,25,0.0,0
8847,16,9,25,0.0,0
8848,16,9,25,0.0,0
8849,16,9,25,0.0,0
8850,16,9,25,0.0,0
8851,16,9,25,0.0,0
8852,16,9,25,0.0,0
8853,16,9,25,0.0,0
8854,16,9,25,0.0,0
8855,16,9,25,0.0,0
8856,16,9,25,0.0,0
8857,16,9,25,0.0,0
8858,16,9,25,0.0,0
8859,16,9,25,0.0,0
8860,16,9,25,0.0,0
8861,16,9,25,0.0,0
8862,16,9,25,0.0,0
8863,16,9,25,0.0,0
8864,16,9,25,0.0,0
8865,16,9,25,0.0,0
8866,16,9,25,0.0,0
8867,16,9,25,0.0,0
8868,16,9,25,0.0,0
8869,16,9,25,0.0,0
8870,16,9,25,0.0,0
8871,16,9,25,0.0,0
8872,16,9,25,0.0,0
8873,16,9,25,0.0,0
8874,16,9,25,0.0,0
8875,16,9,25,0.0,0
8876,16,9,25,0.0,0
8877,16,9,25,0.0,0
8878,16,9,25,0.0,0
8879,16,9,25,0.0,0
8880,16,9,25,0.0,0
8881,16,9,25,0.0,0
8882,16,9,25,0.0,0
8883,16,9,25,0.0,0
8884,16,9,25,0.0,0
8885,16,9,25,0.0,0
8886,16,9,25,0.0,0
8887,16,9,25,0.0,0
8888,16,9,25,1.0,1
8889,16,9,25,2.0,2
8890,16,9,25,3.0,3
8891,16,9,25,4.0,4
8892,16,9,25,5.0,5
8893,16,9,25,6.0,6
8894,16,9,25,7.0,7
8895,16,9,25,8.0,8
8896,16,9,25,9.0,9
8897,16,9,25,10.0,10
8898,16,9,25,11.0,11
8899,16,9,25,12.0,12
8900,16,9,25,13.0,13
8901,16,9,25,14.0,14
8902,16,9,25,15.0,15
8903,16,9,25,16.0,16
8904,16,9,25,17.0,17
8905,16,9,25,18.0,18
8906,16,9,25,19.0,19
8907,16,9,25,20.0,20
8908,16,9,25,21.0,21
8909,16,9,25,22.0,22
8910,16,9,25,23.0,23
8911,16,9,25,24.0,24
8912,16,9,25,25.0,25
8913,16,9,25,26.0,26
8914,16,9,25,27.0,27
8915,16,9,25,28.0,28
8916,16,9,25,29.0,29
8917,16,9,25,30.0,30
8918,16,9,25,31.0,31
8919,16,9,25,32.0,32
8920,16,9,25,33.0,33
8921,16,9,25,34.0,34
8922,16,9,25,35.0,35
8923,16,9,25,36.0,36
8924,16,9,25,37.0,37
8925,16,9,25,38.0,38
8926,16,9,25,39.0,39
8927,16,9,25,40.0,40
8928,16,9,25,41.0,41
8929,16,9,25,42.0,42
8930,16,9,25,43.0,43
8931,16,9,25,44.0,44
8932,16,9,25,45.0,45
8933,16,9,25,46.0,46
8934,16,9,25,47.0,47
8935,16,9,25,48.0,48
8936,16,9,25,49.0,49
8937,16,9,25,50.0,50
8938,16,9,25,51.0,51
8939,16,9,25,52.0,52
8940,16,9,25,53.0,53
8941,16,9,25,54.0,54
8942,16,9,25,55.0,55
8943,16,9,25,56.0,56
8944,16,9,25,57.0,57
8945,16,9,25,58.0,58
8946,16,9,25,59.0,59
8947,16,9,25,60.0,60
8948,16,9,25,61.0,61
8949,16,9,25,62.0,62
8950,16,9,25,63.0,63
8951,16,9,25,64.0,64
8952,16,9,25,65.0,65
8953,16,9,25,66.0,66
8954,16,9,25,67.0,67
8955,16,9,25,68.0,68
8956,16,9,25,69.0,69
8957,16,9,25,70.0,70
8958,16,9,25,71.0,71
8959,16,9,25,72.0,72
8960,16,9,25,73.0,73
8961,16,9,25,74.0,74
8962,16,9,25,75.0,75
8963,16,9,25,76.0,76
8964,16,9,25,77.0,77
8965,16,9,25,78.0,78
8966,16,9,25,79.0,79
8967,16,9,25,80.0,80
8968,16,9,25,81.0,81
8969,16,9,25,82.0,82
8970,16,9,25,83.0,83
8971,16,9,25,84.0,84
8972,16,9,25,85.0,85
8973,16,9,25,86.0,86
8974,16,9,25,87.0,87
8975,16,9,25,88.0,88
8976,16,9,25,89.0,89
8977,16,9,25,90.0,90
8978,16,9,25,91.0,91
8979,16,9,25,92.0,92
8980,16,9,25,93.0,93
8981,16,9,25,94.0,94
8982,16,9,25,95.0,95
8983,16,9,25,96.0,96
8984,16,9,25,97.0,97
8985,16,9,25,98.0,98
8986,16,9,25,99.0,99
8987,16,9,25,100.0,100
8988,16,9,25,101.0,101
8989,16,9,25,102.0,102
8990,16,9,25,103.0,103
8991,16,9,25,104.0,104
8992,16,9,25,105.0,105
8993,16,9,25,106.0,106
8994,16,9,25,107.0,107
8995,16,9,25,108.0,108
8996,16,9,25,109.0,109
8997,16,9,25,110.0,110
8998,16,9,25,111.0,111
8999,16,9,25,112.0,112
9000,16,9,25,113.0,113
9001,16,9,25,114.0,114
9002,16,9,25,115.0,115
9003,16,9,25,116.0,116
9004,16,9,25,117.0,117
9005,16,9,25,118.0,118
9006,16,9,25,119.0,119
9007,16,9,25,120.0,120
9008,16,9,25,121.0,121
9009,16,9,25,122.0,122
9010,16,9,25,123.0,123
9011,16,9,25,124.0,124
9012,16,9,25,125.0,125
9013,16,9,25,126.0,126
9014,16,9,25,127.0,127
9015,16,9,25,128.0,128
9016,16,9,25,129.0,129
9017,16,9,25,130.0,130
9018,16,9,25,131.0,131
9019,16,9,25,132.0,132
9020,16,9,25,133.0,133
9021,16,9,25,134.0,134
9022,16,9,25,135.0,135
9023,16,9,25,136.0,136
9024,16,9,25,137.0,137
9025,16,9,25,138.0,138
9026,16,9,25,139.0,139
9027,16,9,25,140.0,140
9028,16,9,25,141.0,141
9029,16,9,25,142.0,142
9030,16,9,25,143.0,143
9031,16,9,25,144.0,144
9032,16,9,25,145.0,145
9033,16,9,25,146.0,146
9034,16,9,25,147.0,147
9035,16,9,25,148.0,148
9036,16,9,25,149.0,149
9037,16,9,25,150.0,150
9038,17,9,26,151.0,151
9039,17,9,26,151.0,151
9040,17,9,26,151.0,151
9041,17,9,26,151.0,151
9042,17,9,26,151.0,151
9043,17,9,26,151.0,151
9044,17,9,26,151.0,151
9045,17,9,26,151.0,151
9046,17,9,26,151.0,151
9047,17,9,26,151.0,151
9048,17,9,26,151.0,151
9049,17,9,26,151.0,151
9050,17,9,26,151.0,151
9051,17,9,26,151.0,151
9052,17,9,26,151.0,151
9053,17,9,26,151.0,151
9054,17,9,26,151.0,151
9055,17,9,26,151.0,151
9056,17,9,26,151.0,151
9057,17,9,26,151.0,151
9058,17,9,26,151.0,151
9059,17,9,26,151.0,151
9060,17,9,26,151.0,151
9061,17,9,26,151.0,151
9062,17,9,26,151.0,151
9063,17,9,26,151.0,151
9064,17,9,26,151.0,151
9065,17,9,26,151.0,151
9066,17,9,26,151.0,151
9067,17,9,26,151.0,151
9068,17,9,26,151.0,151
9069,17,9,26,151.0,151
9070,17,9,26,151.0,151
9071,17,9,26,151.0,151
9072,17,9,26,151.0,151
9073,17,9,26,151.0,151
9074,17,9,26,151.0,151
9075,17,9,26,151.0,151
9076,17,9,26,151.0,151
9077,17,9,26,151.0,151
9078,17,9,26,151.0,151
9079,17,9,26,151.0,151
9080,17,9,26,151.0,151
9081,17,9,26,151.0,151
9082,17,9,26,151.0,151
9083,17,9,26,151.0,151
9084,17,9,26,151.0,151
9085,17,9,26,151.0,151
9086,17,9,26,151.0,151
9087,17,9,26,151.0,151
9088,17,9,26,151.0,151
9089,17,9,26,151.0,151
9090,17,9,26,151.0,151
9091,17,9,26,151.0,151
9092,17,9,26,151.0,151
9093,17,9,26,151.0,151
9094,17,9,26,151.0,151
9095,17,9,26,151.0,151
9096,17,9,26,151.0,151
9097,17,9,26,151.0,151
9098,17,9,26,151.0,151
9099,17,9,26,151.0,151
9100,17,9,26,151.0,151
9101,17,9,26,151.0,151
9102,17,9,26,151.0,151
9103,17,9,26,0.0,0
9104,17,9,26,0.0,0
9105,17,9,26,0.0,0
9106,17,9,26,0.0,0
9107,17,9,26,0.0,0
9108,17,9,26,0.0,0
9109,17,9,26,0.0,0
9110,17,9,26,0.0,0
9111,17,9,26,0.0,0
9112,17,9,26,0.0,0
9113,17,9,26,0.0,0
9114,17,9,26,0.0,0
9115,17,9,26,0.0,0
9116,17,9,26,0.0,0
9117,17,9,26,0.0,0
9118,17,9,26,0.0,0
9119,17,9,26,0.0,0
9120,17,9,26,0.0,0
9121,17,9,26,0.0,0
9122,17,9,26,0.0,0
9123,17,9,26,0.0,0
9124,17,9,26,0.0,0
9125,17,9,26,0.0,0
9126,17,9,26,0.0,0
9127,17,9,26,0.0,0
9128,17,9,26,0.0,0
9129,17,9,26,0.0,0
9130,17,9,26,0.0,0
9131,17,9,26,0.0,0
9132,17,9,26,0.0,0
9133,17,9,26,0.0,0
9134,17,9,26,0.0,0
9135,17,9,26,0.0,0
9136,17,9,26,0.0,0
9137,17,9,26,0.0,0
9138,17,9,26,0.0,0
9139,17,9,26,0.0,0
9140,17,9,26,0.0,0
9141,17,9,26,0.0,0
9142,17,9,26,0.0,0
9143,17,9,26,0.0,0
9144,17,9,26,0.0,0
9145,17,9,26,0.0,0
9146,17,9,26,0.0,0
9147,17,9,26,0.0,0
9148,17,9,26,0.0,0
9149,17,9,26,0.0,0
9150,17,9,26,0.0,0
9151,17,9,26,0.0,0
9152,17,9,26,0.0,0
9153,17,9,26,0.0,0
9154,17,9,26,0.0,0
9155,17,9,26,0.0,0
9156,17,9,26,0.0,0
9157,17,9,26,0.0,0
9158,17,9,26,0.0,0
9159,17,9,26,0.0,0
9160,17,9,26,0.0,0
9161,17,9,26,0.0,0
9162,17,9,26,0.0,0
9163,17,9,26,0.0,0
9164,17,9,26,0.0,0
9165,17,9,26,0.0,0
9166,17,9,26,0.0,0
9167,17,9,26,0.0,0
9168,17,9,26,0.0,0
9169,17,9,26,0.0,0
9170,17,9,26,0.0,0
9171,17,9,26,0.0,0
9172,17,9,26,0.0,0
9173,17,9,26,0.0,0
9174,17,9,26,0.0,0
9175,17,9,26,0.0,0
9176,17,9,26,0.0,0
9177,17,9,26,0.0,0
9178,17,9,26,0.0,0
9179,17,9,26,0.0,0
9180,17,9,26,0.0,0
9181,17,9,26,0.0,0
9182,17,9,26,0.0,0
9183,17,9,26,0.0,0
9184,17,9,26,0.0,0
9185,17,9,26,0.0,0
9186,17,9,26,0.0,0
9187,17,9,26,0.0,0
9188,17,9,26,0.0,0
9189,17,9,26,0.0,0
9190,17,9,26,0.0,0
9191,17,9,26,0.0,0
9192,17,9,26,0.0,0
9193,17,9,26,0.0,0
9194,17,9,26,0.0,0
9195,17,9,26,0.0,0
9196,17,9,26,0.0,0
9197,17,9,26,0.0,0
9198,17,9,26,0.0,0
9199,17,9,26,0.0,0
9200,17,9,26,0.0,0
9201,17,9,26,0.0,0
9202,17,9,26,0.0,0
9203,17,9,26,0.0,0
9204,17,9,26,0.0,0
9205,17,9,26,0.0,0
9206,17,9,26,0.0,0
9207,17,9,26,0.0,0
9208,17,9,26,0.0,0
9209,17,9,26,0.0,0
9210,17,9,26,0.0,0
9211,17,9,26,0.0,0
9212,17,9,26,0.0,0
9213,17,9,26,0.0,0
9214,17,9,26,0.0,0
9215,17,9,26,0.0,0
9216,17,9,26,0.0,0
9217,17,9,26,0.0,0
9218,17,9,26,0.0,0
9219,17,9,26,0.0,0
9220,17,9,26,0.0,0
9221,17,9,26,0.0,0
9222,17,9,26,0.0,0
9223,17,9,26,0.0,0
9224,17,9,26,0.0,0
9225,17,9,26,0.0,0
9226,17,9,26,0.0,0
9227,17,9,26,0.0,0
9228,17,9,26,0.0,0
9229,17,9,26,0.0,0
9230,17,9,26,0.0,0
9231,17,9,26,0.0,0
9232,17,9,26,0.0,0
9233,17,9,26,0.0,0
9234,17,9,26,0.0,0
9235,17,9,26,0.0,0
9236,17,9,26,0.0,0
9237,17,9,26,0.0,0
9238,17,9,26,0.0,0
9239,17,9,26,0.0,0
9240,17,9,26,0.0,0
9241,17,9,26,0.0,0
9242,17,9,26,0.0,0
9243,17,9,26,0.0,0
9244,17,9,26,0.0,0
9245,17,9,26,0.0,0
9246,17,9,26,0.0,0
9247,17,9,26,0.0,0
9248,17,9,26,0.0,0
9249,17,9,26,0.0,0
9250,17,9,26,0.0,0
9251,17,9,26,0.0,0
9252,17,9,26,0.0,0
9253,17,9,26,0.0,0
9254,17,9,26,0.0,0
9255,17,9,26,0.0,0
9256,17,9,26,0.0,0
9257,17,9,26,0.0,0
9258,17,9,26,0.0,0
9259,17,9,26,0.0,0
9260,17,9,26,0.0,0
9261,17,9,26,0.0,0
9262,17,9,26,0.0,0
9263,17,9,26,0.0,0
9264,17,9,26,0.0,0
9265,17,9,26,0.0,0
9266,17,9,26,0.0,0
9267,17,9,26,0.0,0
9268,17,9,26,0.0,0
9269,17,9,26,0.0,0
9270,17,9,26,0.0,0
9271,17,9,26,0.0,0
9272,17,9,26,0.0,0
9273,17,9,26,0.0,0
9274,17,9,26,0.0,0
9275,17,9,26,0.0,0
9276,17,9,26,0.0,0
9277,17,9,26,0.0,0
9278,17,9,26,0.0,0
9279,17,9,26,0.0,0
9280,17,9,26,0.0,0
9281,17,9,26,0.0,0
9282,17,9,26,0.0,0
9283,17,9,26,0.0,0
9284,17,9,26,0.0,0
9285,17,9,26,0.0,0
9286,17,9,26,0.0,0
9287,17,9,26,0.0,0
9288,17,9,26,0.0,0
9289,17,9,26,0.0,0
9290,17,9,26,0.0,0
9291,17,9,26,0.0,0
9292,17,9,26,0.0,0
9293,17,9,26,0.0,0
9294,17,9,26,0.0,0
9295,17,9,26,0.0,0
9296,17,9,26,0.0,0
9297,17,9,26,0.0,0
9298,17,9,26,0.0,0
9299,17,9,26,0.0,0
9300,17,9,26,0.0,0
9301,17,9,26,0.0,0
9302,17,9,26,0.0,0
9303,17,9,26,0.0,0
9304,17,9,26,0.0,0
9305,17,9,26,0.0,0
9306,17,9,26,0.0,0
9307,17,9,26,0.0,0
9308,17,9,26,0.0,0
9309,17,9,26,0.0,0
9310,17,9,26,0.0,0
9311,17,9,26,0.0,0
9312,17,9,26,0.0,0
9313,17,9,26,0.0,0
9314,17,9,26,0.0,0
9315,17,9,26,0.0,0
9316,17,9,26,0.0,0
9317,17,9,26,0.0,0
9318,17,9,26,0.0,0
9319,17,9,26,0.0,0
9320,17,9,26,0.0,0
9321,17,9,26,0.0,0
9322,17,9,26,0.0,0
9323,17,9,26,0.0,0
9324,17,9,26,0.0,0
9325,17,9,26,0.0,0
9326,17,9,26,0.0,0
9327,17,9,26,0.0,0
9328,17,9,26,0.0,0
9329,17,9,26,0.0,0
9330,17,9,26,0.0,0
9331,17,9,26,0.0,0
9332,17,9,26,0.0,0
9333,17,9,26,0.0,0
9334,17,9,26,0.0,0
9335,17,9,26,0.0,0
9336,17,9,26,0.0,0
9337,17,9,26,0.0,0
9338,17,9,26,0.0,0
9339,17,9,26,0.0,0
9340,17,9,26,0.0,0
9341,17,9,26,0.0,0
9342,17,9,26,0.0,0
9343,17,9,26,0.0,0
9344,17,9,26,0.0,0
9345,17,9,26,0.0,0
9346,17,9,26,0.0,0
9347,17,9,26,0.0,0
9348,17,9,26,0.0,0
9349,17,9,26,0.0,0
9350,17,9,26,0.0,0
9351,17,9,26,0.0,0
9352,17,9,26,0.0,0
9353,17,9,26,0.0,0
9354,17,9,26,0.0,0
9355,17,9,26,0.0,0
9356,17,9,26,0.0,0
9357,17,9,26,0.0,0
9358,17,9,26,0.0,0
9359,17,9,26,0.0,0
9360,17,9,26,0.0,0
9361,17,9,26,0.0,0
9362,17,9,26,0.0,0
9363,17,9,26,0.0,0
9364,17,9,26,0.0,0
9365,17,9,26,0.0,0
9366,17,9,26,0.0,0
9367,17,9,26,0.0,0
9368,17,9,26,0.0,0
9369,17,9,26,0.0,0
9370,17,9,26,0.0,0
9371,17,9,26,0.0,0
9372,17,9,26,0.0,0
9373,17,9,26,0.0,0
9374,17,9,26,0.0,0
9375,17,9,26,0.0,0
9376,17,9,26,0.0,0
9377,17,9,26,0.0,0
9378,17,9,26,0.0,0
9379,17,9,26,0.0,0
9380,17,9,26,0.0,0
9381,17,9,26,0.0,0
9382,17,9,26,0.0,0
9383,17,9,26,0.0,0
9384,17,9,26,0.0,0
9385,17,9,26,0.0,0
9386,17,9,26,0.0,0
9387,17,9,26,0.0,0
9388,17,9,26,0.0,0
9389,17,9,26,0.0,0
9390,17,9,26,0.0,0
9391,17,9,26,0.0,0
9392,17,9,26,0.0,0
9393,17,9,26,0.0,0
9394,17,9,26,0.0,0
9395,17,9,26,0.0,0
9396,17,9,26,0.0,0
9397,17,9,26,0.0,0
9398,17,9,26,0.0,0
9399,17,9,26,0.0,0
9400,17,9,26,0.0,0
9401,17,9,26,0.0,0
9402,17,9,26,0.0,0
9403,17,9,26,0.0,0
9404,17,9,26,0.0,0
9405,17,9,26,0.0,0
9406,17,9,26,0.0,0
9407,17,9,26,0.0,0
9408,17,9,26,0.0,0
9409,17,9,26,0.0,0
9410,17,9,26,0.0,0
9411,17,9,26,0.0,0
9412,17,9,26,0.0,0
9413,17,9,26,0.0,0
9414,17,9,26,0.0,0
9415,17,9,26,0.0,0
9416,17,9,26,0.0,0
9417,17,9,26,0.0,0
9418,17,9,26,0.0,0
9419,17,9,26,0.0,0
9420,17,9,26,0.0,0
9421,17,9,26,0.0,0
9422,17,9,26,0.0,0
9423,17,9,26,0.0,0
9424,17,9,26,0.0,0
9425,17,9,26,0.0,0
9426,17,9,26,0.0,0
9427,17,9,26,0.0,0
9428,17,9,26,0.0,0
9429,17,9,26,0.0,0
9430,17,9,26,0.0,0
9431,17,9,26,0.0,0
9432,17,9,26,0.0,0
9433,17,9,26,0.0,0
9434,17,9,26,0.0,0
9435,17,9,26,0.0,0
9436,17,9,26,0.0,0
9437,17,9,26,0.0,0
9438,17,9,26,0.0,0
9439,17,9,26,0.0,0
9440,17,9,26,0.0,0
9441,17,9,26,0.0,0
9442,17,9,26,0.0,0
9443,17,9,26,0.0,0
9444,17,9,26,0.0,0
9445,17,9,26,0.0,0
9446,17,9,26,0.0,0
9447,17,9,26,0.0,0
9448,17,9,26,0.0,0
9449,17,9,26,0.0,0
9450,17,9,26,0.0,0
9451,17,9,26,0.0,0
9452,17,9,26,0.0,0
9453,17,9,26,0.0,0
9454,17,9,26,0.0,0
9455,17,9,26,0.0,0
9456,17,9,26,0.0,0
9457,17,9,26,0.0,0
9458,17,9,26,0.0,0
9459,17,9,26,0.0,0
9460,17,9,26,0.0,0
9461,17,9,26,0.0,0
9462,17,9,26,0.0,0
9463,17,9,26,0.0,0
9464,17,9,26,0.0,0
9465,17,9,26,0.0,0
9466,17,9,26,0.0,0
9467,17,9,26,0.0,0
9468,17,9,26,0.0,0
9469,17,9,26,0.0,0
9470,17,9,26,0.0,0
9471,17,9,26,0.0,0
9472,17,9,26,0.0,0
9473,17,9,26,0.0,0
9474,17,9,26,0.0,0
9475,17,9,26,0.0,0
9476,17,9,26,0.0,0
9477,17,9,26,0.0,0
9478,17,9,26,0.0,0
9479,17,9,26,0.0,0
9480,17,9,26,0.0,0
9481,17,9,26,0.0,0
9482,17,9,26,0.0,0
9483,17,9,26,0.0,0
9484,17,9,26,0.0,0
9485,17,9,26,0.0,0
9486,17,9,26,0.0,0
9487,17,9,26,0.0,0
9488,17,9,26,0.0,0
9489,17,9,26,0.0,0
9490,17,9,26,0.0,0
9491,17,9,26,0.0,0
9492,17,9,26,0.0,0
9493,17,9,26,0.0,0
9494,17,9,26,0.0,0
9495,17,9,26,0.0,0
9496,17,9,26,0.0,0
9497,17,9,26,0.0,0
9498,17,9,26,0.0,0
9499,17,9,26,0.0,0
9500,17,9,26,0.0,0
9501,17,9,26,0.0,0
9502,17,9,26,0.0,0
9503,17,9,26,0.0,0
9504,17,9,26,0.0,0
9505,17,9,26,0.0,0
9506,17,9,26,0.0,0
9507,17,9,26,0.0,0
9508,17,9,26,0.0,0
9509,17,9,26,0.0,0
9510,17,9,26,0.0,0
9511,17,9,26,0.0,0
9512,17,9,26,0.0,0
9513,17,9,26,0.0,0
9514,17,9,26,0.0,0
9515,17,9,26,0.0,0
9516,17,9,26,0.0,0
9517,17,9,26,0.0,0
9518,17,9,26,0.0,0
9519,17,9,26,0.0,0
9520,17,9,26,0.0,0
9521,17,9,26,0.0,0
9522,17,9,26,0.0,0
9523,17,9,26,0.0,0
9524,17,9,26,0.0,0
9525,17,9,26,0.0,0
9526,17,9,26,0.0,0
9527,17,9,26,0.0,0
9528,17,9,26,0.0,0
9529,17,9,26,0.0,0
9530,17,9,26,0.0,0
9531,17,9,26,0.0,0
9532,17,9,26,0.0,0
9533,17,9,26,0.0,0
9534,17,9,26,0.0,0
9535,17,9,26,0.0,0
9536,17,9,26,0.0,0
9537,17,9,26,0.0,0
9538,17,9,26,0.0,0
9539,17,9,26,0.0,0
9540,17,9,26,0.0,0
9541,17,9,26,0.0,0
9542,17,9,26,0.0,0
9543,17,9,26,0.0,0
9544,17,9,26,0.0,0
9545,17,9,26,0.0,0
9546,17,9,26,0.0,0
9547,17,9,26,0.0,0
9548,17,9,26,0.0,0
9549,17,9,26,0.0,0
9550,17,9,26,0.0,0
9551,17,9,26,0.0,0
9552,17,9,26,0.0,0
9553,17,9,26,0.0,0
9554,17,9,26,0.0,0
9555,17,9,26,0.0,0
9556,17,9,26,0.0,0
9557,17,9,26,0.0,0
9558,17,9,26,0.0,0
9559,17,9,26,0.0,0
9560,17,9,26,0.0,0
9561,17,9,26,0.0,0
9562,17,9,26,0.0,0
9563,17,9,26,0.0,0
9564,17,9,26,0.0,0
9565,17,9,26,0.0,0
9566,17,9,26,0.0,0
9567,17,9,26,0.0,0
9568,17,9,26,0.0,0
9569,17,9,26,0.0,0
9570,17,9,26,0.0,0
9571,17,9,26,0.0,0
9572,17,9,26,0.0,0
9573,17,9,26,0.0,0
9574,17,9,26,0.0,0
9575,17,9,26,0.0,0
9576,17,9,26,0.0,0
9577,17,9,26,0.0,0
9578,17,9,26,0.0,0
9579,17,9,26,0.0,0
9580,17,9,26,0.0,0
9581,17,9,26,0.0,0
9582,17,9,26,0.0,0
9583,17,9,26,0.0,0
9584,17,9,26,0.0,0
9585,17,9,26,0.0,0
9586,17,9,26,0.0,0
9587,17,9,26,0.0,0
9588,17,9,26,0.0,0
9589,17,9,26,0.0,0
9590,17,9,26,0.0,0
9591,17,10,27,0.0,0
9592,17,10,27,0.0,0
9593,17,10,27,0.0,0
9594,17,10,27,0.0,0
9595,17,10,27,0.0,0
9596,17,10,27,0.0,0
9597,17,10,27,0.0,0
9598,17,10,27,0.0,0
9599,17,10,27,0.0,0
9600,17,10,27,0.0,0
9601,17,10,27,0.0,0
9602,17,10,27,0.0,0
9603,17,10,27,0.0,0
9604,17,10,27,0.0,0
9605,17,10,27,0.0,0
9606,17,10,27,0.0,0
9607,17,10,27,0.0,0
9608,17,10,27,0.0,0
9609,17,10,27,0.0,0
9610,17,10,27,0.0,0
9611,17,10,27,0.0,0
9612,17,10,27,0.0,0
9613,17,10,27,0.0,0
9614,17,10,27,0.0,0
9615,17,10,27,0.0,0
9616,17,10,27,0.0,0
9617,17,10,27,0.0,0
9618,17,10,27,0.0,0
9619,17,10,27,0.0,0
9620,17,10,27,0.0,0
9621,17,10,27,0.0,0
9622,17,10,27,0.0,0
9623,17,10,27,0.0,0
9624,17,10,27,0.0,0
9625,17,10,27,0.0,0
9626,17,10,27,0.0,0
9627,17,10,27,0.0,0
9628,17,10,27,0.0,0
9629,17,10,27,0.0,0
9630,17,10,27,0.0,0
9631,17,10,27,0.0,0
9632,17,10,27,0.0,0
9633,17,10,27,0.0,0
9634,17,10,27,0.0,0
9635,17,10,27,0.0,0
9636,17,10,27,0.0,0
9637,17,10,27,0.0,0
9638,17,10,27,0.0,0
9639,17,10,27,0.0,0
9640,17,10,27,0.0,0
9641,17,10,27,0.0,0
9642,17,10,27,0.0,0
9643,17,10,27,0.0,0
9644,17,10,27,0.0,0
9645,17,10,27,0.0,0
9646,17,10,27,0.0,0
9647,17,10,27,0.0,0
9648,17,10,27,0.0,0
9649,17,10,27,0.0,0
9650,17,10,27,0.0,0
9651,17,10,27,0.0,0
9652,17,10,27,0.0,0
9653,17,10,27,0.0,0
9654,17,10,27,0.0,0
9655,17,10,27,0.0,0
9656,17,10,27,0.0,0
9657,17,10,27,0.0,0
9658,17,10,27,0.0,0
9659,17,10,27,0.0,0
9660,17,10,27,0.0,0
9661,17,10,27,0.0,0
9662,17,10,27,0.0,0
9663,17,10,27,0.0,0
9664,17,10,27,0.0,0
9665,17,10,27,0.0,0
9666,17,10,27,0.0,0
9667,17,10,27,0.0,0
9668,17,10,27,0.0,0
9669,17,10,27,0.0,0
9670,17,10,27,0.0,0
9671,17,10,27,0.0,0
9672,17,10,27,0.0,0
9673,17,10,27,0.0,0
9674,17,10,27,0.0,0
9675,17,10,27,0.0,0
9676,17,10,27,0.0,0
9677,17,10,27,0.0,0
9678,17,10,27,0.0,0
9679,17,10,27,0.0,0
9680,17,10,27,0.0,0
9681,17,10,27,0.0,0
9682,17,10,27,0.0,0
9683,17,10,27,0.0,0
9684,17,10,27,0.0,0
9685,17,10,27,0.0,0
9686,17,10,27,0.0,0
9687,17,10,27,0.0,0
9688,17,10,27,0.0,0
9689,17,10,27,0.0,0
9690,17,10,27,0.0,0
9691,17,10,27,0.0,0
9692,17,10,27,0.0,0
9693,17,10,27,0.0,0
9694,17,10,27,0.0,0
9695,17,10,27,0.0,0
9696,17,10,27,0.0,0
9697,17,10,27,0.0,0
9698,17,10,27,0.0,0
9699,17,10,27,0.0,0
9700,17,10,27,0.0,0
9701,17,10,27,0.0,0
9702,17,10,27,0.0,0
9703,17,10,27,0.0,0
9704,17,10,27,0.0,0
9705,17,10,27,0.0,0
9706,17,10,27,0.0,0
9707,17,10,27,0.0,0
9708,17,10,27,0.0,0
9709,17,10,27,0.0,0
9710,17,10,27,0.0,0
9711,17,10,27,0.0,0
9712,17,10,27,0.0,0
9713,17,10,27,0.0,0
9714,17,10,27,0.0,0
9715,17,10,27,0.0,0
9716,17,10,27,0.0,0
9717,17,10,27,0.0,0
9718,17,10,27,0.0,0
9719,17,10,27,0.0,0
9720,17,10,27,0.0,0
9721,17,10,27,0.0,0
9722,17,10,27,0.0,0
9723,17,10,27,0.0,0
9724,17,10,27,0.0,0
9725,17,10,27,0.0,0
9726,17,10,27,0.0,0
9727,17,10,27,0.0,0
9728,17,10,27,0.0,0
9729,17,10,27,0.0,0
9730,17,10,27,0.0,0
9731,17,10,27,0.0,0
9732,17,10,27,0.0,0
9733,17,10,27,0.0,0
9734,17,10,27,0.0,0
9735,17,10,27,0.0,0
9736,17,10,27,0.0,0
9737,17,10,27,0.0,0
9738,17,10,27,0.0,0
9739,17,10,27,0.0,0
9740,17,10,27,0.0,0
9741,17,10,27,0.0,0
9742,17,10,27,0.0,0
9743,17,10,27,0.0,0
9744,17,10,27,0.0,0
9745,17,10,27,0.0,0
9746,17,10,27,0.0,0
9747,17,10,27,0.0,0
9748,17,10,27,0.0,0
9749,17,10,27,0.0,0
9750,17,10,27,0.0,0
9751,17,10,27,0.0,0
9752,17,10,27,0.0,0
9753,17,10,27,0.0,0
9754,17,10,27,0.0,0
9755,17,10,27,0.0,0
9756,17,10,27,0.0,0
9757,17,10,27,0.0,0
9758,17,10,27,0.0,0
9759,17,10,27,0.0,0
9760,17,10,27,0.0,0
9761,17,10,27,0.0,0
9762,17,10,27,0.0,0
9763,17,10,27,0.0,0
9764,17,10,27,0.0,0
9765,17,10,27,0.0,0
9766,17,10,27,0.0,0
9767,17,10,27,0.0,0
9768,17,10,27,0.0,0
9769,17,10,27,0.0,0
9770,17,10,27,0.0,0
9771,17,10,27,0.0,0
9772,17,10,27,0.0,0
9773,17,10,27,0.0,0
9774,17,10,27,0.0,0
9775,17,10,27,0.0,0
9776,17,10,27,0.0,0
9777,17,10,27,0.0,0
9778,17,10,27,0.0,0
9779,17,10,27,0.0,0
9780,17,10,27,0.0,0
9781,17,10,27,0.0,0
9782,17,10,27,0.0,0
9783,17,10,27,0.0,0
9784,17,10,27,0.0,0
9785,17,10,27,0.0,0
9786,17,10,27,0.0,0
9787,17,10,27,0.0,0
9788,17,10,27,0.0,0
9789,17,10,27,0.0,0
9790,17,10,27,0.0,0
9791,17,10,27,0.0,0
9792,17,10,27,0.0,0
9793,17,10,27,0.0,0
9794,17,10,27,0.0,0
9795,17,10,27,0.0,0
9796,17,10,27,0.0,0
9797,17,10,27,0.0,0
9798,17,10,27,0.0,0
9799,17,10,27,0.0,0
9800,17,10,27,0.0,0
9801,17,10,27,0.0,0
9802,17,10,27,0.0,0
9803,17,10,27,0.0,0
9804,17,10,27,0.0,0
9805,17,10,27,0.0,0
9806,17,10,27,0.0,0
9807,17,10,27,0.0,0
9808,17,10,27,0.0,0
9809,17,10,27,0.0,0
9810,17,10,27,0.0,0
9811,17,10,27,0.0,0
9812,17,10,27,0.0,0
9813,17,10,27,0.0,0
9814,17,10,27,0.0,0
9815,17,10,27,0.0,0
9816,17,10,27,0.0,0
9817,17,10,27,0.0,0
9818,17,10,27,0.0,0
9819,17,10,27,0.0,0
9820,17,10,27,0.0,0
9821,17,10,27,0.0,0
9822,17,10,27,0.0,0
9823,17,10,27,0.0,0
9824,17,10,27,0.0,0
9825,17,10,27,0.0,0
9826,17,10,27,0.0,0
9827,17,10,27,0.0,0
9828,17,10,27,0.0,0
9829,17,10,27,0.0,0
9830,17,10,27,0.0,0
9831,17,10,27,0.0,0
9832,17,10,27,0.0,0
9833,17,10,27,0.0,0
9834,17,10,27,0.0,0
9835,17,10,27,0.0,0
9836,17,10,27,0.0,0
9837,17,10,27,0.0,0
9838,17,10,27,0.0,0
9839,17,10,27,0.0,0
9840,17,10,27,0.0,0
9841,17,10,27,0.0,0
9842,17,10,27,0.0,0
9843,17,10,27,0.0,0
9844,17,10,27,0.0,0
9845,17,10,27,0.0,0
9846,17,10,27,0.0,0
9847,17,10,27,0.0,0
9848,17,10,27,0.0,0
9849,17,10,27,0.0,0
9850,17,10,27,0.0,0
9851,17,10,27,0.0,0
9852,17,10,27,0.0,0
9853,17,10,27,0.0,0
9854,17,10,27,0.0,0
9855,17,10,27,0.0,0
9856,17,10,27,0.0,0
9857,17,10,27,0.0,0
9858,17,10,27,0.0,0
9859,17,10,27,0.0,0
9860,17,10,27,0.0,0
9861,17,10,27,0.0,0
9862,17,10,27,0.0,0
9863,17,10,27,0.0,0
9864,17,10,27,0.0,0
9865,17,10,27,0.0,0
9866,17,10,27,0.0,0
9867,17,10,27,0.0,0
9868,17,10,27,0.0,0
9869,17,10,27,0.0,0
9870,17,10,27,0.0,0
9871,17,10,27,0.0,0
9872,17,10,27,0.0,0
9873,17,10,27,0.0,0
9874,17,10,27,0.0,0
9875,17,10,27,0.0,0
9876,17,10,27,0.0,0
9877,17,10,27,0.0,0
9878,17,10,27,0.0,0
9879,17,10,27,0.0,0
9880,17,10,27,0.0,0
9881,17,10,27,0.0,0
9882,17,10,27,0.0,0
9883,17,10,27,0.0,0
9884,17,10,27,0.0,0
9885,17,10,27,0.0,0
9886,17,10,27,0.0,0
9887,17,10,27,0.0,0
9888,17,10,27,0.0,0
9889,17,10,27,0.0,0
9890,17,10,27,0.0,0
9891,17,10,27,0.0,0
9892,17,10,27,0.0,0
9893,17,10,27,0.0,0
9894,17,10,27,0.0,0
9895,17,10,27,0.0,0
9896,17,10,27,0.0,0
9897,17,10,27,0.0,0
9898,17,10,27,0.0,0
9899,17,10,27,0.0,0
9900,17,10,27,0.0,0
9901,17,10,27,0.0,0
9902,17,10,27,0.0,0
9903,17,10,27,0.0,0
9904,17,10,27,0.0,0
9905,17,10,27,0.0,0
9906,17,10,27,0.0,0
9907,17,10,27,0.0,0
9908,17,10,27,0.0,0
9909,17,10,27,0.0,0
9910,17,10,27,0.0,0
9911,17,10,27,0.0,0
9912,17,10,27,0.0,0
9913,17,10,27,0.0,0
9914,17,10,27,0.0,0
9915,17,10,27,0.0,0
9916,17,10,27,0.0,0
9917,17,10,27,0.0,0
9918,17,10,27,0.0,0
9919,17,10,27,0.0,0
9920,17,10,27,0.0,0
9921,17,10,27,0.0,0
9922,17,10,27,0.0,0
9923,17,10,27,0.0,0
9924,17,10,27,0.0,0
9925,17,10,27,0.0,0
9926,17,10,27,0.0,0
9927,17,10,27,0.0,0
9928,17,10,27,0.0,0
9929,17,10,27,0.0,0
9930,17,10,27,0.0,0
9931,17,10,27,0.0,0
9932,17,10,27,0.0,0
9933,17,10,27,0.0,0
9934,17,10,27,0.0,0
9935,17,10,27,0.0,0
9936,17,10,27,0.0,0
9937,17,10,27,0.0,0
9938,17,10,27,0.0,0
9939,17,10,27,0.0,0
9940,17,10,27,0.0,0
9941,17,10,27,0.0,0
9942,17,10,27,0.0,0
9943,17,10,27,0.0,0
9944,17,10,27,0.0,0
9945,17,10,27,0.0,0
9946,17,10,27,0.0,0
9947,17,10,27,0.0,0
9948,17,10,27,0.0,0
9949,17,10,27,0.0,0
9950,17,10,27,0.0,0
9951,17,10,27,0.0,0
9952,17,10,27,0.0,0
9953,17,10,27,0.0,0
9954,17,10,27,0.0,0
9955,17,10,27,0.0,0
9956,17,10,27,0.0,0
9957,17,10,27,0.0,0
9958,17,10,27,0.0,0
9959,17,10,27,0.0,0
9960,17,10,27,0.0,0
9961,17,10,27,0.0,0
9962,17,10,27,0.0,0
9963,17,10,27,0.0,0
9964,17,10,27,0.0,0
9965,17,10,27,0.0,0
9966,17,10,27,0.0,0
9967,17,10,27,0.0,0
9968,17,10,27,0.0,0
9969,17,10,27,0.0,0
9970,17,10,27,0.0,0
9971,17,10,27,0.0,0
9972,17,10,27,0.0,0
9973,17,10,27,0.0,0
9974,17,10,27,0.0,0
9975,17,10,27,0.0,0
9976,17,10,27,0.0,0
9977,17,10,27,0.0,0
9978,17,10,27,0.0,0
9979,17,10,27,0.0,0
9980,17,10,27,0.0,0
9981,17,10,27,0.0,0
9982,17,10,27,0.0,0
9983,17,10,27,0.0,0
9984,17,10,27,0.0,0
9985,17,10,27,0.0,0
9986,17,10,27,0.0,0
9987,17,10,27,0.0,0
9988,17,10,27,0.0,0
9989,17,10,27,0.0,0
9990,17,10,27,0.0,0
9991,17,10,27,0.0,0
9992,17,10,27,0.0,0
9993,17,10,27,0.0,0
9994,17,10,27,0.0,0
9995,17,10,27,0.0,0
9996,17,10,27,0.0,0
9997,17,10,27,0.0,0
9998,17,10,27,0.0,0
9999,17,10,27,0.0,0
10000,17,10,27,0.0,0
10001,17,10,27,0.0,0
10002,17,10,27,0.0,0
10003,17,10,27,0.0,0
10004,17,10,27,0.0,0
10005,17,10,27,0.0,0
10006,17,10,27,0.0,0
10007,17,10,27,0.0,0
10008,17,10,27,0.0,0
10009,17,10,27,0.0,0
10010,17,10,27,0.0,0
10011,17,10,27,0.0,0
10012,17,10,27,0.0,0
10013,17,10,27,0.0,0
10014,17,10,27,0.0,0
10015,17,10,27,0.0,0
10016,17,10,27,0.0,0
10017,17,10,27,0.0,0
10018,17,10,27,0.0,0
10019,17,10,27,0.0,0
10020,17,10,27,0.0,0
10021,17,10,27,0.0,0
10022,17,10,27,0.0,0
10023,17,10,27,0.0,0
10024,17,10,27,0.0,0
10025,17,10,27,0.0,0
10026,17,10,27,0.0,0
10027,17,10,27,0.0,0
10028,17,10,27,0.0,0
10029,17,10,27,0.0,0
10030,17,10,27,0.0,0
10031,17,10,27,0.0,0
10032,17,10,27,0.0,0
10033,17,10,27,0.0,0
10034,17,10,27,0.0,0
10035,17,10,27,0.0,0
10036,17,10,27,0.0,0
10037,17,10,27,0.0,0
10038,17,10,27,0.0,0
10039,17,10,27,0.0,0
10040,17,10,27,0.0,0
10041,17,10,27,0.0,0
10042,17,10,27,0.0,0
10043,17,10,27,0.0,0
10044,17,10,27,0.0,0
10045,17,10,27,0.0,0
10046,17,10,27,0.0,0
10047,17,10,27,0.0,0
10048,17,10,27,0.0,0
10049,17,10,27,0.0,0
10050,17,10,27,0.0,0
10051,17,10,27,0.0,0
10052,17,10,27,0.0,0
10053,17,10,27,0.0,0
10054,17,10,27,0.0,0
10055,17,10,27,0.0,0
10056,17,10,27,0.0,0
10057,17,10,27,0.0,0
10058,17,10,27,0.0,0
10059,17,10,27,0.0,0
10060,17,10,27,0.0,0
10061,17,10,27,0.0,0
10062,17,10,27,0.0,0
10063,17,10,27,0.0,0
10064,17,10,27,0.0,0
10065,17,10,27,0.0,0
10066,17,10,27,0.0,0
10067,17,10,27,0.0,0
10068,17,11,28,0.0,0
10069,17,11,28,0.0,0
10070,17,11,28,0.0,0
10071,17,11,28,0.0,0
10072,17,11,28,0.0,0
10073,17,11,28,0.0,0
10074,17,11,28,0.0,0
10075,17,11,28,0.0,0
10076,17,11,28,0.0,0
10077,17,11,28,0.0,0
10078,17,11,28,0.0,0
10079,17,11,28,0.0,0
10080,17,11,28,0.0,0
10081,17,11,28,0.0,0
10082,17,11,28,0.0,0
10083,17,11,28,0.0,0
10084,17,11,28,0.0,0
10085,17,11,28,0.0,0
10086,17,11,28,0.0,0
10087,17,11,28,0.0,0
10088,17,11,28,0.0,0
10089,17,11,28,0.0,0
10090,17,11,28,0.0,0
10091,17,11,28,0.0,0
10092,17,11,28,0.0,0
10093,17,11,28,0.0,0
10094,17,11,28,0.0,0
10095,17,11,28,0.0,0
10096,17,11,28,0.0,0
10097,17,11,28,0.0,0
10098,17,11,28,0.0,0
10099,17,11,28,0.0,0
10100,17,11,28,0.0,0
10101,17,11,28,0.0,0
10102,17,11,28,0.0,0
10103,17,11,28,0.0,0
10104,17,11,28,0.0,0
10105,17,11,28,0.0,0
10106,17,11,28,0.0,0
10107,17,11,28,0.0,0
10108,17,11,28,0.0,0
10109,17,11,28,0.0,0
10110,17,11,28,0.0,0
10111,17,11,28,0.0,0
10112,17,11,28,0.0,0
10113,17,11,28,0.0,0
10114,17,11,28,0.0,0
10115,17,11,28,0.0,0
10116,17,11,28,0.0,0
10117,17,11,28,0.0,0
10118,17,11,28,0.0,0
10119,17,11,28,0.0,0
10120,17,11,28,0.0,0
10121,17,11,28,0.0,0
10122,17,11,28,0.0,0
10123,17,11,28,0.0,0
10124,17,11,28,0.0,0
10125,17,11,28,0.0,0
10126,17,11,28,0.0,0
10127,17,11,28,0.0,0
10128,17,11,28,0.0,0
10129,17,11,28,0.0,0
10130,17,11,28,0.0,0
10131,17,11,28,0.0,0
10132,17,11,28,0.0,0
10133,17,11,28,0.0,0
10134,17,11,28,0.0,0
10135,17,11,28,0.0,0
10136,17,11,28,0.0,0
10137,17,11,28,0.0,0
10138,17,11,28,0.0,0
10139,17,11,28,0.0,0
10140,17,11,28,0.0,0
10141,17,11,28,0.0,0
10142,17,11,28,0.0,0
10143,17,11,28,0.0,0
10144,17,11,28,0.0,0
10145,17,11,28,0.0,0
10146,17,11,28,0.0,0
10147,17,11,28,0.0,0
10148,17,11,28,0.0,0
10149,17,11,28,0.0,0
10150,17,11,28,0.0,0
10151,17,11,28,0.0,0
10152,17,11,28,0.0,0
10153,17,11,28,0.0,0
10154,17,11,28,0.0,0
10155,17,11,28,0.0,0
10156,17,11,28,0.0,0
10157,17,11,28,0.0,0
10158,17,11,28,0.0,0
10159,17,11,28,0.0,0
10160,17,11,28,0.0,0
10161,17,11,28,0.0,0
10162,17,11,28,0.0,0
10163,17,11,28,0.0,0
10164,17,11,28,0.0,0
10165,17,11,28,0.0,0
10166,17,11,28,0.0,0
10167,17,11,28,0.0,0
10168,17,11,28,0.0,0
10169,17,11,28,0.0,0
10170,17,11,28,0.0,0
10171,17,11,28,0.0,0
10172,17,11,28,0.0,0
10173,17,11,28,0.0,0
10174,17,11,28,0.0,0
10175,17,11,28,0.0,0
10176,17,11,28,0.0,0
10177,17,11,28,0.0,0
10178,17,11,28,0.0,0
10179,17,11,28,0.0,0
10180,17,11,28,0.0,0
10181,17,11,28,0.0,0
10182,17,11,28,0.0,0
10183,17,11,28,0.0,0
10184,17,11,28,0.0,0
10185,17,11,28,0.0,0
10186,17,11,28,0.0,0
10187,17,11,28,0.0,0
10188,17,11,28,0.0,0
10189,17,11,28,0.0,0
10190,17,11,28,0.0,0
10191,17,11,28,0.0,0
10192,17,11,28,0.0,0
10193,17,11,28,0.0,0
10194,17,11,28,0.0,0
10195,17,11,28,0.0,0
10196,17,11,28,0.0,0
10197,17,11,28,0.0,0
10198,17,11,28,0.0,0
10199,17,11,28,0.0,0
10200,17,11,28,0.0,0
10201,17,11,28,0.0,0
10202,17,11,28,0.0,0
10203,17,11,28,0.0,0
10204,17,11,28,0.0,0
10205,17,11,28,0.0,0
10206,17,11,28,0.0,0
10207,17,11,28,0.0,0
10208,17,11,28,0.0,0
10209,17,11,28,0.0,0
10210,17,11,28,0.0,0
10211,17,11,28,0.0,0
10212,17,11,28,0.0,0
10213,17,11,28,0.0,0
10214,17,11,28,0.0,0
10215,17,11,28,0.0,0
10216,17,11,28,0.0,0
10217,17,11,28,0.0,0
10218,17,11,28,0.0,0
10219,17,11,28,0.0,0
10220,17,11,28,0.0,0
10221,17,11,28,0.0,0
10222,17,11,28,0.0,0
10223,17,11,28,0.0,0
10224,17,11,28,0.0,0
10225,17,11,28,0.0,0
10226,17,11,28,0.0,0
10227,17,11,28,0.0,0
10228,17,11,28,0.0,0
10229,17,11,28,0.0,0
10230,17,11,28,0.0,0
10231,17,11,28,0.0,0
10232,17,11,28,0.0,0
10233,17,11,28,0.0,0
10234,17,11,28,0.0,0
10235,17,11,28,0.0,0
10236,17,11,28,0.0,0
10237,17,11,28,0.0,0
10238,17,11,28,0.0,0
10239,17,11,28,0.0,0
10240,17,11,28,0.0,0
10241,17,11,28,0.0,0
10242,17,11,28,0.0,0
10243,17,11,28,0.0,0
10244,17,11,28,0.0,0
10245,17,11,28,0.0,0
10246,17,11,28,0.0,0
10247,17,11,28,0.0,0
10248,17,11,28,0.0,0
10249,17,11,28,0.0,0
10250,17,11,28,0.0,0
10251,17,11,28,0.0,0
10252,17,11,28,0.0,0
10253,17,11,28,0.0,0
10254,17,11,28,0.0,0
10255,17,11,28,0.0,0
10256,17,11,28,0.0,0
10257,17,11,28,0.0,0
10258,17,11,28,0.0,0
10259,17,11,28,0.0,0
10260,17,11,28,0.0,0
10261,17,11,28,0.0,0
10262,17,11,28,0.0,0
10263,17,11,28,0.0,0
10264,17,11,28,0.0,0
10265,17,11,28,0.0,0
10266,17,11,28,0.0,0
10267,17,11,28,0.0,0
10268,17,11,28,0.0,0
10269,17,11,28,0.0,0
10270,17,11,28,0.0,0
10271,17,11,28,0.0,0
10272,17,11,28,0.0,0
10273,17,11,28,0.0,0
10274,17,11,28,0.0,0
10275,17,11,28,0.0,0
10276,17,11,28,0.0,0
10277,17,11,28,0.0,0
10278,17,11,28,0.0,0
10279,17,11,28,0.0,0
10280,17,11,28,0.0,0
10281,17,11,28,0.0,0
10282,17,11,28,0.0,0
10283,17,11,28,0.0,0
10284,17,11,28,0.0,0
10285,17,11,28,0.0,0
10286,17,11,28,0.0,0
10287,17,11,28,0.0,0
10288,17,11,28,0.0,0
10289,17,11,28,0.0,0
10290,17,11,28,0.0,0
10291,17,11,28,0.0,0
10292,17,11,28,0.0,0
10293,17,11,28,0.0,0
10294,17,11,28,0.0,0
10295,17,11,28,0.0,0
10296,17,11,28,0.0,0
10297,17,11,28,0.0,0
10298,17,11,28,0.0,0
10299,17,11,28,0.0,0
10300,17,11,28,0.0,0
10301,17,11,28,0.0,0
10302,17,11,28,0.0,0
10303,17,11,28,0.0,0
10304,17,11,28,0.0,0
10305,17,11,28,0.0,0
10306,17,11,28,0.0,0
10307,17,11,28,0.0,0
10308,17,11,28,0.0,0
10309,17,11,28,0.0,0
10310,17,11,28,0.0,0
10311,17,11,28,0.0,0
10312,17,11,28,0.0,0
10313,17,11,28,0.0,0
10314,17,11,28,0.0,0
10315,17,11,28,0.0,0
10316,17,11,28,0.0,0
10317,17,11,28,0.0,0
10318,17,11,28,0.0,0
10319,17,11,28,0.0,0
10320,17,11,28,0.0,0
10321,17,11,28,0.0,0
10322,17,11,28,0.0,0
10323,17,11,28,0.0,0
10324,17,11,28,0.0,0
10325,17,11,28,0.0,0
10326,17,11,28,0.0,0
10327,17,11,28,0.0,0
10328,17,11,28,0.0,0
10329,17,11,28,0.0,0
10330,17,11,28,0.0,0
10331,17,11,28,0.0,0
10332,17,11,28,0.0,0
10333,17,11,28,0.0,0
10334,17,11,28,0.0,0
10335,17,11,28,0.0,0
10336,17,11,28,0.0,0
10337,17,11,28,0.0,0
10338,17,11,28,0.0,0
10339,17,11,28,0.0,0
10340,17,11,28,0.0,0
10341,17,11,28,0.0,0
10342,17,11,28,0.0,0
10343,17,11,28,0.0,0
10344,17,11,28,0.0,0
10345,17,11,28,1.0,1
10346,17,11,28,2.0,2
10347,17,11,28,3.0,3
10348,17,11,28,4.0,4
10349,17,11,28,5.0,5
10350,17,11,28,6.0,6
10351,17,11,28,7.0,7
10352,17,11,28,8.0,8
10353,17,11,28,9.0,9
10354,17,11,28,10.0,10
10355,17,11,28,11.0,11
10356,17,11,28,12.0,12
10357,17,11,28,13.0,13
10358,17,11,28,14.0,14
10359,17,11,28,15.0,15
10360,17,11,28,16.0,16
10361,17,11,28,17.0,17
10362,17,11,28,18.0,18
10363,17,11,28,19.0,19
10364,17,11,28,20.0,20
10365,17,11,28,21.0,21
10366,17,11,28,22.0,22
10367,17,11,28,23.0,23
10368,17,11,28,24.0,24
10369,17,11,28,25.0,25
10370,17,11,28,26.0,26
10371,17,11,28,27.0,27
10372,17,11,28,28.0,28
10373,17,11,28,29.0,29
10374,17,11,28,30.0,30
10375,17,11,28,31.0,31
10376,17,11,28,32.0,32
10377,17,11,28,33.0,33
10378,17,11,28,34.0,34
10379,17,11,28,35.0,35
10380,17,11,28,36.0,36
10381,17,11,28,37.0,37
10382,17,11,28,38.0,38
10383,17,11,28,39.0,39
10384,17,11,28,40.0,40
10385,17,11,28,41.0,41
10386,17,11,28,42.0,42
10387,17,11,28,43.0,43
10388,17,11,28,44.0,44
10389,17,11,28,45.0,45
10390,17,11,28,46.0,46
10391,17,11,28,47.0,47
10392,17,11,28,48.0,48
10393,17,11,28,49.0,49
10394,17,11,28,50.0,50
10395,17,11,28,51.0,51
10396,17,11,28,52.0,52
10397,17,11,28,53.0,53
10398,17,11,28,54.0,54
10399,17,11,28,55.0,55
10400,17,11,28,56.0,56
10401,17,11,28,57.0,57
10402,17,11,28,58.0,58
10403,17,11,28,59.0,59
10404,17,11,28,60.0,60
10405,17,11,28,61.0,61
10406,17,11,28,62.0,62
10407,17,11,28,63.0,63
10408,17,11,28,64.0,64
10409,17,11,28,65.0,65
10410,17,11,28,66.0,66
10411,17,11,28,67.0,67
10412,17,11,28,68.0,68
10413,17,11,28,69.0,69
10414,17,11,28,70.0,70
10415,17,11,28,71.0,71
10416,17,11,28,72.0,72
10417,17,11,28,73.0,73
10418,17,11,28,74.0,74
10419,17,11,28,75.0,75
10420,17,11,28,76.0,76
10421,17,11,28,77.0,77
10422,17,11,28,78.0,78
10423,17,11,28,79.0,79
10424,17,11,28,80.0,80
10425,17,11,28,81.0,81
10426,17,11,28,82.0,82
10427,17,11,28,83.0,83
10428,17,11,28,84.0,84
10429,17,11,28,85.0,85
10430,17,11,28,86.0,86
10431,17,11,28,87.0,87
10432,17,11,28,88.0,88
10433,17,11,28,89.0,89
10434,17,11,28,90.0,90
10435,17,11,28,91.0,91
10436,17,11,28,92.0,92
10437,17,11,28,93.0,93
10438,17,11,28,94.0,94
10439,17,11,28,95.0,95
10440,17,11,28,96.0,96
10441,17,11,28,97.0,97
10442,17,11,28,98.0,98
10443,17,11,28,99.0,99
10444,17,11,28,100.0,100
10445,17,11,28,101.0,101
10446,17,11,28,102.0,102
10447,17,11,28,103.0,103
10448,17,11,28,104.0,104
10449,17,11,28,105.0,105
10450,17,11,28,106.0,106
10451,17,11,28,107.0,107
10452,17,11,28,108.0,108
10453,17,11,28,109.0,109
10454,17,11,28,110.0,110
10455,17,11,28,111.0,111
10456,17,11,28,112.0,112
10457,17,11,28,113.0,113
10458,17,11,28,114.0,114
10459,17,11,28,115.0,115
10460,17,11,28,116.0,116
10461,17,11,28,117.0,117
10462,17,11,28,118.0,118
10463,17,11,28,119.0,119
10464,17,11,28,120.0,120
10465,17,11,28,121.0,121
10466,17,11,28,122.0,122
10467,17,11,28,123.0,123
10468,17,11,28,124.0,124
10469,17,11,28,125.0,125
10470,17,11,28,126.0,126
10471,17,11,28,127.0,127
10472,17,11,28,128.0,128
10473,17,11,28,129.0,129
10474,17,11,28,130.0,130
10475,17,11,28,131.0,131
10476,17,11,28,132.0,132
10477,17,11,28,133.0,133
10478,17,11,28,134.0,134
10479,17,11,28,135.0,135
10480,17,11,28,136.0,136
10481,17,11,28,137.0,137
10482,17,11,28,138.0,138
10483,17,11,28,139.0,139
10484,17,11,28,140.0,140
10485,17,11,28,141.0,141
10486,17,11,28,142.0,142
10487,17,11,28,143.0,143
10488,17,11,28,144.0,144
10489,17,11,28,145.0,145
10490,17,11,28,146.0,146
10491,17,11,28,147.0,147
10492,17,11,28,148.0,148
10493,17,11,28,149.0,149
10494,17,11,28,150.0,150
10495,17,11,28,151.0,151
10496,17,11,28,152.0,152
10497,17,11,28,153.0,153
10498,17,11,28,154.0,154
10499,17,11,28,155.0,155
10500,18,11,29,156.0,156
10501,18,11,29,156.0,156
10502,18,11,29,156.0,156
10503,18,11,29,156.0,156
10504,18,11,29,156.0,156
10505,18,11,29,156.0,156
10506,18,11,29,156.0,156
10507,18,11,29,156.0,156
10508,18,11,29,156.0,156
10509,18,11,29,156.0,156
10510,18,11,29,156.0,156
10511,18,11,29,156.0,156
10512,18,11,29,156.0,156
10513,18,11,29,156.0,156
10514,18,11,29,156.0,156
10515,18,11,29,156.0,156
10516,18,11,29,156.0,156
10517,18,11,29,156.0,156
10518,18,11,29,156.0,156
10519,18,11,29,156.0,156
10520,18,11,29,156.0,156
10521,18,11,29,156.0,156
10522,18,11,29,156.0,156
10523,18,11,29,156.0,156
10524,18,11,29,156.0,156
10525,18,11,29,156.0,156
10526,18,11,29,156.0,156
10527,18,11,29,156.0,156
10528,18,11,29,156.0,156
10529,18,11,29,156.0,156
10530,18,11,29,156.0,156
10531,18,11,29,156.0,156
10532,18,11,29,156.0,156
10533,18,11,29,156.0,156
10534,18,11,29,156.0,156
10535,18,11,29,156.0,156
10536,18,11,29,156.0,156
10537,18,11,29,156.0,156
10538,18,11,29,156.0,156
10539,18,11,29,156.0,156
10540,18,11,29,156.0,156
10541,18,11,29,156.0,156
10542,18,11,29,156.0,156
10543,18,11,29,156.0,156
10544,18,11,29,156.0,156
10545,18,11,29,156.0,156
10546,18,11,29,156.0,156
10547,18,11,29,156.0,156
10548,18,11,29,156.0,156
10549,18,11,29,156.0,156
10550,18,11,29,156.0,156
10551,18,11,29,156.0,156
10552,18,11,29,156.0,156
10553,18,11,29,156.0,156
10554,18,11,29,156.0,156
10555,18,11,29,156.0,156
10556,18,11,29,156.0,156
10557,18,11,29,156.0,156
10558,18,11,29,156.0,156
10559,18,11,29,156.0,156
10560,18,11,29,156.0,156
10561,18,11,29,156.0,156
10562,18,11,29,156.0,156
10563,18,11,29,156.0,156
10564,18,11,29,156.0,156
10565,18,11,29,156.0,156
10566,18,11,29,156.0,156
10567,18,11,29,156.0,156
10568,18,11,29,156.0,156
10569,18,11,29,156.0,156
10570,18,11,29,156.0,156
10571,18,11,29,156.0,156
10572,18,11,29,156.0,156
10573,18,11,29,156.0,156
10574,18,11,29,156.0,156
10575,18,11,29,156.0,156
10576,18,11,29,156.0,156
10577,18,11,29,156.0,156
10578,18,11,29,156.0,156
10579,18,11,29,156.0,156
10580,18,11,29,156.0,156
10581,18,11,29,156.0,156
10582,18,11,29,156.0,156
10583,18,11,29,156.0,156
10584,18,11,29,156.0,156
10585,18,11,29,156.0,156
10586,18,11,29,156.0,156
10587,18,11,29,156.0,156
10588,18,11,29,156.0,156
10589,18,11,29,156.0,156
10590,18,11,29,156.0,156
10591,18,11,29,156.0,156
10592,18,11,29,156.0,156
10593,18,11,29,156.0,156
10594,18,11,29,156.0,156
10595,18,11,29,156.0,156
10596,18,11,29,156.0,156
10597,18,11,29,156.0,156
10598,18,11,29,156.0,156
10599,18,11,29,156.0,156
10600,18,11,29,156.0,156
10601,18,11,29,156.0,156
10602,18,11,29,156.0,156
10603,18,11,29,156.0,156
10604,18,11,29,156.0,156
10605,18,11,29,156.0,156
10606,18,11,29,156.0,156
10607,18,11,29,156.0,156
10608,18,11,29,156.0,156
10609,18,11,29,156.0,156
10610,18,11,29,156.0,156
10611,18,11,29,156.0,156
10612,18,11,29,156.0,156
10613,18,11,29,156.0,156
10614,18,11,29,156.0,156
10615,18,11,29,156.0,156
10616,18,11,29,156.0,156
10617,18,11,29,156.0,156
10618,18,11,29,156.0,156
10619,18,11,29,156.0,156
10620,18,11,29,156.0,156
10621,18,11,29,156.0,156
10622,18,11,29,156.0,156
10623,18,11,29,156.0,156
10624,18,11,29,156.0,156
10625,18,11,29,156.0,156
10626,18,11,29,156.0,156
10627,18,11,29,156.0,156
10628,18,11,29,156.0,156
10629,18,11,29,156.0,156
10630,18,11,29,156.0,156
10631,18,11,29,156.0,156
10632,18,11,29,156.0,156
10633,18,11,29,156.0,156
10634,18,11,29,156.0,156
10635,18,11,29,156.0,156
10636,18,11,29,156.0,156
10637,18,11,29,156.0,156
10638,18,11,29,156.0,156
10639,18,11,29,0.0,0
10640,18,11,29,0.0,0
10641,18,11,29,0.0,0
10642,18,11,29,0.0,0
10643,18,11,29,0.0,0
10644,18,11,29,0.0,0
10645,18,11,29,0.0,0
10646,18,11,29,0.0,0
10647,18,11,29,0.0,0
10648,18,11,29,0.0,0
10649,18,11,29,0.0,0
10650,18,11,29,0.0,0
10651,18,11,29,0.0,0
10652,18,11,29,0.0,0
10653,18,11,29,0.0,0
10654,18,11,29,0.0,0
10655,18,11,29,0.0,0
10656,18,11,29,0.0,0
10657,18,11,29,0.0,0
10658,18,11,29,0.0,0
10659,18,11,29,0.0,0
10660,18,11,29,0.0,0
10661,18,11,29,0.0,0
10662,18,11,29,0.0,0
10663,18,11,29,0.0,0
10664,18,11,29,0.0,0
10665,18,11,29,0.0,0
10666,18,11,29,0.0,0
10667,18,11,29,0.0,0
10668,18,11,29,0.0,0
10669,18,11,29,0.0,0
10670,18,11,29,0.0,0
10671,18,11,29,0.0,0
10672,18,11,29,0.0,0
10673,18,11,29,0.0,0
10674,18,11,29,0.0,0
10675,18,11,29,0.0,0
10676,18,11,29,0.0,0
10677,18,11,29,0.0,0
10678,18,11,29,0.0,0
10679,18,11,29,0.0,0
10680,18,11,29,0.0,0
10681,18,11,29,0.0,0
10682,18,11,29,0.0,0
10683,18,11,29,0.0,0
10684,18,11,29,0.0,0
10685,18,11,29,0.0,0
10686,18,11,29,0.0,0
10687,18,11,29,0.0,0
10688,18,11,29,0.0,0
10689,18,11,29,0.0,0
10690,18,11,29,0.0,0
10691,18,11,29,0.0,0
10692,18,11,29,0.0,0
10693,18,11,29,0.0,0
10694,18,11,29,0.0,0
10695,18,11,29,0.0,0
10696,18,11,29,0.0,0
10697,18,11,29,0.0,0
10698,18,11,29,0.0,0
10699,18,11,29,0.0,0
10700,18,11,29,0.0,0
10701,18,11,29,0.0,0
10702,18,11,29,0.0,0
10703,18,11,29,0.0,0
10704,18,11,29,0.0,0
10705,18,11,29,0.0,0
10706,18,11,29,0.0,0
10707,18,11,29,0.0,0
10708,18,11,29,0.0,0
10709,18,11,29,0.0,0
10710,18,11,29,0.0,0
10711,18,11,29,0.0,0
10712,18,11,29,0.0,0
10713,18,11,29,0.0,0
10714,18,11,29,0.0,0
10715,18,11,29,0.0,0
10716,18,11,29,0.0,0
10717,18,11,29,0.0,0
10718,18,11,29,0.0,0
10719,18,11,29,0.0,0
10720,18,11,29,0.0,0
10721,18,11,29,0.0,0
10722,18,11,29,0.0,0
10723,18,11,29,0.0,0
10724,18,11,29,0.0,0
10725,18,11,29,0.0,0
10726,18,11,29,0.0,0
10727,18,11,29,0.0,0
10728,18,11,29,0.0,0
10729,18,11,29,0.0,0
10730,18,11,29,0.0,0
10731,18,11,29,0.0,0
10732,18,11,29,0.0,0
10733,18,11,29,0.0,0
10734,18,11,29,0.0,0
10735,18,11,29,0.0,0
10736,18,11,29,0.0,0
10737,18,11,29,0.0,0
10738,18,11,29,0.0,0
10739,18,11,29,0.0,0
10740,18,11,29,0.0,0
10741,18,11,29,0.0,0
10742,18,11,29,0.0,0
10743,18,11,29,0.0,0
10744,18,11,29,0.0,0
10745,18,11,29,0.0,0
10746,18,11,29,0.0,0
10747,18,11,29,0.0,0
10748,18,11,29,0.0,0
10749,18,11,29,0.0,0
10750,18,11,29,0.0,0
10751,18,11,29,0.0,0
10752,18,11,29,0.0,0
10753,18,11,29,0.0,0
10754,18,11,29,0.0,0
10755,18,11,29,0.0,0
10756,18,11,29,0.0,0
10757,18,11,29,0.0,0
10758,18,11,29,0.0,0
10759,18,11,29,0.0,0
10760,18,11,29,0.0,0
10761,18,11,29,0.0,0
10762,18,11,29,0.0,0
10763,18,11,29,0.0,0
10764,18,11,29,0.0,0
10765,18,11,29,0.0,0
10766,18,11,29,0.0,0
10767,18,11,29,0.0,0
10768,18,11,29,0.0,0
10769,18,11,29,0.0,0
10770,18,11,29,0.0,0
10771,18,11,29,0.0,0
10772,18,11,29,0.0,0
10773,18,11,29,0.0,0
10774,18,11,29,0.0,0
10775,18,11,29,0.0,0
10776,18,11,29,0.0,0
10777,18,11,29,0.0,0
10778,18,11,29,0.0,0
10779,18,11,29,0.0,0
10780,18,11,29,0.0,0
10781,18,11,29,0.0,0
10782,18,11,29,0.0,0
10783,18,11,29,0.0,0
10784,18,11,29,0.0,0
10785,18,11,29,0.0,0
10786,18,11,29,0.0,0
10787,18,11,29,0.0,0
10788,18,11,29,0.0,0
10789,18,11,29,0.0,0
10790,18,11,29,0.0,0
10791,18,11,29,0.0,0
10792,18,11,29,0.0,0
10793,18,11,29,0.0,0
10794,18,11,29,0.0,0
10795,18,11,29,0.0,0
10796,18,11,29,0.0,0
10797,18,11,29,0.0,0
10798,18,11,29,0.0,0
10799,18,11,29,0.0,0
10800,18,11,29,0.0,0
10801,18,11,29,0.0,0
10802,18,11,29,0.0,0
10803,18,11,29,0.0,0
10804,18,11,29,0.0,0
10805,18,11,29,0.0,0
10806,18,11,29,0.0,0
10807,18,11,29,0.0,0
10808,18,11,29,0.0,0
10809,18,11,29,0.0,0
10810,18,11,29,0.0,0
10811,18,11,29,0.0,0
10812,18,11,29,0.0,0
10813,18,11,29,0.0,0
10814,18,11,29,0.0,0
10815,18,11,29,0.0,0
10816,18,11,29,0.0,0
10817,18,11,29,0.0,0
10818,18,11,29,0.0,0
10819,18,11,29,0.0,0
10820,18,11,29,0.0,0
10821,18,11,29,0.0,0
10822,18,11,29,0.0,0
10823,18,11,29,0.0,0
10824,18,11,29,0.0,0
10825,18,11,29,0.0,0
10826,18,11,29,0.0,0
10827,18,11,29,0.0,0
10828,18,11,29,0.0,0
10829,18,11,29,0.0,0
10830,18,11,29,0.0,0
10831,18,11,29,0.0,0
10832,18,11,29,0.0,0
10833,18,11,29,0.0,0
10834,18,11,29,0.0,0
10835,18,11,29,0.0,0
10836,18,11,29,0.0,0
10837,18,11,29,0.0,0
10838,18,11,29,0.0,0
10839,18,11,29,0.0,0
10840,18,11,29,0.0,0
10841,18,11,29,0.0,0
10842,18,11,29,0.0,0
10843,18,11,29,0.0,0
10844,18,11,29,0.0,0
10845,18,11,29,0.0,0
10846,18,11,29,0.0,0
10847,18,11,29,0.0,0
10848,18,11,29,0.0,0
10849,18,11,29,0.0,0
10850,18,11,29,0.0,0
10851,18,11,29,0.0,0
10852,18,11,29,0.0,0
10853,18,11,29,0.0,0
10854,18,11,29,0.0,0
10855,18,11,29,0.0,0
10856,18,11,29,0.0,0
10857,18,11,29,0.0,0
10858,18,11,29,0.0,0
10859,18,11,29,0.0,0
10860,18,11,29,0.0,0
10861,18,11,29,0.0,0
10862,18,11,29,0.0,0
10863,18,11,29,0.0,0
10864,18,11,29,0.0,0
10865,18,11,29,0.0,0
10866,18,11,29,0.0,0
10867,18,11,29,0.0,0
10868,18,11,29,0.0,0
10869,18,11,29,0.0,0
10870,18,11,29,0.0,0
10871,18,11,29,0.0,0
10872,18,11,29,0.0,0
10873,18,11,29,0.0,0
10874,18,11,29,0.0,0
10875,18,11,29,0.0,0
10876,18,11,29,0.0,0
10877,18,11,29,0.0,0
10878,18,11,29,0.0,0
10879,18,11,29,0.0,0
10880,18,11,29,0.0,0
10881,18,11,29,0.0,0
10882,18,11,29,0.0,0
10883,18,11,29,0.0,0
10884,18,11,29,0.0,0
10885,18,11,29,0.0,0
10886,18,11,29,0.0,0
10887,18,11,29,0.0,0
10888,18,11,29,0.0,0
10889,18,11,29,0.0,0
10890,18,11,29,0.0,0
10891,18,11,29,0.0,0
10892,18,11,29,0.0,0
10893,18,11,29,0.0,0
10894,18,11,29,0.0,0
10895,18,11,29,0.0,0
10896,18,11,29,0.0,0
10897,18,11,29,0.0,0
10898,18,11,29,0.0,0
10899,18,11,29,0.0,0
10900,18,11,29,0.0,0
10901,18,11,29,0.0,0
10902,18,11,29,0.0,0
10903,18,11,29,0.0,0
10904,18,11,29,0.0,0
10905,18,11,29,0.0,0
10906,18,11,29,0.0,0
10907,18,11,29,0.0,0
10908,18,11,29,0.0,0
10909,18,11,29,0.0,0
10910,18,11,29,0.0,0
10911,18,11,29,0.0,0
10912,18,11,29,0.0,0
10913,18,11,29,0.0,0
10914,18,11,29,0.0,0
10915,18,11,29,0.0,0
10916,18,11,29,0.0,0
10917,18,11,29,0.0,0
10918,18,11,29,0.0,0
10919,18,11,29,0.0,0
10920,18,11,29,0.0,0
10921,18,11,29,0.0,0
10922,18,11,29,0.0,0
10923,18,11,29,0.0,0
10924,18,11,29,0.0,0
10925,18,11,29,0.0,0
10926,18,11,29,0.0,0
10927,18,11,29,0.0,0
10928,18,11,29,0.0,0
10929,18,11,29,0.0,0
10930,18,11,29,0.0,0
10931,18,11,29,0.0,0
10932,18,11,29,0.0,0
10933,18,11,29,0.0,0
10934,18,11,29,0.0,0
10935,18,11,29,0.0,0
10936,18,11,29,0.0,0
10937,18,11,29,0.0,0
10938,18,11,29,0.0,0
10939,18,11,29,0.0,0
10940,18,11,29,0.0,0
10941,18,11,29,0.0,0
10942,18,11,29,0.0,0
10943,18,11,29,0.0,0
10944,18,11,29,0.0,0
10945,18,11,29,0.0,0
10946,18,11,29,0.0,0
10947,18,11,29,0.0,0
10948,18,11,29,0.0,0
10949,18,11,29,0.0,0
10950,18,11,29,0.0,0
10951,18,11,29,0.0,0
10952,18,11,29,0.0,0
10953,18,11,29,0.0,0
10954,18,11,29,0.0,0
10955,18,11,29,0.0,0
10956,18,11,29,0.0,0
10957,18,11,29,0.0,0
10958,18,11,29,0.0,0
10959,18,11,29,0.0,0
10960,18,11,29,0.0,0
10961,18,11,29,0.0,0
10962,18,11,29,0.0,0
10963,18,11,29,0.0,0
10964,18,11,29,0.0,0
10965,18,11,29,0.0,0
10966,18,11,29,0.0,0
10967,18,11,29,0.0,0
10968,18,11,29,0.0,0
10969,18,11,29,0.0,0
10970,18,11,29,0.0,0
10971,18,11,29,0.0,0
10972,18,11,29,0.0,0
10973,18,11,29,0.0,0
10974,18,11,29,0.0,0
10975,18,11,29,0.0,0
10976,18,11,29,0.0,0
10977,18,11,29,0.0,0
10978,18,11,29,0.0,0
10979,18,11,29,0.0,0
10980,18,11,29,0.0,0
10981,18,11,29,0.0,0
10982,18,11,29,0.0,0
10983,18,11,29,0.0,0
10984,18,11,29,0.0,0
10985,18,11,29,0.0,0
10986,18,11,29,0.0,0
10987,18,11,29,0.0,0
10988,18,11,29,0.0,0
10989,18,11,29,0.0,0
10990,18,11,29,0.0,0
10991,18,11,29,0.0,0
10992,18,11,29,0.0,0
10993,18,11,29,0.0,0
10994,18,11,29,0.0,0
10995,18,11,29,0.0,0
10996,18,11,29,0.0,0
10997,18,11,29,0.0,0
10998,18,11,29,0.0,0
10999,18,11,29,0.0,0
11000,18,11,29,0.0,0
11001,18,11,29,0.0,0
11002,18,11,29,0.0,0
11003,18,11,29,0.0,0
11004,18,11,29,0.0,0
11005,18,11,29,0.0,0
11006,18,11,29,0.0,0
11007,18,11,29,0.0,0
11008,18,11,29,0.0,0
11009,18,11,29,0.0,0
11010,18,11,29,0.0,0
11011,18,11,29,0.0,0
11012,18,11,29,0.0,0
11013,18,11,29,0.0,0
11014,18,11,29,0.0,0
11015,18,11,29,0.0,0
11016,18,11,29,0.0,0
11017,18,11,29,0.0,0
11018,18,11,29,0.0,0
11019,18,11,29,0.0,0
11020,18,11,29,0.0,0
11021,18,11,29,0.0,0
11022,18,11,29,0.0,0
11023,18,11,29,0.0,0
11024,18,11,29,0.0,0
11025,18,11,29,0.0,0
11026,18,11,29,0.0,0
11027,18,11,29,0.0,0
11028,18,11,29,0.0,0
11029,18,11,29,0.0,0
11030,18,11,29,0.0,0
11031,18,11,29,0.0,0
11032,18,11,29,0.0,0
11033,18,11,29,0.0,0
11034,18,11,29,0.0,0
11035,18,11,29,0.0,0
11036,18,11,29,0.0,0
11037,18,11,29,0.0,0
11038,18,11,29,0.0,0
11039,18,11,29,0.0,0
11040,18,11,29,0.0,0
11041,18,11,29,0.0,0
11042,18,11,29,0.0,0
11043,18,11,29,0.0,0
11044,18,11,29,0.0,0
11045,18,11,29,0.0,0
11046,18,11,29,0.0,0
11047,18,11,29,0.0,0
11048,18,11,29,0.0,0
11049,18,11,29,0.0,0
11050,18,11,29,0.0,0
11051,18,11,29,0.0,0
11052,18,11,29,0.0,0
11053,18,11,29,0.0,0
11054,18,11,29,0.0,0
11055,18,11,29,0.0,0
11056,18,11,29,0.0,0
11057,18,11,29,0.0,0
11058,18,11,29,0.0,0
11059,18,11,29,0.0,0
11060,18,11,29,0.0,0
11061,18,11,29,0.0,0
11062,18,11,29,0.0,0
11063,18,11,29,0.0,0
11064,18,11,29,0.0,0
11065,18,11,29,0.0,0
11066,18,11,29,0.0,0
11067,18,11,29,0.0,0
11068,18,11,29,0.0,0
11069,18,11,29,0.0,0
11070,18,11,29,0.0,0
11071,18,11,29,0.0,0
11072,18,11,29,0.0,0
11073,18,11,29,0.0,0
11074,18,11,29,0.0,0
11075,18,11,29,0.0,0
11076,18,11,29,0.0,0
11077,18,11,29,0.0,0
11078,18,11,29,0.0,0
11079,18,11,29,0.0,0
11080,18,11,29,0.0,0
11081,18,11,29,0.0,0
11082,18,11,29,0.0,0
11083,18,11,29,0.0,0
11084,18,11,29,0.0,0
11085,18,11,29,0.0,0
11086,18,11,29,0.0,0
11087,18,11,29,0.0,0
11088,18,11,29,0.0,0
11089,18,11,29,0.0,0
11090,18,11,29,0.0,0
11091,18,11,29,1.0,1
11092,18,11,29,2.0,2
11093,18,11,29,3.0,3
11094,18,11,29,4.0,4
11095,18,11,29,5.0,5
11096,18,11,29,6.0,6
11097,18,11,29,7.0,7
11098,18,11,29,8.0,8
11099,18,11,29,9.0,9
11100,18,11,29,10.0,10
11101,18,11,29,11.0,11
11102,18,11,29,12.0,12
11103,18,11,29,13.0,13
11104,18,11,29,14.0,14
11105,18,11,29,15.0,15
11106,18,11,29,16.0,16
11107,18,11,29,17.0,17
11108,18,11,29,18.0,18
11109,18,11,29,19.0,19
11110,18,11,29,20.0,20
11111,18,11,29,21.0,21
11112,18,11,29,22.0,22
11113,18,11,29,23.0,23
11114,18,11,29,24.0,24
11115,18,11,29,25.0,25
11116,18,11,29,26.0,26
11117,18,11,29,27.0,27
11118,18,11,29,28.0,28
11119,18,11,29,29.0,29
11120,18,11,29,30.0,30
11121,18,11,29,31.0,31
11122,18,11,29,32.0,32
11123,18,11,29,33.0,33
11124,18,11,29,34.0,34
11125,18,11,29,35.0,35
11126,18,11,29,36.0,36
11127,18,11,29,37.0,37
11128,18,11,29,38.0,38
11129,18,11,29,39.0,39
11130,18,11,29,40.0,40
11131,18,11,29,41.0,41
11132,18,11,29,42.0,42
11133,18,11,29,43.0,43
11134,18,11,29,44.0,44
11135,18,11,29,45.0,45
11136,18,11,29,46.0,46
11137,18,11,29,47.0,47
11138,18,11,29,48.0,48
11139,18,11,29,49.0,49
11140,18,11,29,50.0,50
11141,18,11,29,51.0,51
11142,18,11,29,52.0,52
11143,18,11,29,53.0,53
11144,18,11,29,54.0,54
11145,18,11,29,55.0,55
11146,18,11,29,56.0,56
11147,18,11,29,57.0,57
11148,18,11,29,58.0,58
11149,18,11,29,59.0,59
11150,18,11,29,60.0,60
11151,18,11,29,61.0,61
11152,18,11,29,62.0,62
11153,18,11,29,63.0,63
11154,18,11,29,64.0,64
11155,18,11,29,65.0,65
11156,18,11,29,66.0,66
11157,18,11,29,67.0,67
11158,18,11,29,68.0,68
11159,18,11,29,69.0,69
11160,18,11,29,70.0,70
11161,18,11,29,71.0,71
11162,18,11,29,72.0,72
11163,18,11,29,73.0,73
11164,18,11,29,74.0,74
11165,18,11,29,75.0,75
11166,18,11,29,76.0,76
11167,18,11,29,77.0,77
11168,18,11,29,78.0,78
11169,18,11,29,79.0,79
11170,18,11,29,80.0,80
11171,18,11,29,81.0,81
11172,18,11,29,82.0,82
11173,18,11,29,83.0,83
11174,18,11,29,84.0,84
11175,18,11,29,85.0,85
11176,18,11,29,86.0,86
11177,18,11,29,87.0,87
11178,18,11,29,88.0,88
11179,18,11,29,89.0,89
11180,18,11,29,90.0,90
11181,18,11,29,91.0,91
11182,18,11,29,92.0,92
11183,18,11,29,93.0,93
11184,18,11,29,94.0,94
11185,18,11,29,95.0,95
11186,18,11,29,96.0,96
11187,18,11,29,97.0,97
11188,18,11,29,98.0,98
11189,18,11,29,99.0,99
11190,18,11,29,100.0,100
11191,18,11,29,101.0,101
11192,18,11,29,102.0,102
11193,18,11,29,103.0,103
11194,18,11,29,104.0,104
11195,18,11,29,105.0,105
11196,18,11,29,106.0,106
11197,18,11,29,107.0,107
11198,18,11,29,108.0,108
11199,18,11,29,109.0,109
11200,18,11,29,110.0,110
11201,18,11,29,111.0,111
11202,18,11,29,112.0,112
11203,18,11,29,113.0,113
11204,18,11,29,114.0,114
11205,18,11,29,115.0,115
11206,18,11,29,116.0,116
11207,18,11,29,117.0,117
11208,18,11,29,118.0,118
11209,18,11,29,119.0,119
11210,18,11,29,120.0,120
11211,18,11,29,121.0,121
11212,18,11,29,122.0,122
11213,18,11,29,123.0,123
11214,18,11,29,124.0,124
11215,18,11,29,125.0,125
11216,18,11,29,126.0,126
11217,18,11,29,127.0,127
11218,18,11,29,128.0,128
11219,18,11,29,129.0,129
11220,18,11,29,130.0,130
11221,18,11,29,131.0,131
11222,18,11,29,132.0,132
11223,18,11,29,133.0,133
11224,18,11,29,134.0,134
11225,18,11,29,135.0,135
11226,18,11,29,136.0,136
11227,18,11,29,136.0,136
11228,18,11,29,136.0,136
11229,18,11,29,136.0,136
11230,18,11,29,136.0,136
11231,18,11,29,136.0,136
11232,18,11,29,136.0,136
11233,18,11,29,136.0,136
11234,18,11,29,136.0,136
11235,18,11,29,136.0,136
11236,18,11,29,136.0,136
11237,18,11,29,136.0,136
11238,18,11,29,136.0,136
11239,18,11,29,136.0,136
11240,18,11,29,136.0,136
11241,18,11,29,136.0,136
11242,18,11,29,136.0,136
11243,18,11,29,136.0,136
11244,18,11,29,136.0,136
11245,18,11,29,136.0,136
11246,18,11,29,136.0,136
11247,18,11,29,136.0,136
11248,18,11,29,136.0,136
11249,18,11,29,136.0,136
11250,18,11,29,136.0,136
11251,18,11,29,136.0,136
11252,18,11,29,136.0,136
11253,18,11,29,136.0,136
11254,18,11,29,136.0,136
11255,18,11,29,136.0,136
11256,18,11,29,136.0,136
11257,18,11,29,136.0,136
11258,18,11,29,136.0,136
11259,18,11,29,136.0,136
11260,18,11,29,136.0,136
11261,18,11,29,136.0,136
11262,18,11,29,136.0,136
11263,18,11,29,136.0,136
11264,18,11,29,136.0,136
11265,18,11,29,136.0,136
11266,18,11,29,136.0,136
11267,18,11,29,136.0,136
11268,18,11,29,136.0,136
11269,18,11,29,136.0,136
11270,18,11,29,136.0,136
11271,18,11,29,136.0,136
11272,18,11,29,136.0,136
11273,18,11,29,136.0,136
11274,18,11,29,136.0,136
11275,18,11,29,136.0,136
11276,18,11,29,136.0,136
11277,18,11,29,136.0,136
11278,18,11,29,136.0,136
11279,18,11,29,136.0,136
11280,18,11,29,136.0,136
11281,18,11,29,136.0,136
11282,18,11,29,136.0,136
11283,18,11,29,136.0,136
11284,18,11,29,136.0,136
11285,18,11,29,136.0,136
11286,18,11,29,136.0,136
11287,18,11,29,0.0,0
11288,18,11,29,0.0,0
11289,18,11,29,0.0,0
11290,18,11,29,0.0,0
11291,18,11,29,0.0,0
11292,18,11,29,0.0,0
11293,18,11,29,0.0,0
11294,18,11,29,0.0,0
11295,18,11,29,0.0,0
11296,18,11,29,0.0,0
11297,18,11,29,0.0,0
11298,18,11,29,0.0,0
11299,18,11,29,0.0,0
11300,18,11,29,0.0,0
11301,18,11,29,0.0,0
11302,18,11,29,0.0,0
11303,18,11,29,0.0,0
11304,18,11,29,0.0,0
11305,18,11,29,0.0,0
11306,18,11,29,0.0,0
11307,18,11,29,0.0,0
11308,18,11,29,0.0,0
11309,18,11,29,0.0,0
11310,18,11,29,0.0,0
11311,18,11,29,0.0,0
11312,18,11,29,0.0,0
11313,18,11,29,0.0,0
11314,18,11,29,0.0,0
11315,18,11,29,0.0,0
11316,18,11,29,0.0,0
11317,18,11,29,0.0,0
11318,18,11,29,0.0,0
11319,18,11,29,0.0,0
11320,18,11,29,0.0,0
11321,18,11,29,0.0,0
11322,18,11,29,0.0,0
11323,18,11,29,0.0,0
11324,18,11,29,0.0,0
11325,18,11,29,0.0,0
11326,18,11,29,0.0,0
11327,18,11,29,0.0,0
11328,18,11,29,0.0,0
11329,18,11,29,0.0,0
11330,18,11,29,0.0,0
11331,18,11,29,0.0,0
11332,18,11,29,0.0,0
11333,18,11,29,0.0,0
11334,18,11,29,0.0,0
11335,18,11,29,0.0,0
11336,18,11,29,0.0,0
11337,18,11,29,0.0,0
11338,18,11,29,0.0,0
11339,18,11,29,0.0,0
11340,18,11,29,0.0,0
11341,18,11,29,0.0,0
11342,18,11,29,0.0,0
11343,18,11,29,0.0,0
11344,18,11,29,0.0,0
11345,18,11,29,0.0,0
11346,18,11,29,0.0,0
11347,18,11,29,0.0,0
11348,18,11,29,0.0,0
11349,18,11,29,0.0,0
